"given_name","powo_taxa","powo_author","powo_dist","Bhardwaj2017","Champion1968","eFI2022","FOI2022","Kumar2013"
"Gypsophila cerastioides","Acanthophyllum cerastioides","(D.Don) Madhani & Zarre","Native",1,0,0,0,0
"Acer caesium","Acer caesium","Wall. ex Brandis","Native",0,1,0,0,0
"Achillea alpina","Achillea alpina","L.",NA,0,0,1,0,0
"Achyranthes aspera","Achyranthes aspera","L.","Native",1,0,0,0,0
"Achyranthes bidentata","Achyranthes bidentata","Blume","Native",1,0,0,0,1
"Adenocaulon bicolor","Adenocaulon himalaicum","Edgew.","Native",1,0,0,0,1
"Adiantum capillus-veneris","Adiantum capillus-veneris","L.","Native",1,0,0,0,0
"Adiantum edgeworthii","Adiantum edgeworthii","Hook.","Native",1,0,0,0,0
"Aegle marmelos","Aegle marmelos","(L.) Corrêa","Native",1,0,0,0,0
"Aesculus indica","Aesculus indica","(Wall. ex Cambess.) Hook.","Native",0,1,0,0,0
"Agave wightii","Agave angustifolia","Haw.","Introduced",1,0,0,0,0
"Eupatorium adenophorum","Ageratina adenophora","(Spreng.) R.M.King & H.Rob.","Introduced",1,0,0,0,0
"Ageratum conyzoides","Ageratum conyzoides","L.","Introduced",1,0,0,0,0
"Agrimonia pilosa","Agrimonia pilosa","Ledeb.","Native",1,1,0,0,0
"Agrostis alba","Agrostis gigantea","Roth","Native",0,1,0,0,0
"Ainsliaea aptera","Ainsliaea aptera","DC.","Native",1,0,0,0,1
"Ajania fruticulosa","Ajania fruticulosa","(Ledeb.) Poljakov","Native",0,0,0,0,1
"Ajuga integrifolia","Ajuga integrifolia","Buch.-Ham. ex D.Don","Native",1,0,0,0,0
"Albizia chinensis","Albizia chinensis","(Osbeck) Merr.","Native",0,1,1,0,0
"Albizia lebbeck","Albizia lebbeck","(L.) Benth.","Native",1,0,0,0,0
"Amaranthus caudatus","Amaranthus caudatus","L.","Introduced",0,0,1,0,0
"Ampelocissus latifolia","Ampelocissus latifolia","(Roxb.) Planch.","Native",1,0,0,0,0
"Anaphalis araneosa","Anaphalis busua","(Buch.-Ham.) DC.","Native",0,1,0,0,0
"Anaphalis busua","Anaphalis busua","(Buch.-Ham.) DC.","Native",1,0,0,0,1
"Anaphalis triplinervis","Anaphalis triplinervis","(Sims) C.B.Clarke","Native",1,0,0,0,0
"Androsace sarmentosa","Androsace sarmentosa","Wall.","Native",1,0,0,0,0
"Apluda mutica","Apluda mutica","L.","Native",1,0,0,0,1
"Argemone mexicana","Argemone mexicana","L.","Introduced",1,0,0,0,1
"Arisaema intermedium","Arisaema intermedium","Blume","Native",1,0,0,0,0
"Arisaema jacquemontii","Arisaema jacquemontii","Blume","Native",1,0,0,0,0
"Arisaema tortuosum","Arisaema tortuosum","(Wall.) Schott","Native",1,0,0,0,1
"Artemisia roxburghiana","Artemisia roxburghiana","Besser","Native",0,0,0,0,1
"Artemisia vestita","Artemisia vestita","Wall. ex Besser","Native",1,0,0,0,0
"Artemisia vulgaris","Artemisia vulgaris","L.","Native",0,1,0,0,0
"Arundinella bengalensis","Arundinella bengalensis","(Spreng.) Druce","Native",0,1,0,0,0
"Arundinella intricata","Arundinella intricata","Hughes","Native",0,1,0,0,0
"Asclepias curassavica","Asclepias curassavica","L.","Introduced",1,0,0,0,1
"Asparagus racemosus","Asparagus racemosus","Willd.","Native",1,0,0,0,0
"Asplenium adiantum-nigrum","Asplenium adiantum-nigrum","L.","Native",1,0,0,0,0
"Asplenium anogrammoides","Asplenium anogrammoides","Christ",NA,1,0,0,0,0
"Asplenium ensiforme","Asplenium ensiforme","Wall. ex Hook. & Grev.","Native",1,0,0,0,0
"Asplenium trichomanes","Asplenium trichomanes","L.","Native",1,0,0,0,0
"Avena fatua","Avena fatua","L.","Native",1,0,0,0,1
"Barleria cristata","Barleria cristata","L.","Native",1,0,0,0,0
"Bauhinia variegata","Bauhinia variegata","L.","Doubtful",1,0,0,0,0
"Begonia picta","Begonia picta","Sm.","Native",1,0,0,0,0
"Berberis aristata","Berberis aristata","DC.","Native",0,1,0,0,1
"Berberis chitria","Berberis chitria","Buch.-Ham. ex Lindl.","Native",1,0,0,0,0
"Berberis lycium","Berberis lycium","Royle","Native",1,1,0,0,1
"Bergenia ciliata","Bergenia ciliata","(Haw.) Sternb.","Native",1,0,0,0,0
"Murraya koenigii","Bergera koenigii","L.","Native",1,1,0,0,0
"Betula alnoides","Betula alnoides","Buch.-Ham. ex D.Don","Native",0,1,0,0,0
"Caesalpinia decapetala","Biancaea decapetala","(Roth) O.Deg.","Native",1,0,0,0,0
"Bidens bipinnata","Bidens bipinnata","L.","Introduced",1,0,0,0,0
"Bidens pilosa","Bidens pilosa","L.","Introduced",1,0,0,0,1
"Bistorta amplexicaulis","Bistorta amplexicaulis","(D.Don) Greene","Native",0,0,0,0,1
"Polygonum amplexicaule","Bistorta amplexicaulis","(D.Don) Greene","Native",1,0,0,0,0
"Boehmeria platyphylla","Boehmeria virgata","(G.Forst.) Guill.","Native",1,0,0,0,0
"Boenninghausenia albiflora","Boenninghausenia albiflora","(Hook.) Rchb. ex Meisn.","Native",1,1,0,0,1
"Bombax ceiba","Bombax ceiba","L.",NA,1,0,0,0,0
"Bothriochloa pertusa","Bothriochloa pertusa","(L.) A.Camus","Native",0,1,0,0,0
"Botrychium ternatum","Botrychium ternatum","(Thunb.) Sw.","Native",1,0,0,0,0
"Brachycorythis obcordata","Brachycorythis obcordata","(Lindl. ex Wall.) Summerh.","Native",1,0,0,0,0
"Buddleja asiatica","Buddleja asiatica","Lour.","Native",1,0,0,0,0
"Buddleja crispa","Buddleja crispa","Benth.","Native",1,0,0,0,0
"Bupleurum gracillimum","Bupleurum gracillimum","Klotzsch","Native",1,0,0,0,0
"Butea monosperma","Butea monosperma","(Lam.) Kuntze","Native",1,0,0,0,0
"Calotropis gigantea","Calotropis gigantea","(L.) W.T.Aiton",NA,1,0,0,0,0
"Campanula benthamii","Campanula dimorphantha","Schweinf.","Native",1,0,0,0,0
"Lespedeza sericea","Campylotropis macrostyla","(D.Don) Lindl. ex Miq.","Native",0,1,0,0,0
"Cannabis sativa","Cannabis sativa","L.","Introduced",1,0,0,0,0
"Capillipedium assimile","Capillipedium assimile","(Steud.) A.Camus","Native",0,1,0,0,0
"Capillipedium parviflorum","Capillipedium parviflorum","(R.Br.) Stapf","Native",0,1,0,0,0
"Capparis leucophylla","Capparis spinosa","L.","Native",1,0,0,0,0
"Capsella bursa-pastoris","Capsella bursa-pastoris","(L.) Medik.","Native",1,0,0,0,0
"Carduus edelbergii","Carduus edelbergii","Rech.f.","Native",1,0,0,0,0
"Carex nubigena","Carex nubigena","D.Don","Native",1,0,0,0,1
"Carissa opaca","Carissa spinarum","L.","Native",1,1,0,0,0
"Carpesium abrotanoides","Carpesium abrotanoides","L.","Native",1,0,0,0,0
"Carpesium cernuum","Carpesium cernuum","L.","Native",1,0,0,0,1
"Carpinus viminea","Carpinus viminea","Lindl. ex Wall.","Native",0,1,0,0,0
"Cassia fistula","Cassia fistula","L.","Native",0,1,0,0,0
"Castanopsis tribuloides","Castanopsis tribuloides","(Sm.) A.DC.","Native",0,1,0,0,0
"Catharanthus roseus","Catharanthus roseus","(L.) G.Don",NA,1,0,0,0,0
"Cedrus deodara","Cedrus deodara","(Roxb. ex D.Don) G.Don","Native",1,1,0,0,1
"Celtis australis","Celtis australis","L.",NA,1,0,0,0,0
"Celtis tetrandra","Celtis tetrandra","Roxb.","Native",0,1,0,0,0
"Pennisetum glaucum","Cenchrus americanus","(L.) Morrone","Introduced",1,0,0,0,1
"Cenchrus ciliaris","Cenchrus ciliaris","L.","Introduced",1,0,0,0,1
"Cassia mimosoides","Chamaecrista mimosoides","(L.) Greene","Native",1,0,0,0,0
"Chamaecrista mimosoides","Chamaecrista mimosoides","(L.) Greene","Native",0,0,0,0,1
"Chenopodium album","Chenopodium album","L.","Native",1,0,0,0,0
"Chromolaena odorata","Chromolaena odorata","(L.) R.M.King & H.Rob.","Introduced",1,0,0,0,0
"Jasminum humile","Chrysojasminum humile","(L.) Banfi","Native",1,0,0,0,0
"Chrysopogon fulvus","Chrysopogon fulvus","(Spreng.) Chiov.","Native",1,1,0,0,1
"Cirsium argyracanthum","Cirsium argyracanthum","DC.","Native",0,0,0,0,1
"Cirsium wallichii","Cirsium wallichii","DC.","Native",1,0,0,0,0
"Cissampelos pareira","Cissampelos pareira","L.","Native",1,0,0,0,0
"Clematis buchananiana","Clematis buchananiana","DC.","Native",1,0,0,0,0
"Clematis grata","Clematis grata","Wall.","Native",1,0,0,0,0
"Clematis montana","Clematis montana","Buch.-Ham. ex DC.","Native",0,1,0,0,0
"Colebrookea oppositifolia","Colebrookea oppositifolia","Sm.","Native",1,1,0,0,0
"Commelina benghalensis","Commelina benghalensis","L.","Native",1,0,0,0,0
"Commelina obliqua","Commelina paludosa","Blume","Native",0,0,0,0,1
"Coniogramme affinis","Coniogramme affinis","Hieron.","Native",1,0,0,0,0
"Aster thomsonii","Cordiofontis flexuosa","(Royle ex Lindl.) G.L.Nesom","Native",1,0,0,0,0
"Coriaria nepalensis","Coriaria nepalensis","Wall.","Native",1,1,0,0,1
"Benthamidia capitata","Cornus capitata","Wall.","Native",0,1,0,0,0
"Cornus capitata","Cornus capitata","Wall.","Native",1,0,0,0,0
"Cotinus coggygria","Cotinus coggygria","Scop.","Native",1,0,0,0,0
"Cotoneaster bacillaris","Cotoneaster affinis","Lindl.","Native",1,0,0,0,0
"Cotoneaster microphyllus","Cotoneaster microphyllus","Wall. ex Lindl.","Native",1,0,0,0,0
"Craniotome furcata","Craniotome furcata","(Link) Kuntze","Native",1,0,0,0,0
"Crepidium acuminatum","Crepidium acuminatum","(D.Don) Szlach.","Native",1,0,0,0,0
"Crotalaria cytisoides","Crotalaria cytisoides","Roxb. ex DC.","Native",0,0,1,0,0
"Cuscuta pentagona","Cuscuta campestris","Yunck.","Introduced",1,0,0,0,0
"Cuscuta reflexa","Cuscuta reflexa","Roxb.","Native",1,0,0,0,0
"Cyanotis vaga","Cyanotis vaga","(Lour.) Schult. & Schult.f.","Native",1,0,0,0,0
"Cyathula tomentosa","Cyathula tomentosa","(Schult.) Moq.","Native",1,0,0,0,0
"Cymbalaria muralis","Cymbalaria muralis","G.Gaertn., B.Mey. & Scherb.","Introduced",1,0,0,0,0
"Cynoglossum wallichii","Cynoglossum wallichii","G.Don","Native",1,0,0,0,0
"Cyperus niveus","Cyperus niveus","Retz.","Native",1,0,0,0,1
"Cyperus rotundus","Cyperus rotundus","L.","Native",1,0,0,0,1
"Dalbergia sissoo","Dalbergia sissoo","Roxb. ex DC.","Native",1,0,0,0,0
"Daphne papyracea","Daphne papyracea","Wall. ex G.Don","Native",1,1,0,0,1
"Dasiphora fruticosa","Dasiphora fruticosa","(L.) Rydb.","Native",0,0,0,0,1
"Datura stramonium","Datura stramonium","L.","Introduced",1,0,0,0,0
"Debregeasia saeneb","Debregeasia saeneb","(Forssk.) Hepper & J.R.I.Wood","Native",1,0,0,0,0
"Desmodiastrum racemosum","Desmodiastrum racemosum","(Benth.) A.Pramanik & Thoth.",NA,1,0,0,0,0
"Desmodium hookerianum","Desmodium hookerianum","D.Dietr.",NA,1,0,0,0,0
"Deutzia corymbosa","Deutzia corymbosa","R.Br. ex G.Don","Native",0,1,0,0,0
"Deutzia staminea","Deutzia staminea","R.Br. ex Wall.","Native",1,1,0,0,0
"Dichanthium annulatum","Dichanthium annulatum","(Forssk.) Stapf","Native",1,1,0,0,1
"Dicliptera bupleuroides","Dicliptera bupleuroides","Nees","Native",1,0,0,0,1
"Dicliptera chinensis","Dicliptera chinensis","(L.) Juss.",NA,1,0,0,0,0
"Peristrophe bicalyculata","Dicliptera paniculata","(Forssk.) I.Darbysh.","Native",1,0,0,0,0
"Digitalis purpurea","Digitalis purpurea","L.",NA,1,0,0,0,0
"Dioscorea bulbifera","Dioscorea bulbifera","L.","Native",1,0,0,0,0
"Dioscorea kamoonensis","Dioscorea kamoonensis","Kunth","Native",1,0,0,0,0
"Dioscorea cornifolia","Dioscorea pubera","Blume","Native",1,0,0,0,0
"Diplazium esculentum","Diplazium esculentum","(Retz.) Sw.","Native",1,0,0,0,0
"Diplocyclos palmatus","Diplocyclos palmatus","(L.) C.Jeffrey","Native",1,0,0,0,0
"Disporum pullum","Disporum cantoniense","(Lour.) Merr.","Native",1,0,0,0,0
"Dodonaea viscosa","Dodonaea viscosa","Jacq.","Native",0,1,0,0,0
"Arundinaria falcata","Drepanostachyum falcatum","(Nees) Keng f.","Native",1,1,0,0,0
"Drosera peltata","Drosera lunata","Buch.-Ham. ex DC.","Native",1,0,0,0,0
"Dryopteris nigropaleacea","Dryopteris nigropaleacea","(Fraser-Jenk.) Fraser-Jenk.","Native",1,0,0,0,1
"Dryopteris panda","Dryopteris panda","(C.B.Clarke) C.Chr.","Native",1,0,0,0,0
"Inula cappa","Duhaldea cappa","(Buch.-Ham. ex D.Don) Pruski & Anderb.","Native",1,1,0,0,1
"Inula cuspidata","Duhaldea cuspidata","(DC.) Anderb.","Native",1,0,0,0,0
"Dumasia villosa","Dumasia villosa","DC.","Native",1,0,0,0,0
"Echinochloa colonum","Echinochloa colonum","(L.) Link","Native",1,0,0,0,1
"Echinocystis lobata","Echinocystis lobata","(Michx.) Torr. & A.Gray",NA,1,0,0,0,0
"Elaeagnus parvifolia","Elaeagnus umbellata","Thunb.","Native",1,0,0,0,0
"Engelhardtia colebrookiana","Engelhardia spicata","Lechen ex Blume","Native",0,1,0,0,0
"Epilobium laetum","Epilobium amurense","Hausskn.","Native",1,0,0,0,0
"Epipactis helleborine","Epipactis helleborine","(L.) Crantz","Native",1,0,0,0,1
"Epipactis gigantea","Epipactis royleana","Lindl.","Native",1,0,0,0,0
"Plectranthus mollis","Equilabium molle","(Aiton) Mwany. & A.J.Paton","Native",0,0,0,0,1
"Erigeron acer","Erigeron acris","L.","Native",1,0,0,0,0
"Erigeron multicaulis","Erigeron acris","L.","Native",0,1,0,0,0
"Erigeron annuus","Erigeron annuus","(L.) Desf","Introduced",1,0,0,0,1
"Erigeron bellidioides","Erigeron emodi","I.M.Turner","Native",1,0,0,0,0
"Anemone rivularis","Eriocapitella rivularis","(Buch.-Ham. ex DC.) Christenh. & Byng","Native",0,0,0,0,1
"Anemone vitifolia","Eriocapitella vitifolia","(Buch.-Ham. ex DC.) Nakai","Native",1,0,0,0,0
"Eriophorum comosum","Erioscirpus comosus","(Wall.) Palla","Native",1,0,0,0,1
"Conyza stricta","Eschenbachia japonica","(Thunb.) J.Kost.","Native",1,0,0,0,0
"Eulalia hirtifolia","Eulalia hirtifolia","(Hack.) Kuntze","Native",0,1,0,0,0
"Eulalia mollis","Eulalia mollis","(Griseb.) Kuntze","Native",0,1,0,0,0
"Euonymus pendulus","Euonymus lucidus","D.Don","Native",0,1,0,0,0
"Euonymus tingens","Euonymus tingens","Wall.","Native",1,0,0,0,0
"Euphorbia pilosa","Euphorbia cornigera","Boiss.","Native",1,0,0,0,0
"Euphorbia helioscopia","Euphorbia helioscopia","L.","Native",1,0,0,0,0
"Euphorbia prolifera","Euphorbia prolifera","Buch.-Ham. ex D.Don","Native",0,1,0,0,0
"Euphorbia royleana","Euphorbia royleana","Boiss.","Native",1,0,0,0,0
"Eurya acuminata","Eurya acuminata","DC.","Native",0,1,0,0,0
"Fagopyrum acutatum","Fagopyrum cymosum","(Trevir.) Meisn.","Native",1,0,0,0,0
"Ficus auriculata","Ficus auriculata","Lour.","Native",1,0,0,0,0
"Ficus roxburghii","Ficus auriculata","Lour.","Native",0,1,0,0,0
"Ficus carica","Ficus carica","L.","Native",1,0,0,0,0
"Ficus nemoralis","Ficus neriifolia","Sm.","Native",1,0,0,0,0
"Ficus palmata","Ficus palmata","Forssk.","Native",1,0,0,0,0
"Ficus sarmentosa","Ficus sarmentosa","Buch.-Ham. ex Sm.","Native",1,0,0,0,0
"Fimbristylis rigidula","Fimbristylis rigidula","Nees","Native",1,0,0,0,1
"Flacourtia indica","Flacourtia indica","(Burm.f.) Merr.","Native",0,1,0,0,0
"Flemingia fruticulosa","Flemingia fruticulosa","Wall. ex Benth.","Native",1,1,0,0,0
"Flemingia strobilifera","Flemingia strobilifera","(L.) W.T.Aiton","Native",0,0,0,0,1
"Moghania fruticulosa","Flemingia strobilifera","(L.) W.T.Aiton","Native",0,1,0,0,0
"Fragaria nubicola","Fragaria nubicola","(Lindl. ex Hook.f.) Lacaita","Native",1,0,0,0,0
"Fraxinus micrantha","Fraxinus micrantha","Lingelsh.","Native",0,1,0,0,0
"Fumaria parviflora","Fumaria parviflora","Lam.",NA,1,0,0,0,0
"Gagea elegans","Gagea lutea","(L.) Ker Gawl.","Native",1,0,0,0,0
"Galinsoga parviflora","Galinsoga parviflora","Cav.","Introduced",1,0,0,0,0
"Galium acutum","Galium acutum","Edgew.","Native",1,0,0,0,0
"Galium aparine","Galium aparine","L.","Native",1,1,0,0,0
"Galium asperifolium","Galium asperifolium","Wall.","Native",1,1,0,0,0
"Galium elegans","Galium elegans","Wall.","Native",1,0,0,0,0
"Galium triflorum","Galium triflorum","Michx.","Native",0,0,0,0,1
"Geranium himalayense","Geranium himalayense","Klotzsch","Native",1,0,0,0,0
"Geranium nepalense","Geranium nepalense","Sweet","Native",1,0,0,0,0
"Geranium ocellatum","Geranium ocellatum","Jacquem. ex Cambess.","Native",1,0,0,0,0
"Geranium molle","Geranium pusillum","L.","Native",1,0,0,0,0
"Geranium wallichianum","Geranium wallichianum","D.Don ex Sweet","Native",1,0,0,0,0
"Girardinia diversifolia","Girardinia diversifolia","(Link) Friis","Native",1,0,0,0,1
"Glochidion velutinum","Glochidion heyneanum","(Wight & Arn.) Wight","Native",0,1,0,0,0
"Pouzolzia hirta","Gonostegia triandra","(Blume) Miq.","Native",0,1,0,0,0
"Goodyera biflora","Goodyera biflora","(Lindl.) Hook.f.","Native",1,0,0,0,0
"Goodyera repens","Goodyera repens","(L.) R.Br.","Native",1,0,0,0,0
"Grewia optiva","Grewia optiva","J.R.Drumm. ex Burret","Native",1,0,0,0,0
"Pyrus lanata","Griffitharia lanata","(D.Don) Rushforth","Native",0,1,0,0,0
"Desmodium triflorum","Grona triflora","(L.) H.Ohashi & K.Ohashi","Native",1,0,0,0,1
"Habenaria intermedia","Habenaria intermedia","D.Don","Native",1,0,0,0,0
"Habenaria marginata","Habenaria marginata","Colebr.","Native",1,0,0,0,0
"Habenaria pectinata","Habenaria pectinata","D.Don","Native",1,0,0,0,0
"Hedera helix","Hedera helix","L.",NA,0,0,0,0,1
"Hedera nepalensis","Hedera nepalensis","K.Koch","Native",1,1,0,0,0
"Hedychium spicatum","Hedychium spicatum","Sm.","Native",1,0,0,0,0
"Heliotropium indicum","Heliotropium indicum","L.",NA,1,0,0,0,0
"Hemerocallis lilioasphodelus","Hemerocallis lilioasphodelus","L.","Native",0,0,0,1,0
"Cheilanthes albomarginata","Hemionitis albomarginata","(C.B.Clarke) Christenh.","Native",1,0,0,0,0
"Cheilanthes dalhousieae","Hemionitis albomarginata","(C.B.Clarke) Christenh.","Native",1,0,0,0,0
"Chirita bifolia","Henckelia bifolia","(D.Don) A.Dietr.","Native",1,0,0,0,0
"Heracleum candicans","Heracleum candicans","Wall. ex DC.","Native",1,0,0,0,0
"Herminium lanceum","Herminium lanceum","(Thunb. ex Sw.) Vuijk","Native",1,0,0,0,0
"Heteropogon contortus","Heteropogon contortus","(L.) P.Beauv. ex Roem. & Schult.","Native",1,1,0,0,1
"Himalrandia tetrasperma","Himalrandia tetrasperma","(Wall. ex Roxb.) T.Yamaz.","Native",1,0,0,0,1
"Randia tetrasperma","Himalrandia tetrasperma","(Wall. ex Roxb.) T.Yamaz.","Native",1,0,0,0,0
"Tanacetum dolichophyllum","Hippolytia longifolia","(Rech.f.) C.Shih","Native",0,0,1,0,0
"Hypericum androsaemum","Hypericum androsaemum","L.",NA,1,0,0,0,0
"Hypericum dyeri","Hypericum dyeri","Rehder","Native",1,0,0,0,1
"Hypericum oblongifolium","Hypericum oblongifolium","Choisy","Native",1,0,0,0,0
"Ilex dipyrena","Ilex dipyrena","Wall.","Native",1,1,0,0,0
"Impatiens arguta","Impatiens arguta","Hook.f. & Thomson",NA,1,0,0,0,0
"Impatiens balsamina","Impatiens balsamina","L.","Introduced",1,0,0,0,0
"Impatiens devendrae","Impatiens devendrae","Pusalkar","Native",1,0,0,0,0
"Impatiens laxiflora","Impatiens laxiflora","Edgew.","Native",1,0,0,0,0
"Impatiens scabrida","Impatiens scabrida","DC.","Native",1,0,0,0,0
"Impatiens sulcata","Impatiens sulcata","Wall.","Native",1,0,0,0,0
"Indigofera cassioides","Indigofera cassioides","Rottler ex DC.","Native",0,0,0,0,1
"Indigofera pulchella","Indigofera cassioides","Rottler ex DC.","Native",0,1,0,0,0
"Indigofera dosua","Indigofera dosua","Buch.-Ham. ex D.Don","Native",1,1,0,0,0
"Indigofera gerardiana","Indigofera heterantha","Wall. ex Brandis","Native",0,1,0,0,0
"Indigofera heterantha","Indigofera heterantha","Wall. ex Brandis","Native",1,0,0,0,0
"Ipomoea purpurea","Ipomoea purpurea","(L.) Roth","Introduced",1,0,0,0,0
"Iris nepalensis","Iris decora","Wall.","Native",1,0,0,0,0
"Plectranthus striatus","Isodon lophanthoides","(Buch.-Ham. ex D.Don) H.Hara","Native",0,1,0,0,0
"Plectranthus striatus","Isodon lophanthoides","(Buch.-Ham. ex D.Don) H.Hara","Native",0,1,0,0,0
"Isodon rugosus","Isodon rugosus","(Wall. ex Benth.) Codd","Native",1,0,0,0,0
"Isodon wightii","Isodon wightii","(Benth.) H.Hara",NA,0,0,0,0,1
"Jacaranda mimosifolia","Jacaranda mimosifolia","D.Don","Introduced",1,0,0,0,0
"Senecio laetus","Jacobaea analoga","(DC.) Veldkamp","Native",1,0,0,0,0
"Senecio nudicaulis","Jacobaea nudicaulis","(Buch.-Ham. ex D.Don) B.Nord.","Native",0,0,0,0,1
"Jasminum officinale","Jasminum officinale","L.","Native",0,1,0,0,0
"Juglans regia","Juglans regia","L.","Native",1,0,0,0,0
"Justicia adhatoda","Justicia adhatoda","L.","Native",1,0,0,0,0
"Kalanchoe integra","Kalanchoe integra","(Medik.) Kuntze","Native",1,0,0,0,0
"Oldenlandia coccinea","Kohautia coccinea","Royle","Native",1,0,0,0,0
"Lagerstroemia parviflora","Lagerstroemia parviflora","Roxb.","Native",0,1,0,0,0
"Lamium album","Lamium album","L.","Native",1,0,0,0,0
"Lannea coromandelica","Lannea coromandelica","(Houtt.) Merr.","Native",0,1,0,0,0
"Lantana camara","Lantana camara","L.","Introduced",1,0,0,0,0
"Lathraea squamaria","Lathraea squamaria","L.","Native",1,0,0,0,0
"Lathyrus aphaca","Lathyrus aphaca","L.","Native",1,0,0,0,0
"Lecanthus peduncularis","Lecanthus peduncularis","(Royle) Wedd.","Native",1,0,0,0,0
"Lepidium sativum","Lepidium sativum","L.","Native",1,0,0,0,0
"Lepisorus nudus","Lepisorus nudus","(Hook.) Ching","Native",1,0,0,0,0
"Leptodermis lanceolata","Leptodermis lanceolata","Wall.","Native",1,1,0,0,0
"Desmodium microphyllum","Leptodesmia microphylla","(Thunb.) H.Ohashi & K.Ohashi","Native",1,0,0,0,0
"Desmodium parvifolium","Leptodesmia microphylla","(Thunb.) H.Ohashi & K.Ohashi","Native",0,1,0,0,0
"Andrachne cordifolia","Leptopus cordifolius","Decne.","Native",1,0,0,0,0
"Lespedeza juncea","Lespedeza cuneata","(Dum.Cours.) G.Don","Native",1,0,0,0,0
"Lespedeza gerardiana","Lespedeza gerardiana","Wall. ex Maxim.","Native",1,0,0,0,1
"Leucanthemum vulgare","Leucanthemum vulgare","Lam.","Introduced",0,0,0,1,0
"Leucas lanata","Leucas lanata","Benth.","Native",1,0,0,0,0
"Lindenbergia indica","Lindenbergia indica","(L.) Vatke","Native",1,0,0,0,0
"Lindera pulcherrima","Lindera pulcherrima","(Nees) Benth. ex Hook.f.","Native",0,1,0,0,0
"Liparis odorata","Liparis odorata","(Willd.) Lindl.","Native",1,0,0,0,0
"Lonicera angustifolia","Lonicera angustifolia","Wall. ex DC.","Native",1,1,0,0,0
"Lonicera quinquelocularis","Lonicera quinquelocularis","Hardw.","Native",0,1,0,0,1
"Lyonia ovalifolia","Lyonia ovalifolia","(Wall.) Drude","Native",1,1,0,0,1
"Anagallis arvensis","Lysimachia arvensis","(L.) U.Manns & Anderb.","Native",1,0,0,0,0
"Machilus duthiei","Machilus duthiei","King ex Hook.f.","Native",1,1,0,0,0
"Machilus odoratissimus","Machilus odoratissimus","Nees","Native",0,1,0,0,0
"Malaxis muscifera","Malaxis muscifera","(Lindl.) Kuntze","Native",1,0,0,0,0
"Mallotus philippensis","Mallotus philippensis","(Lam.) Müll.Arg.","Native",1,1,0,0,0
"Malva verticillata","Malva verticillata","L.","Native",1,0,0,0,0
"Malvastrum coromandelianum","Malvastrum coromandelianum","(L.) Garcke","Introduced",1,0,0,0,0
"Marsdenia roylei","Marsdenia roylei","Wight","Native",1,0,0,0,0
"Mazus surculosus","Mazus surculosus","D.Don","Native",1,0,0,0,0
"Melia azedarach","Melia azedarach","L.","Native",1,0,0,0,0
"Meliosma dilleniifolia","Meliosma dilleniifolia","(Wall. ex Wight & Arn.) Walp.",NA,0,1,0,0,0
"Mentha longifolia","Mentha longifolia","(L.) L.","Native",1,0,0,0,0
"Mentha sylvestris","Mentha longifolia","(L.) L.","Native",1,0,0,0,0
"Micromeria biflora","Micromeria biflora","(Buch.-Ham. ex D.Don) Benth.","Native",1,0,0,0,0
"Mimosa pudica","Mimosa pudica","L.","Introduced",1,0,0,0,0
"Mirabilis jalapa","Mirabilis jalapa","L.","Introduced",1,0,0,0,0
"Morus alba","Morus alba","L.","Introduced",1,0,0,0,0
"Murdannia divergens","Murdannia divergens","(C.B.Clarke) G.Brückn.","Native",0,0,1,0,0
"Myriactis nepalensis","Myriactis nepalensis","Less.","Native",1,1,0,0,0
"Myrica esculenta","Myrica esculenta","Buch.-Ham. ex D.Don","Native",1,0,0,0,0
"Myrica sapida","Myrica esculenta","Buch.-Ham. ex D.Don","Native",0,1,0,0,0
"Myrsine africana","Myrsine africana","L.","Native",1,1,0,0,1
"Myrsine semiserrata","Myrsine semiserrata","Wall.","Native",0,1,0,0,0
"Nepeta erecta","Nepeta erecta","(Royle ex Benth.) Benth.","Native",1,0,0,0,0
"Nepeta spicata","Nepeta laevigata","(D.Don) Hand.-Mazz.","Native",1,0,0,0,0
"Nicandra physalodes","Nicandra physalodes","(L.) Gaertn.","Introduced",1,0,0,0,0
"Ocimum sanctum","Ocimum tenuiflorum","L.","Native",1,0,0,0,0
"Oenothera rosea","Oenothera rosea","L'Hér. ex Aiton","Introduced",1,0,0,0,0
"Onychium contiguum","Onychium lucidum","(D.Don) Spreng.","Native",1,0,0,0,1
"Oplismenus burmanni","Oplismenus burmanni","(Retz.) P.Beauv.","Native",1,0,0,0,1
"Opuntia dillenii","Opuntia dillenii","(Ker Gawl.) Haw.","Introduced",1,0,0,0,0
"Gerbera gossypina","Oreoseris gossypina","(Royle) X.D.Xu & V.A.Funk","Native",1,0,0,0,0
"Gerbera lanuginosa","Oreoseris gossypina","(Royle) X.D.Xu & V.A.Funk","Native",0,0,0,0,1
"Origanum vulgare","Origanum vulgare","L.","Native",1,0,0,0,0
"Orobanche epithymum","Orobanche alba","Stephan ex Willd.","Native",1,0,0,0,0
"Osmunda claytoniana","Osmunda pilosa","Wall. ex Grev. & Hook.","Native",1,0,0,0,0
"Osyris lanceolata","Osyris lanceolata","Hochst. & Steud.","Native",0,0,0,0,1
"Desmodium floribundum","Ototropis multiflora","(DC.) H.Ohashi & K.Ohashi","Native",1,0,0,0,1
"Desmodium multiflorum","Ototropis multiflora","(DC.) H.Ohashi & K.Ohashi","Native",1,0,0,0,0
"Ougeinia oojeinensis","Ougeinia oojeinensis","(Roxb.) Hochr.","Native",0,1,0,0,0
"Aerva sanguinolenta","Ouret sanguinolenta","(L.) Kuntze","Native",1,0,0,0,0
"Oxalis corniculata","Oxalis corniculata","L.","Introduced",1,1,0,0,0
"Oxalis corymbosa","Oxalis debilis","Kunth","Introduced",1,0,0,0,0
"Oxalis dehradunensis","Oxalis dehradunensis","Raizada",NA,1,0,0,0,0
"Oxyria digyna","Oxyria digyna","(L.) Hill","Native",1,0,0,0,0
"Parnassia nubicola","Parnassia nubicola","Wall. ex Royle","Native",1,0,0,0,0
"Parthenium hysterophorus","Parthenium hysterophorus","L.","Introduced",1,0,0,0,0
"Parthenocissus himalayana","Parthenocissus semicordata","(Wall.) Planch.","Native",1,0,0,0,0
"Parthenocissus semicordata","Parthenocissus semicordata","(Wall.) Planch.","Native",1,0,0,1,1
"Vitis himalayana","Parthenocissus semicordata","(Wall.) Planch.","Native",0,1,0,0,0
"Habenaria susannae","Pecteilis susannae","(L.) Raf.",NA,0,1,0,0,0
"Pedicularis carnosa","Pedicularis bifida","(Buch.-Ham. ex D.Don) Pennell","Native",0,1,0,0,0
"Persicaria capitata","Persicaria capitata","(Buch.-Ham. ex D.Don) H.Gross","Native",1,0,0,0,0
"Polygonum hydropiper","Persicaria hydropiper","(L.) Delarbre","Native",1,0,0,0,0
"Polygonum pubescens","Persicaria pubescens","(Blume) H.Hara","Native",1,0,0,0,0
"Bauhinia vahlii","Phanera vahlii","(Wight & Arn.) Benth.","Native",1,0,0,0,0
"Phlomis bracteosa","Phlomoides bracteosa","(Royle ex Benth.) Kamelin & Makhm.","Native",1,0,0,0,0
"Emblica officinalis","Phyllanthus emblica","L.","Native",0,1,0,0,0
"Picea smithiana","Picea smithiana","(Wall.) Boiss.","Native",0,1,0,0,0
"Pilea scripta","Pilea scripta","(Buch.-Ham. ex D.Don) Wedd.","Native",1,0,0,0,0
"Pinus roxburghii","Pinus roxburghii","Sarg.","Native",1,1,0,0,1
"Pinus wallichiana","Pinus wallichiana","A.B.Jacks.","Native",1,1,0,0,1
"Pistacia integerrima","Pistacia chinensis","Bunge","Native",1,0,0,0,0
"Plantago depressa","Plantago depressa","Willd.","Native",1,0,0,0,0
"Plantago lanceolata","Plantago lanceolata","L.","Native",1,0,0,0,0
"Agrostis alba","Poa nemoralis","L.","Native",0,1,0,0,0
"Polygala tatarinowii","Polygala tatarinowii","Regel","Native",1,0,0,0,0
"Polystichum neolobatum","Polystichum neolobatum","Nakai","Native",1,0,0,0,0
"Polystichum squarrosum","Polystichum squarrosum","(D.Don) Fée","Native",1,0,0,0,1
"Populus ciliata","Populus ciliata","Wall. ex Royle","Native",1,0,0,0,0
"Duchesnea indica","Potentilla indica","(Andrews) Th.Wolf","Native",1,0,0,0,0
"Fragaria indica","Potentilla indica","(Andrews) Th.Wolf","Native",0,1,0,0,0
"Potentilla indica","Potentilla indica","(Andrews) Th.Wolf","Native",0,0,0,0,1
"Potentilla sundaica","Potentilla sundaica","(Blume) W.Theob.","Native",1,0,0,0,0
"Primula denticulata","Primula denticulata","Sm.","Native",1,0,0,0,0
"Prinsepia utilis","Prinsepia utilis","Royle","Native",1,0,0,0,0
"Prunus cerasoides","Prunus cerasoides","Buch.-Ham. ex D.Don","Native",1,0,0,0,0
"Gnaphalium hypoleucum","Pseudognaphalium hypoleucum","(DC.) Hilliard & B.L.Burtt","Native",1,0,0,0,0
"Pteridium aquilinum","Pteridium revolutum","(Blume) Nakai","Native",1,0,0,0,0
"Pteris cretica","Pteris cretica","L.","Native",1,0,0,0,1
"Pteris dactylina","Pteris dactylina","Hook.","Native",1,0,0,0,0
"Pueraria tuberosa","Pueraria tuberosa","(Roxb. ex Willd.) DC.","Native",1,0,0,0,0
"Punica granatum","Punica granatum","L.","Introduced",1,0,0,0,0
"Crataegus crenulata","Pyracantha crenulata","(D.Don) M.Roem.","Native",0,1,0,0,0
"Pyracantha crenulata","Pyracantha crenulata","(D.Don) M.Roem.","Native",1,0,0,0,0
"Pyrus pashia","Pyrus pashia","Buch.-Ham. ex D.Don","Native",1,1,0,0,1
"Quercus dilatata","Quercus floribunda","Lindl. ex A.Camus","Native",0,1,0,0,0
"Quercus glauca","Quercus glauca","Thunb.","Native",0,1,0,0,0
"Quercus lanuginosa","Quercus lanata","Sm.","Native",0,1,0,0,0
"Quercus incana","Quercus leucotrichophora","A.Camus","Native",0,1,0,0,0
"Quercus leucotrichophora","Quercus leucotrichophora","A.Camus","Native",1,0,0,0,0
"Ranunculus diffusus","Ranunculus diffusus","DC.","Native",1,0,0,0,0
"Ranunculus hirtellus","Ranunculus hirtellus","Royle","Native",1,0,0,0,0
"Raphanus sativus","Raphanus raphanistrum","L.","Introduced",1,0,0,0,0
"Reinwardtia indica","Reinwardtia indica","Dumort.","Native",0,1,0,0,0
"Gonatanthus pumilus","Remusatia pumila","(D.Don) H.Li & A.Hay","Native",1,0,0,0,0
"Rhamnus purpurea","Rhamnus purpurea","Edgew.","Native",0,1,0,0,0
"Rhodiola sinuata","Rhodiola sinuata","(Royle ex Edgew.) S.H.Fu","Native",1,0,0,0,0
"Rhodiola trifida","Rhodiola sinuata","(Royle ex Edgew.) S.H.Fu","Native",1,0,0,0,0
"Rhododendron arboreum","Rhododendron arboreum","Sm.","Native",1,1,0,0,1
"Rhus semialata","Rhus chinensis","Mill.","Native",0,1,0,0,0
"Rhynchosia rothii","Rhynchosia rothii","Benth. ex Aitch.","Native",0,0,0,0,1
"Rhynchosia sericea","Rhynchosia rothii","Benth. ex Aitch.","Native",1,0,0,0,0
"Ricinus communis","Ricinus communis","L.","Introduced",1,0,0,0,0
"Robinia pseudoacacia","Robinia pseudoacacia","L.","Introduced",1,0,0,0,0
"Rosa brunonii","Rosa brunonii","Lindl.","Native",1,0,0,0,0
"Rosa macrophylla","Rosa macrophylla","Lindl.","Native",0,1,0,0,0
"Rosa moschata","Rosa moschata","Herrm.","Introduced",0,1,0,0,1
"Roscoea purpurea","Roscoea purpurea","Sm.","Native",0,0,0,0,1
"Justicia simplex","Rostellularia mollissima","(Nees) Nees","Native",1,0,0,0,0
"Justicia japonica","Rostellularia procumbens","(L.) Nees","Native",0,0,0,0,1
"Rubia cordifolia","Rubia cordifolia","L.","Native",1,0,0,0,1
"Rubus biflorus","Rubus biflorus","Buch.-Ham. ex Sm.","Native",0,1,0,0,0
"Rubus ellipticus","Rubus ellipticus","Sm.","Native",1,1,0,0,1
"Rubus lasiocarpus","Rubus niveus","Thunb.","Native",0,1,0,0,0
"Rubus niveus","Rubus niveus","Thunb.","Native",1,1,0,0,1
"Rubus paniculatus","Rubus paniculatus","Sm.","Native",1,0,0,0,0
"Rumex obtusifolius","Rumex dentatus","L.","Native",1,0,0,0,0
"Rumex hastatus","Rumex hastatus","D.Don","Native",1,0,0,0,0
"Rumex nepalensis","Rumex nepalensis","Spreng.","Native",1,0,0,0,1
"Salix tetrasperma","Salix tetrasperma","Roxb.",NA,1,0,0,0,0
"Salvia lanata","Salvia cana","Wall. ex Benth.","Native",1,0,0,0,0
"Salvia coccinea","Salvia coccinea","Buc'hoz ex Etl.",NA,1,0,0,0,0
"Salvia glutinosa","Salvia glutinosa","L.",NA,1,0,0,0,1
"Salvia nubicola","Salvia nubicola","Wall. ex Sweet","Native",1,0,0,0,1
"Meriandra strobilifera","Salvia strobilifera","(Benth.) J.G.González","Native",1,0,0,0,1
"Sarcococca pruniformis","Sarcococca coriacea","(Hook.) Sweet","Native",0,0,0,0,1
"Sarcococca saligna","Sarcococca saligna","(D.Don) Müll.Arg.","Native",1,1,0,0,0
"Satyrium nepalense","Satyrium nepalense","D.Don","Native",1,0,0,0,0
"Saxifraga diversifolia","Saxifraga diversifolia","Wall. ex Ser.","Native",1,0,0,0,0
"Stellaria monosperma","Schizotechium monospermum","(Buch.-Ham. ex D.Don) Pusalkar & S.K.Srivast.","Native",1,0,0,0,0
"Loranthus cordifolius","Scurrula cordifolia","(Wall.) G.Don","Native",0,1,0,0,0
"Scutellaria grossa","Scutellaria grossa","Wall.","Native",1,0,0,0,0
"Scutellaria repens","Scutellaria repens","Buch.-Ham. ex D.Don","Native",1,0,0,0,0
"Rhus parviflora","Searsia parviflora","(Roxb.) F.A.Barkley","Native",0,1,0,0,0
"Sehima notata","Sehima notata","(Hack.) A.Camus","Native",0,1,0,0,0
"Acacia catechu","Senegalia catechu","(L.f.) P.J.H.Hurter & Mabb.","Native",1,1,0,0,0
"Cassia floribunda","Senna septemtrionalis","(Viv.) H.S.Irwin & Barneby","Introduced",1,0,0,0,1
"Setaria viridis","Setaria viridis","(L.) P.Beauv.","Native",1,0,0,0,0
"Shorea robusta","Shorea robusta","C.F.Gaertn.","Native",0,1,0,0,0
"Sigesbeckia orientalis","Sigesbeckia orientalis","L.","Native",1,0,0,0,0
"Silene edgeworthii","Silene edgeworthii","Bocquet","Native",1,0,0,0,0
"Sisymbrium irio","Sisymbrium irio","L.","Native",1,0,0,0,0
"Smilax aspera","Smilax aspera","L.","Native",1,0,0,0,0
"Smilax glaucophylla","Smilax elegans","Wall. ex Kunth","Native",1,0,0,0,0
"Smilax parvifolia","Smilax elegans","Wall. ex Kunth","Native",0,1,0,0,0
"Solanum incanum","Solanum incanum","L.",NA,1,0,0,0,0
"Solanum nigrum","Solanum nigrum","L.","Native",1,0,0,0,0
"Solanum pseudocapsicum","Solanum pseudocapsicum","L.","Introduced",1,0,0,0,1
"Solanum virginianum","Solanum virginianum","L.","Native",1,0,0,0,0
"Sonchus asper","Sonchus asper","(L.) Hill","Native",1,0,0,0,0
"Sonchus wightianus","Sonchus wightianus","DC.","Native",1,0,0,0,0
"Sopubia trifida","Sopubia trifida","Buch.-Ham. ex D.Don","Native",1,0,0,0,0
"Spiraea vacciniifolia","Spiraea vacciniifolia","D.Don","Native",1,0,0,0,0
"Sporobolus elongatus","Sporobolus fertilis","(Steud.) Clayton","Native",0,1,0,0,0
"Stellaria media","Stellaria media","(L.) Vill.","Native",1,0,0,0,0
"Strobilanthes atropurpurea","Strobilanthes atropurpurea","Nees","Native",1,0,0,0,0
"Goldfussia dalhousieana","Strobilanthes pentastemonoides","(Nees) T.Anderson","Native",1,0,0,0,0
"Strobilanthes dalhousieana","Strobilanthes pentastemonoides","(Nees) T.Anderson","Native",0,1,0,0,0
"Aechmanthera tomentosa","Strobilanthes tomentosa","(Nees) J.R.I.Wood","Native",0,1,0,0,0
"Strobilanthes alata","Strobilanthes wallichii","Nees","Native",0,1,0,0,0
"Strobilanthes wallichii","Strobilanthes wallichii","Nees","Native",0,1,0,0,1
"Desmodium elegans","Sunhangia elegans","(DC.) H.Ohashi & K.Ohashi","Native",1,0,0,0,0
"Desmodium tiliifolium","Sunhangia elegans","(DC.) H.Ohashi & K.Ohashi","Native",0,1,0,0,0
"Swertia alata","Swertia alata","(D.Don ex G.Don) Royle ex C.B.Clarke","Native",1,0,0,0,0
"Swertia angustifolia","Swertia angustifolia","Buch.-Ham. ex D.Don","Native",1,0,0,0,0
"Swertia cordata","Swertia cordata","(G.Don) Wall. ex C.B.Clarke","Native",1,0,0,0,0
"Swertia paniculata","Swertia paniculata","Wall.","Native",1,0,0,0,0
"Symplocos crataegoides","Symplocos paniculata","(Thunb.) Miq.","Native",0,1,0,0,0
"Syzygium cumini","Syzygium cumini","(L.) Skeels","Native",1,1,0,0,0
"Tagetes erecta","Tagetes erecta","L.",NA,1,0,0,0,0
"Tagetes minuta","Tagetes minuta","L.","Introduced",1,0,0,0,0
"Taraxacum campylodes","Taraxacum campylodes","G.E.Haglund",NA,0,0,0,0,1
"Taraxacum officinale","Taraxacum officinale","F.H.Wigg.","Introduced",1,0,0,0,0
"Taxus wallichiana","Taxus wallichiana","Zucc.","Native",0,1,0,0,0
"Anogeissus latifolia","Terminalia anogeissiana","Gere & Boatwr.","Native",0,1,0,0,0
"Terminalia bellirica","Terminalia bellirica","(Gaertn.) Roxb.","Native",0,1,0,0,0
"Terminalia chebula","Terminalia chebula","Retz.","Native",0,1,0,0,0
"Terminalia tomentosa","Terminalia elliptica","Willd.","Native",0,1,0,0,0
"Teucrium quadrifarium","Teucrium quadrifarium","Buch.-Ham. ex D.Don","Native",0,1,0,0,0
"Thalictrum foetidum","Thalictrum foetidum","L.","Native",1,0,0,0,0
"Thalictrum foliolosum","Thalictrum foliolosum","DC.","Native",1,0,0,0,0
"Themeda anathera","Themeda anathera","(Nees ex Steud.) Hack.","Native",1,1,0,0,1
"Theropogon pallidus","Theropogon pallidus","(Wall. ex Kunth) Maxim.","Native",1,0,0,0,0
"Thymus mongolicus","Thymus mongolicus","(Ronniger) Ronniger",NA,1,0,0,0,1
"Tinospora cordifolia","Tinospora cordifolia","(Willd.) Hook.f. & Thomson",NA,1,0,0,0,0
"Toona ciliata","Toona ciliata","M.Roem.",NA,1,0,0,0,0
"Cedrela serrata","Toona sinensis","(A.Juss.) M.Roem.",NA,0,1,0,0,0
"Rhus wallichii","Toxicodendron wallichii","(Hook.f.) Kuntze","Native",1,0,0,0,0
"Tridax procumbens","Tridax procumbens","L.","Introduced",1,0,0,0,0
"Trifolium repens","Trifolium repens","L.","Native",1,0,0,0,0
"Ulmus villosa","Ulmus villosa","Brandis ex Gamble","Native",1,0,0,0,0
"Urochloa panicoides","Urochloa panicoides","P.Beauv.","Native",1,0,0,0,1
"Urtica parviflora","Urtica ardens","Link","Native",1,0,0,0,0
"Urtica dioica","Urtica dioica","L.","Native",1,0,0,0,0
"Valeriana jatamansi","Valeriana jatamansi","Jones ex Roxb.","Native",1,0,0,0,0
"Verbascum thapsus","Verbascum thapsus","L.","Native",1,0,0,0,1
"Veronica persica","Veronica persica","Poir.","Introduced",1,0,0,0,0
"Viburnum coriaceum","Viburnum coriaceum","Blume","Native",0,1,0,0,0
"Viburnum cotinifolium","Viburnum cotinifolium","D.Don","Native",0,1,0,0,0
"Viburnum cylindricum","Viburnum cylindricum","Buch.-Ham. ex D.Don","Native",1,0,0,0,1
"Viburnum mullaha","Viburnum mullaha","Buch.-Ham. ex D.Don","Native",1,0,0,0,0
"Vicia hirsuta","Vicia hirsuta","(L.) Gray","Native",1,0,0,0,0
"Vicia sativa","Vicia sativa","L.","Native",1,0,0,0,0
"Vinca major","Vinca major","L.","Native",1,0,0,1,0
"Vincetoxicum hirundinaria","Vincetoxicum hirundinaria","Medik.","Native",1,0,0,0,0
"Viola patrinii","Viola betonicifolia","Sm.","Native",0,0,0,0,1
"Viola canescens","Viola canescens","Wall.","Native",1,1,0,0,1
"Viola pilosa","Viola pilosa","Blume","Native",0,0,0,0,1
"Vitex negundo","Vitex negundo","L.","Native",1,0,0,0,0
"Daphne cannabina","Wikstroemia indica","(L.) C.A.Mey.","Native",0,1,0,0,0
"Woodfordia fruticosa","Woodfordia fruticosa","(L.) Kurz","Native",1,1,0,0,1
"Woodsia elongata","Woodsia elongata","Hook.","Native",1,0,0,0,1
"Crepis japonica","Youngia japonica","(L.) DC.","Native",1,0,0,0,0
"Arundinaria jaunsarensis","Yushania anceps","(Mitford) W.C.Lin","Native",0,1,0,0,0
"Zanthoxylum armatum","Zanthoxylum armatum","DC.","Native",1,0,0,0,0
"Ziziphus jujuba","Ziziphus jujuba","Mill.","Introduced",0,0,0,0,1
"Ziziphus nummularia","Ziziphus nummularia","(Burm.f.) Wight & Arn.",NA,1,0,0,0,0
"Ziziphus oxyphylla","Ziziphus oxyphylla","Edgew.","Native",1,0,0,0,0
