given_name,POWOAccepted,POWODist,Champion1968,Choudhary2007,Choudhary2012,eFI2022,FOI2022,Gupta1998,Radha2019,Subramani2014,Thakur2021a
Abies pindrow (Royle ex D.Don) Royle,Abies pindrow (Royle ex D.Don) Royle,Native,1,0,1,1,0,1,0,0,1
Abies pindrow var. brevifolia Dallim. & A.B.Jacks.,Abies pindrow (Royle ex D.Don) Royle,Native,0,0,0,1,0,0,0,0,0
Abies spectabilis (D.Don) Mirb.,Abies spectabilis (D.Don) Mirb.,Native,0,0,0,1,0,0,0,1,1
Abrus precatorius L.,Abrus precatorius L.,Native,0,0,0,0,0,0,1,0,0
Acer acuminatum Wall. ex D.Don,Acer acuminatum Wall. ex D.Don,Native,1,0,0,0,0,0,0,1,0
Acer caesium Wall. ex Brandis,Acer caesium Wall. ex Brandis,Native,1,0,0,0,0,0,0,1,1
Acer cappadocicum Gled.,Acer cappadocicum Gled.,Native,0,0,0,0,0,0,0,1,0
Acer pentapomicum J.L.Stewart,Acer pentapomicum J.L.Stewart,Native,0,0,0,0,0,0,0,1,1
Acer pictum Thunb.,Acer pictum Thunb.,NA,0,0,0,0,0,1,0,0,0
Achillea millefolium L.,Achillea millefolium L.,Native,0,0,0,0,0,1,1,0,0
Aconitum heterophyllum Wall. ex Royle,Aconitum heterophyllum Wall. ex Royle,Native,0,1,0,0,0,1,0,0,0
Aconitum laeve Royle,Aconitum laeve Royle,Native,0,0,0,0,0,0,0,1,0
Aconogonon molle (D.Don) H.Hara,Koenigia mollis (D.Don) T.M.Schust. & Reveal,Native,0,0,0,0,0,1,0,0,0
Aconogonon rumicifolium (Royle ex Bab.) H.Hara,Koenigia rumicifolia (Royle ex Bab.) T.M.Schust. & Reveal,Native,0,0,0,0,0,1,0,1,0
Acorus calamus L.,Acorus calamus L.,Native,0,1,0,0,0,1,0,0,0
Acronema hookeri (C.B.Clarke) H.Wolff,Acronema hookeri (C.B.Clarke) H.Wolff,Native,0,0,0,0,0,0,0,1,0
Actaea spicata L.,Actaea spicata L.,Native,0,0,0,0,0,0,0,1,0
Adhatoda vasica Nees,Justicia adhatoda L.,Native,0,0,0,0,0,0,1,0,0
Adiantum venustum D.Don,Adiantum venustum D.Don,Native,1,0,0,0,0,0,0,0,0
Aegle marmelos (L.) Corrêa,Aegle marmelos (L.) Corrêa,Native,0,0,1,0,0,0,0,0,0
Aesculus indica (Wall. ex Cambess.) Hook.,Aesculus indica (Wall. ex Cambess.) Hook.,Native,0,0,0,0,0,1,0,1,0
Ageratina adenophora (Spreng.) R.M.King & H.Rob.,Ageratina adenophora (Spreng.) R.M.King & H.Rob.,Introduced,0,0,0,0,0,0,1,0,0
Ageratum conyzoides L.,Ageratum conyzoides L.,Introduced,0,0,1,0,0,0,0,0,0
Agrimonia pilosa Ledeb.,Agrimonia pilosa Ledeb.,Native,0,0,0,0,0,1,0,1,0
Agropyron longearistatum (Boiss.) Boiss.,Elymus longearistatus (Boiss.) Tzvelev,Native,1,0,0,0,0,0,0,0,0
Agropyron semicostatum Nees ex Steud.,Elymus semicostatus (Steud.) Melderis,Native,1,0,0,0,0,0,0,0,0
Agrostis munroana Aitch. & Hemsl.,Agrostis munroana Aitch. & Hemsl.,Native,0,0,0,0,0,0,0,1,0
Agrostis stolonifera L.,Agrostis stolonifera L.,Native,0,0,0,0,0,0,0,1,0
Ailanthus altissima (Mill.) Swingle,Ailanthus altissima (Mill.) Swingle,Introduced,0,0,0,0,0,0,0,1,1
Ainsliaea aptera DC.,Ainsliaea aptera DC.,Native,0,0,0,0,0,1,0,1,0
Ainsliaea latifolia (D.Don) Sch.Bip.,Ainsliaea latifolia (D.Don) Sch.Bip.,Native,0,0,0,0,0,0,0,1,0
Ajuga integrifolia Buch.-Ham. ex D.Don,Ajuga integrifolia Buch.-Ham. ex D.Don,Native,0,0,0,1,0,0,0,0,0
Ajuga parviflora Benth.,Ajuga parviflora Benth.,Native,0,0,0,1,0,1,0,0,0
Alangium chinense (Lour.) Harms,Alangium chinense (Lour.) Harms,Native,0,0,0,0,0,0,0,1,0
Albizia chinensis (Osbeck) Merr.,Albizia chinensis (Osbeck) Merr.,Native,0,0,0,1,0,0,0,0,0
Aletris pauciflora (Klotzsch) Hand.-Mazz.,Aletris pauciflora (Klotzsch) Hand.-Mazz.,Native,0,0,0,0,0,0,0,1,0
Alisma plantago-aquatica L.,Alisma plantago-aquatica L.,Native,0,0,0,0,0,0,0,1,0
Allium govanianum Wall. ex Baker,Allium humile Kunth,Native,0,1,0,0,0,0,0,0,0
Allium humile Kunth,Allium humile Kunth,Native,0,0,0,0,0,1,0,1,0
Allium victorialis L.,Allium victorialis L.,Native,0,0,0,0,0,0,0,1,0
Allium wallichii Kunth,Allium wallichii Kunth,Native,0,0,0,0,0,0,0,1,0
Alnus nepalensis D.Don,Alnus nepalensis D.Don,Native,0,0,1,0,0,0,0,0,1
Amaranthus viridis L.,Amaranthus viridis L.,Introduced,0,0,0,0,0,0,1,0,0
Anaphalis araneosa DC.,Anaphalis busua (Buch.-Ham.) DC.,Native,0,0,0,0,0,1,0,0,0
Anaphalis contorta (D.Don) Hook.f.,Anaphalis contorta (D.Don) Hook.f.,Native,0,0,0,0,0,1,0,0,0
Anaphalis margaritacea (L.) Benth. & Hook.f.,Anaphalis margaritacea (L.) Benth. & Hook.f.,Native,0,0,1,0,0,0,0,0,0
Anaphalis nepalensis (Spreng.) Hand.-Mazz.,Anaphalis nepalensis (Spreng.) Hand.-Mazz.,Native,0,0,0,0,0,0,0,1,0
Anaphalis nubigena DC.,Anaphalis nepalensis (Spreng.) Hand.-Mazz.,Native,0,0,0,0,0,1,0,0,0
Anaphalis triplinervis (Sims) C.B.Clarke,Anaphalis triplinervis (Sims) C.B.Clarke,Native,0,0,0,0,0,0,0,1,0
Androsace lanuginosa Wall.,Androsace lanuginosa Wall.,Native,0,0,0,1,0,1,0,0,0
Androsace sarmentosa Wall.,Androsace sarmentosa Wall.,Native,0,0,1,0,0,0,0,0,0
Androsace sempervivoides Jacquem. ex Duby,Androsace sempervivoides Jacquem. ex Duby,Native,0,0,0,0,0,0,0,1,0
Anemone obtusiloba D.Don,Anemonastrum obtusilobum (D.Don) Mosyakin,Native,0,0,0,0,0,1,0,0,0
Anemone rivularis Buch.-Ham. ex DC.,Eriocapitella rivularis (Buch.-Ham. ex DC.) Christenh. & Byng,Native,1,0,0,0,0,0,0,0,0
Anemone tetrasepala Royle,Anemonastrum tetrasepalum (Royle) Holub,Native,0,0,0,0,0,1,0,0,0
Anemone vitifolia Buch.-Ham. ex DC.,Eriocapitella vitifolia (Buch.-Ham. ex DC.) Nakai,Native,0,0,1,0,0,1,0,0,0
Angelica glauca Edgew.,Angelica glauca Edgew.,Native,0,1,0,0,0,1,0,1,0
Apium graveolens L.,Apium graveolens L.,Native,0,0,0,1,0,0,0,0,0
Aquilegia pubiflora Wall. ex Royle,Aquilegia pubiflora Wall. ex Royle,Native,0,0,0,1,0,0,0,1,0
Arabis pterosperma Edgew.,Arabis pterosperma Edgew.,Native,0,0,0,0,0,0,0,1,0
Arenaria festucoides Benth.,Eremogone festucoides (Benth.) Pusalkar & D.K.Singh,Native,0,0,0,0,0,0,0,1,0
Argemone mexicana L.,Argemone mexicana L.,Introduced,0,0,0,0,0,0,1,0,0
Argostemma sarmentosum Wall.,Argostemma sarmentosum Wall.,Native,0,0,0,1,0,0,0,0,0
Argostemma verticillatum Wall.,Argostemma verticillatum Wall.,Native,0,0,0,0,0,0,0,1,0
Arisaema costatum (Wall.) Mart.,Arisaema costatum (Wall.) Mart.,Native,0,0,0,0,0,1,0,0,0
Arisaema flavum (Forssk.) Schott,Arisaema flavum (Forssk.) Schott,Native,0,1,0,0,0,1,0,1,0
Arisaema intermedium Blume,Arisaema intermedium Blume,Native,0,0,0,0,0,0,0,1,0
Arisaema jacquemontii Blume,Arisaema jacquemontii Blume,Native,0,0,1,0,0,0,0,0,0
Arisaema utile Hook.f. ex Schott,Arisaema utile Hook.f. ex Schott,Native,0,0,0,0,0,0,0,1,0
Artemisia indica Willd.,Artemisia indica Willd.,Native,0,0,0,0,0,0,0,1,0
Artemisia roxburghiana Besser,Artemisia roxburghiana Besser,Native,0,0,0,0,0,1,0,0,0
Artemisia vulgaris L.,Artemisia vulgaris L.,Native,0,1,0,0,0,1,0,0,0
Arundinaria falcata Nees,Drepanostachyum falcatum (Nees) Keng f.,Native,1,0,0,0,0,0,0,0,0
Arundinaria jaunsarensis Gamble,Yushania anceps (Mitford) W.C.Lin,Native,1,0,0,0,0,0,0,0,0
Arundinaria spathiflora Trin.,Thamnocalamus spathiflorus (Trin.) Munro,Native,0,0,1,0,0,0,0,0,0
Arundinella nepalensis Trin.,Arundinella nepalensis Trin.,Native,0,0,0,0,0,0,0,1,0
Asclepias curassavica L.,Asclepias curassavica L.,Introduced,0,0,0,0,0,1,0,0,0
Aspidium aculeatum (L.) Sw.,Polystichum aculeatum (L.) Roth,Native,1,0,0,0,0,0,0,0,0
Aster molliusculus (Lindl. ex DC.) C.B.Clarke,Aster molliusculus (Lindl. ex DC.) C.B.Clarke,Native,0,0,0,0,0,1,0,1,0
Aster peduncularis Wall. ex Nees,Cordiofontis peduncularis (Wall. ex Nees) G.L.Nesom,Native,0,0,0,0,0,1,0,0,0
Aster thomsonii C.B.Clarke,Cordiofontis flexuosa (Royle ex Lindl.) G.L.Nesom,Native,0,0,1,0,0,0,0,0,0
Astilbe rivularis Buch.-Ham. ex D.Don,Astilbe rivularis Buch.-Ham. ex D.Don,Native,0,0,0,0,0,1,0,1,0
Bauhinia variegata L.,Bauhinia variegata L.,Doubtful,0,0,1,0,0,0,1,0,0
Begonia picta Sm.,Begonia picta Sm.,Native,0,0,1,0,0,0,0,0,0
Berberis angulosa Wall. ex Hook.f. & Thomson,Berberis angulosa Wall. ex Hook.f. & Thomson,NA,0,0,0,0,0,1,0,0,0
Berberis aristata DC.,Berberis aristata DC.,Native,0,0,1,1,0,0,0,1,0
Berberis coriaria Royle ex Lindl.,Berberis coriaria Royle ex Lindl.,Native,0,0,0,0,0,0,0,1,0
Berberis jaeschkeana C.K.Schneid.,Berberis jaeschkeana C.K.Schneid.,Native,0,0,0,0,0,0,0,1,0
Berberis lycium Royle,Berberis lycium Royle,Native,0,0,0,1,0,0,1,0,0
Bergenia ciliata (Haw.) Sternb.,Bergenia ciliata (Haw.) Sternb.,Native,0,1,0,0,0,1,0,0,0
Bergenia stracheyi (Hook.f. & Thomson) Engl.,Bergenia stracheyi (Hook.f. & Thomson) Engl.,Native,0,0,0,0,0,1,0,0,0
Betula alnoides Buch.-Ham. ex D.Don,Betula alnoides Buch.-Ham. ex D.Don,Native,1,0,1,0,0,0,0,0,0
Betula utilis D.Don,Betula utilis D.Don,Native,1,1,0,0,0,1,1,1,1
Bidens tripartita L.,Bidens tripartita L.,Native,0,0,0,0,0,0,0,1,0
Bistorta affinis (D.Don) Greene,Bistorta affinis (D.Don) Greene,Native,0,0,0,1,0,1,0,1,0
Bistorta amplexicaulis (D.Don) Greene,Bistorta amplexicaulis (D.Don) Greene,Native,0,0,0,0,0,1,0,0,0
Bistorta emodi (Meisn.) H.Hara,Bistorta emodi (Meisn.) H.Hara,Native,0,0,0,0,0,0,0,1,0
Bistorta vivipara (L.) Delarbre,Bistorta vivipara (L.) Delarbre,Native,0,0,0,1,0,0,0,0,0
Boehmeria platyphylla D.Don,Boehmeria virgata (G.Forst.) Guill.,Native,0,0,0,0,0,1,0,0,0
Boenninghausenia albiflora (Hook.) Rchb. ex Meisn.,Boenninghausenia albiflora (Hook.) Rchb. ex Meisn.,Native,0,1,0,0,0,1,0,0,0
Brachiaria villosa (Lam.) A.Camus,Urochloa villosa (Lam.) T.Q.Nguyen,Native,0,0,0,0,0,0,0,1,0
Brachypodium sylvaticum (Huds.) P.Beauv.,Brachypodium sylvaticum (Huds.) P.Beauv.,Native,1,0,0,0,0,0,0,0,0
Bromus asper Murray,Bromus ramosus Huds.,Native,1,0,0,0,0,0,0,0,0
Bromus japonicus Houtt.,Bromus japonicus Houtt.,Native,1,0,0,0,0,0,0,0,0
Bromus ramosus Huds.,Bromus ramosus Huds.,Native,0,0,0,0,0,0,0,1,0
Buddleja paniculata Wall.*,Buddleja asiatica Lour.,Native,0,0,1,0,0,0,0,0,0
Bupleurum aitchisonii (Boiss.) H.Wolff,Bupleurum aitchisonii (Boiss.) H.Wolff,Native,0,0,0,0,0,0,0,1,0
Bupleurum candollei Wall. ex DC.,Bupleurum candollei Wall. ex DC.,Native,0,0,1,0,0,0,0,0,0
Bupleurum falcatum L.*,Bupleurum marginatum Wall. ex DC.,Native,0,0,0,0,0,0,0,1,0
Bupleurum lanceolatum Wall. ex DC.,Bupleurum lanceolatum Wall. ex DC.,Native,0,0,0,0,0,0,0,1,0
Bupleurum longicaule Wall. ex DC.,Bupleurum longicaule Wall. ex DC.,Native,0,0,0,1,0,1,0,0,0
Bupleurum maddenii C.B.Clarke,Bupleurum maddenii C.B.Clarke,Native,0,0,0,0,0,0,0,1,0
Bupleurum tenue Buch.-Ham. ex D.Don,Bupleurum hamiltonii N.P.Balakr.,Native,0,0,0,0,0,1,0,0,0
Buxus wallichiana Baill.,Buxus wallichiana Baill.,Native,0,0,0,0,0,0,0,1,1
Calamagrostis emodensis Griseb.,Calamagrostis emodensis Griseb.,Native,0,0,0,0,0,0,0,1,0
Calamagrostis pseudophragmites (Haller f.) Koeler,Calamagrostis pseudophragmites (Haller f.) Koeler,Native,0,0,0,0,0,0,0,1,0
Calanthe tricarinata Lindl.,Calanthe tricarinata Lindl.,Native,0,0,0,1,0,1,0,1,0
Calotropis procera (Aiton) W.T.Aiton,Calotropis procera (Aiton) W.T.Aiton,NA,0,0,0,0,0,1,0,0,0
Caltha palustris L.,Caltha palustris L.,Native,0,0,0,0,0,1,0,0,0
Caltha palustris var. alba (Cambess.) Hook.f. & Thomson,Caltha alba Cambess.,Native,0,0,0,1,0,0,0,0,0
Campanula argyrotricha Wall. ex A.DC.,Campanula argyrotricha Wall. ex A.DC.,Native,0,0,0,0,0,1,0,1,0
Campanula latifolia L.,Campanula latifolia L.,Native,0,0,0,0,0,0,0,1,0
Campanula pallida Wall.,Campanula pallida Wall.,Native,0,0,0,0,0,1,0,0,0
Cannabis sativa L.,Cannabis sativa L.,Introduced,0,0,1,0,0,0,1,0,0
Caragana brevispina Benth.,Caragana brevispina Benth.,Native,0,0,0,0,0,0,0,1,0
Cardamine macrophylla Willd.,Cardamine macrophylla Willd.,Native,0,0,0,0,0,0,0,1,0
Cardiocrinum giganteum (Wall.) Makino,Cardiocrinum giganteum (Wall.) Makino,Native,0,0,0,0,0,0,0,1,0
Carex filicina Nees,Carex filicina Nees,Native,0,0,0,0,0,0,0,1,0
Carex haematostoma Nees,Carex haematostoma Nees,Native,0,0,0,0,0,0,0,1,0
Carex hebecarpa C.A.Mey.,Carex hebecarpa C.A.Mey.,Native,0,0,0,0,0,0,0,1,0
Carex nivalis Boott,Carex nivalis Boott,Native,0,0,0,0,0,0,0,1,0
Carex norvegica Retz.,Carex norvegica Retz.,Native,0,0,0,0,0,0,0,1,0
Carex obscura Nees,Carex obscura Nees,Native,0,0,0,0,0,0,0,1,0
Carex remota L.,Carex remota L.,Native,0,0,0,0,0,0,0,1,0
Carex wallichiana Spreng.,Carex wallichiana Spreng.,Native,0,0,0,0,0,0,0,1,0
Carpesium cernuum L.,Carpesium cernuum L.,Native,0,0,0,0,0,0,0,1,0
Cassiope fastigiata (Wall.) D.Don,Cassiope fastigiata (Wall.) D.Don,Native,0,0,0,0,0,1,0,1,0
Cautleya spicata (Sm.) Baker,Cautleya spicata (Sm.) Baker,Native,0,0,1,0,0,0,0,0,0
Cedrela serrata Royle,Toona sinensis (A.Juss.) M.Roem.,NA,0,0,1,0,0,0,0,0,0
Cedrela toona Roxb. ex Rottler & Willd.,Toona ciliata M.Roem.,NA,0,0,1,0,0,0,0,0,0
Cedrus deodara (Roxb. ex D.Don) G.Don,Cedrus deodara (Roxb. ex D.Don) G.Don,Native,1,1,1,0,0,1,0,0,0
Cephalanthera longifolia (L.) Fritsch,Cephalanthera longifolia (L.) Fritsch,Native,0,0,0,1,0,0,0,1,0
Cephalorrhynchus macrorhizus (Royle) Tuisl,Melanoseris macrorhiza (Royle) N.Kilian,Native,0,0,0,0,0,0,0,1,0
Cerasus cerasoides (Buch.-Ham. ex D.Don) S.Ya.Sokolov,Prunus cerasoides Buch.-Ham. ex D.Don,Native,0,0,0,0,0,0,0,1,0
Chaerophyllum reflexum Lindl.,Chaerophyllum reflexum Lindl.,Native,0,0,0,0,0,0,0,1,0
Chaerophyllum villosum Wall. ex DC.,Chaerophyllum villosum Wall. ex DC.,Native,0,0,0,0,0,0,0,1,0
Chamaecrista nomame (Makino) H.Ohashi,Chamaecrista nomame (Makino) H.Ohashi,Native,0,0,0,0,0,0,0,1,0
Chenopodium album L.,Chenopodium album L.,Native,0,0,0,0,0,0,1,0,0
Chionanthus ramiflorus Roxb.,Chionanthus ramiflorus Roxb.,Native,0,0,0,0,0,0,0,1,0
Chirita bifolia D.Don,Henckelia bifolia (D.Don) A.Dietr.,Native,0,0,1,0,0,0,0,1,0
Chrysopogon serrulatus Trin.,Chrysopogon serrulatus Trin.,Native,0,0,0,0,0,0,0,1,0
Cicerbita macrorhiza (Royle) Beauverd,Melanoseris macrorhiza (Royle) N.Kilian,Native,0,0,0,0,0,1,0,0,0
Cinnamomum tamala (Buch.-Ham.) T.Nees & C.H.Eberm.,Cinnamomum tamala (Buch.-Ham.) T.Nees & C.H.Eberm.,Native,0,0,1,0,0,0,0,0,0
Circaea alpina L.,Circaea alpina L.,Native,0,0,0,0,0,0,0,1,0
Cirsium falconeri (Hook.f.) Petr.,Cirsium falconeri (Hook.f.) Petr.,Native,0,0,1,0,0,0,0,0,0
Cissampelos pareira L.,Cissampelos pareira L.,Native,0,0,1,0,0,0,0,0,0
Clematis barbellata Edgew.,Clematis barbellata Edgew.,Native,1,0,0,0,0,0,0,1,0
Clematis buchananiana DC.,Clematis buchananiana DC.,Native,0,0,0,0,0,1,0,0,0
Clematis montana Buch.-Ham. ex DC.,Clematis montana Buch.-Ham. ex DC.,Native,1,0,0,0,0,1,0,0,0
Clintonia udensis Trautv. & C.A.Mey.,Clintonia udensis Trautv. & C.A.Mey.,Native,0,0,0,0,0,0,0,1,0
Cocculus laurifolius DC.,Cocculus laurifolius DC.,Native,0,0,0,1,0,0,0,0,0
Codonopsis viridis Wall.,Codonopsis viridis Wall.,Native,0,0,1,0,0,0,0,0,0
Colebrookea oppositifolia Sm.,Colebrookea oppositifolia Sm.,Native,0,0,0,0,0,1,0,0,0
Comastoma tenellum (Rottb.) Toyok.,Comastoma tenellum (Rottb.) Toyok.,Native,0,0,0,0,0,0,0,1,0
Commelina benghalensis L.,Commelina benghalensis L.,Native,0,0,1,0,0,0,1,0,0
Conyza aegyptiaca (L.) Aiton,Nidorella aegyptiaca (L.) J.C.Manning & Goldblatt,Native,0,0,1,0,0,0,0,0,0
Cordia myxa L.,Cordia myxa L.,NA,0,0,1,0,0,0,0,0,0
Coriaria napalensis Wall.,Coriaria napalensis Wall.,Native,0,0,1,1,0,0,0,0,0
Cornus macrophylla Wall.,Cornus macrophylla Wall.,Native,0,0,0,0,0,0,0,1,0
Cortusa brotheri (R.Knuth) Losinsk.,Primula matthioli (L.) V.A.Richt.,Native,0,0,0,0,0,0,0,1,0
Corydalis govaniana Wall.,Corydalis govaniana Wall.,Native,0,0,0,1,0,1,0,0,0
Corydalis thyrsiflora Prain,Corydalis thyrsiflora Prain,Native,0,0,1,0,0,0,0,0,0
Corydalis vaginans Royle,Corydalis vaginans Royle,Native,0,0,0,0,0,0,0,1,0
Corylus jacquemontii Decne.,Corylus jacquemontii Decne.,Native,0,0,0,0,0,0,0,1,0
Cotoneaster acuminatus Lindl.,Cotoneaster acuminatus Lindl.,Native,1,0,0,0,0,0,0,0,0
Cotoneaster bacillaris Wall. ex Lindl.,Cotoneaster affinis Lindl.,Native,1,0,0,0,0,0,0,1,0
Cotoneaster brandisii G.Klotz,Cotoneaster integrifolius (Roxb.) G.Klotz,Native,0,0,0,1,0,0,0,0,0
Cotoneaster hedegaardii J.Fryer & B.Hylmö,Cotoneaster hedegaardii J.Fryer & B.Hylmö,Native,0,0,0,1,0,0,0,0,0
Cotoneaster integrifolius (Roxb.) G.Klotz,Cotoneaster integrifolius (Roxb.) G.Klotz,Native,0,0,0,0,1,0,0,0,0
Cotoneaster marginatus (Loudon) Schltdl.,Cotoneaster integrifolius (Roxb.) G.Klotz,Native,0,0,0,1,0,0,0,0,0
Cotoneaster microphyllus Wall. ex Lindl.,Cotoneaster microphyllus Wall. ex Lindl.,Native,0,1,1,0,0,1,0,0,0
Cotoneaster roseus Edgew.,Cotoneaster roseus Edgew.,Native,0,0,0,0,0,0,0,1,0
Cotoneaster thymifolius Baker,Cotoneaster integrifolius (Roxb.) G.Klotz,Native,0,0,0,1,0,0,0,0,0
Craniotome versicolor Rchb.,Craniotome furcata (Link) Kuntze,Native,0,0,0,0,0,1,0,0,0
"Crucihimalaya stricta (Cambess.) Al-Shehbaz, O'Kane & R.A.Price","Crucihimalaya stricta (Cambess.) Al-Shehbaz, O'Kane & R.A.Price",Native,0,0,0,0,0,0,0,1,0
Cryptolepis buchananii R.Br. ex Roem. & Schult.,Cryptolepis buchananii R.Br. ex Roem. & Schult.,Native,0,0,0,1,0,0,0,0,0
Cupressus torulosa D.Don ex Lamb.,Cupressus torulosa D.Don ex Lamb.,Native,0,0,1,0,0,0,0,0,0
Cyathocline purpurea (Buch.-Ham. ex D.Don) Kuntze,Cyathocline purpurea (Buch.-Ham. ex D.Don) Kuntze,Native,0,0,0,1,0,0,0,0,0
Cyathula capitata Moq.,Cyathula capitata Moq.,Native,0,0,0,0,0,1,0,0,0
Cyathula tomentosa (Schult.) Moq.,Cyathula tomentosa (Schult.) Moq.,Native,0,0,0,0,0,1,0,0,0
Cynodon dactylon (L.) Pers.,Cynodon dactylon (L.) Pers.,Native,0,0,0,0,0,0,0,1,0
Cynoglossum amabile Stapf & J.R.Drumm.,Cynoglossum amabile Stapf & J.R.Drumm.,NA,0,0,1,0,0,0,0,0,0
Cynoglossum glochidiatum Wall. ex Benth.,Cynoglossum wallichii G.Don,Native,0,0,0,0,0,1,0,0,0
Cynoglossum microglochin Benth.,Cynoglossum microglochin Benth.,Native,0,0,0,0,0,0,0,1,0
Cynoglossum officinale L.,Cynoglossum officinale L.,NA,0,0,1,0,0,0,0,0,0
Cynoglossum zeylanicum (Sw. ex Lehm.) Thunb. ex Brand,Cynoglossum zeylanicum (Sw. ex Lehm.) Thunb. ex Brand,Native,0,0,0,0,0,1,0,0,0
Cyperus niveus Retz.,Cyperus niveus Retz.,Native,0,0,0,0,0,0,0,1,0
Cypripedium cordigerum D.Don,Cypripedium cordigerum D.Don,Native,0,0,0,0,0,0,0,1,0
Cypripedium himalaicum Rolfe,Cypripedium himalaicum Rolfe,Native,0,0,0,0,0,0,0,1,0
Dactylorhiza hatagirea (D.Don) Soó,Dactylorhiza hatagirea (D.Don) Soó,Native,0,1,0,0,0,0,0,1,0
Daphne cannabina Wall.,Daphne papyracea Wall. ex G.Don,Native,0,0,0,0,0,1,0,0,0
Dasiphora fruticosa (L.) Rydb.,Dasiphora fruticosa (L.) Rydb.,Native,0,0,0,0,0,0,0,1,0
Delphinium denudatum Wall. ex Hook.f. & Thomson,Delphinium denudatum Wall. ex Hook.f. & Thomson,Native,0,0,1,1,0,0,0,0,0
Delphinium vestitum Wall. ex Royle,Delphinium vestitum Wall. ex Royle,Native,0,0,0,1,0,1,0,1,0
Desmodium tiliifolium (D.Don) G.Don,Sunhangia elegans (DC.) H.Ohashi & K.Ohashi,Native,0,0,1,0,0,0,0,0,0
Deutzia corymbosa R.Br. ex G.Don,Deutzia corymbosa R.Br. ex G.Don,Native,1,0,0,0,0,0,0,1,0
Deutzia staminea R.Br. ex Wall.,Deutzia staminea R.Br. ex Wall.,Native,0,0,0,1,0,0,0,0,0
Dichrocephala integrifolia (L.f.) Kuntze,Dichrocephala integrifolia (L.f.) Kuntze,Native,0,0,0,1,0,0,0,0,0
Dienia cylindrostachya Lindl.,Dienia cylindrostachya Lindl.,Native,0,0,0,0,0,0,0,1,0
Digitaria cruciata (Nees ex Steud.) E.G.Camus & A.Camus,Digitaria cruciata (Nees ex Steud.) E.G.Camus & A.Camus,Native,0,0,0,0,0,0,0,1,0
Dioscorea deltoidea Wall. ex Griseb.,Dioscorea deltoidea Wall. ex Griseb.,Native,0,1,0,0,0,1,1,1,0
Dioscorea melanophyma Prain & Burkill,Dioscorea melanophyma Prain & Burkill,Native,0,0,0,0,0,0,0,1,0
Diospyros montana Roxb.,Diospyros montana Roxb.,NA,0,0,0,1,0,0,0,0,0
Dipsacus inermis Wall.,Dipsacus inermis Wall.,Native,0,0,0,0,0,1,0,0,0
Disporum cantoniense (Lour.) Merr.,Disporum cantoniense (Lour.) Merr.,Native,0,0,0,0,0,0,0,1,0
Drosera peltata Thunb.*,Drosera lunata Buch.-Ham. ex DC.,Native,0,0,1,0,0,0,0,0,0
Duchesnea indica (Andrews) Teschem.,Potentilla indica (Andrews) Th.Wolf,Native,0,0,0,1,0,0,0,0,0
Echinochloa colonum (L.) Link,Echinochloa colonum (L.) Link,Native,0,0,0,0,0,0,0,1,0
Echinochloa crus-galli (L.) P.Beauv.,Echinochloa crus-galli (L.) P.Beauv.,Native,0,0,0,0,0,0,0,1,0
Elaeagnus parvifolia Wall. ex Royle,Elaeagnus umbellata Thunb.,Native,0,0,0,0,0,0,0,1,0
Eleocharis congesta D.Don,Eleocharis congesta D.Don,Native,0,0,0,0,0,0,0,1,0
Eleocharis palustris (L.) Roem. & Schult.,Eleocharis palustris (L.) Roem. & Schult.,Native,0,0,0,0,0,0,0,1,0
Elsholtzia ciliata (Thunb.) Hyl.,Elsholtzia ciliata (Thunb.) Hyl.,Native,0,0,0,0,0,0,0,1,0
Elsholtzia eriostachya (Benth.) Benth.,Elsholtzia eriostachya (Benth.) Benth.,Native,0,0,0,0,0,1,0,0,0
Elsholtzia polystachya Benth.,Elsholtzia fruticosa (D.Don) Rehder,Native,0,0,1,0,0,1,0,0,0
Elsholtzia strobilifera (Benth.) Benth.,Elsholtzia strobilifera (Benth.) Benth.,Native,0,0,0,0,0,1,0,0,0
Epilobium brevifolium D.Don,Epilobium brevifolium D.Don,Native,0,0,1,0,0,0,0,1,0
Epilobium cylindricum D.Don,Epilobium cylindricum D.Don,Native,0,0,0,0,0,1,0,1,0
Epilobium latifolium L.,Epilobium latifolium L.,Native,0,0,0,0,0,0,0,1,0
Epilobium laxum Royle,Epilobium laxum Royle,Native,0,0,0,0,0,0,0,1,0
Epilobium royleanum Hausskn.,Epilobium royleanum Hausskn.,Native,0,0,0,0,0,0,0,1,0
Epipactis helleborine (L.) Crantz,Epipactis helleborine (L.) Crantz,Native,0,0,1,0,0,0,0,1,0
Epipactis latifolia (L.) All.,Epipactis helleborine (L.) Crantz,Native,0,0,0,0,0,1,0,0,0
Epipactis royleana Lindl.,Epipactis royleana Lindl.,Native,0,0,0,0,0,1,0,0,0
Eragrostis pilosa (L.) P.Beauv.,Eragrostis pilosa (L.) P.Beauv.,Native,0,0,0,0,0,0,0,1,0
Erigeron alpinus L.*,Erigeron uniflorus L.,Native,0,0,0,0,0,0,0,1,0
Erigeron multiradiatus (Lindl. ex DC.) Benth. & Hook.f.,Erigeron multiradiatus (Lindl. ex DC.) Benth. & Hook.f.,Native,0,0,0,0,0,0,0,1,0
Eriocapitella vitifolia (Buch.-Ham. ex DC.) Nakai,Eriocapitella vitifolia (Buch.-Ham. ex DC.) Nakai,Native,0,0,0,1,0,0,0,0,0
Erodium cicutarium (L.) L'Hér.,Erodium cicutarium (L.) L'Hér.,Native,0,0,0,0,0,0,0,1,0
Erysimum hieraciifolium L.*,Erysimum virgatum Roth,Native,0,0,0,1,0,0,0,0,0
Euonymus echinatus Wall.,Euonymus echinatus Wall.,Native,0,0,0,0,0,0,0,1,0
Euonymus hamiltonianus Wall.,Euonymus hamiltonianus Wall.,Native,0,0,1,0,0,0,0,1,0
Euonymus lacerus Buch.-Ham. ex D.Don,Euonymus fimbriatus Wall.,Native,1,0,0,0,0,0,0,0,0
Euonymus lucidus D.Don,Euonymus lucidus D.Don,Native,0,0,0,1,0,0,0,1,1
Euonymus tingens Wall.,Euonymus tingens Wall.,Native,1,0,0,1,0,1,0,0,0
Eupatorium odoratissimum Voss,Ageratina ligustrina (DC.) R.M.King & H.Rob.,Native,0,0,1,0,0,0,0,0,0
Euphorbia donii Oudejans,Euphorbia pseudosikkimensis (Hurus. & Yu.Tanaka) Radcl.-Sm.,Native,0,0,0,1,1,0,0,0,0
Euphorbia jacquemontii Boiss.,Euphorbia jacquemontii Boiss.,Native,0,0,0,1,1,0,0,0,0
Euphorbia maddenii Boiss.,Euphorbia maddenii Boiss.,Native,0,0,0,0,0,0,0,1,0
Euphorbia parviflora L.*,Euphorbia indica Lam.,Native,0,0,0,0,0,0,0,1,0
Euphorbia pilosa L.*,Euphorbia cornigera Boiss.,Native,0,0,1,0,0,1,0,0,0
Euphorbia stracheyi Boiss.,Euphorbia stracheyi Boiss.,Native,0,0,0,0,0,0,0,1,0
Fagopyrum esculentum Moench,Fagopyrum esculentum Moench,Introduced,0,1,0,0,0,1,0,0,0
Festuca kashmiriana Stapf,Festuca kashmiriana Stapf,Native,0,0,0,0,0,0,0,1,0
Festuca valesiaca Schleich. ex Gaudin,Festuca valesiaca Schleich. ex Gaudin,Native,0,0,0,0,0,0,0,1,0
Ficus neriifolia Sm.,Ficus neriifolia Sm.,Native,0,0,0,0,0,0,0,1,0
Ficus palmata Forssk.,Ficus palmata Forssk.,Native,0,0,0,0,0,0,0,0,1
Ficus religiosa L.,Ficus religiosa L.,NA,0,0,1,0,0,0,1,0,0
Ficus sarmentosa Buch.-Ham. ex Sm.,Ficus sarmentosa Buch.-Ham. ex Sm.,Native,0,0,0,0,0,0,0,1,0
Ficus semicordata Buch.-Ham. ex Sm.,Ficus semicordata Buch.-Ham. ex Sm.,Native,0,0,1,0,0,0,0,1,0
Filipendula vestita (Wall. ex G.Don) Maxim.,Filipendula vestita (Wall. ex G.Don) Maxim.,Native,0,0,0,0,0,0,0,1,0
Fragaria indica Andrews,Potentilla indica (Andrews) Th.Wolf,Native,1,0,0,0,0,1,0,0,0
Fragaria nubicola (Lindl. ex Hook.f.) Lacaita,Fragaria nubicola (Lindl. ex Hook.f.) Lacaita,Native,0,0,0,1,0,0,0,0,0
Fragaria vesca L.*,Fragaria nubicola (Lindl. ex Hook.f.) Lacaita,Native,0,0,0,0,0,1,0,0,0
Fritillaria cirrhosa D.Don,Fritillaria cirrhosa D.Don,Native,0,0,0,1,0,1,0,0,0
Gagea lutea (L.) Ker Gawl.,Gagea lutea (L.) Ker Gawl.,Native,0,0,0,0,0,0,0,1,0
Gagea serotina (L.) Ker Gawl.,Gagea serotina (L.) Ker Gawl.,Native,0,0,0,1,1,0,0,0,0
Galium asperuloides Edgew.,Galium asperuloides Edgew.,Native,0,0,0,1,0,0,0,0,0
Gaultheria trichophylla Royle,Gaultheria trichophylla Royle,Native,0,0,1,0,0,0,0,1,0
Gentiana argentea (Royle ex D.Don) Royle ex D.Don,Gentiana argentea (Royle ex D.Don) Royle ex D.Don,Native,0,0,1,1,0,0,0,0,0
Gentiana pedicellata (D.Don) Griseb.,Gentiana pedicellata (D.Don) Griseb.,Native,0,0,0,1,0,0,0,0,0
Gentianopsis paludosa (Hook.f.) Ma,Gentianopsis paludosa (Hook.f.) Ma,Native,0,0,0,0,0,0,0,1,0
Geranium lucidum L.,Geranium lucidum L.,Native,0,0,0,1,0,0,0,0,0
Geranium robertianum L.,Geranium robertianum L.,Native,0,0,0,0,0,1,0,1,0
Geranium wallichianum D.Don ex Sweet,Geranium wallichianum D.Don ex Sweet,Native,1,0,0,0,0,1,0,0,0
Gerbera gossypina (Royle) Beauverd,Oreoseris gossypina (Royle) X.D.Xu & V.A.Funk,Native,0,0,0,1,0,0,0,1,0
Gerbera lanuginosa (DC.) Sch.Bip.,Oreoseris gossypina (Royle) X.D.Xu & V.A.Funk,Native,0,0,0,0,0,1,0,0,0
Geum elatum Wall. ex G.Don,Geum elatum Wall. ex G.Don,Native,0,0,0,1,0,1,0,0,0
Gnaphalium hypoleucum DC.,Pseudognaphalium hypoleucum (DC.) Hilliard & B.L.Burtt,Native,0,0,0,0,0,1,0,0,0
Gnaphalium luteoalbum L.,Pseudognaphalium luteoalbum (L.) Hilliard & B.L.Burtt,Native,0,0,0,0,0,1,0,0,0
Goodyera biflora (Lindl.) Hook.f.,Goodyera biflora (Lindl.) Hook.f.,Native,0,0,0,0,0,0,0,1,0
Goodyera fusca (Lindl.) Hook.f.,Goodyera fusca (Lindl.) Hook.f.,Native,0,0,1,1,0,0,0,1,0
Goodyera repens (L.) R.Br.,Goodyera repens (L.) R.Br.,Native,0,0,0,1,0,1,0,1,0
Gypsophila cerastioides D.Don,Acanthophyllum cerastioides (D.Don) Madhani & Zarre,Native,0,0,0,1,0,1,0,0,0
Habenaria commelinifolia (Roxb.) Wall. ex Lindl.,Habenaria commelinifolia (Roxb.) Wall. ex Lindl.,Native,0,0,0,0,0,0,0,1,0
Habenaria intermedia D.Don,Habenaria intermedia D.Don,Native,0,0,1,0,0,0,0,0,0
Habenaria marginata Colebr.,Habenaria marginata Colebr.,Native,0,0,0,0,0,0,0,1,0
Habenaria pectinata D.Don,Habenaria pectinata D.Don,Native,0,0,1,0,0,0,0,1,0
Hackelia uncinata (Royle ex Benth.) C.E.C.Fisch.,Hackelia uncinata (Royle ex Benth.) C.E.C.Fisch.,Native,0,0,0,0,0,1,0,1,0
Halenia elliptica D.Don,Halenia elliptica D.Don,Native,0,0,0,1,0,1,0,1,0
Hedera nepalensis K.Koch,Hedera nepalensis K.Koch,Native,1,0,0,0,0,0,0,0,0
Hedychium spicatum Sm.,Hedychium spicatum Sm.,Native,0,0,1,0,0,0,1,0,0
Hedysarum microcalyx Baker,Hedysarum microcalyx Baker,Native,0,0,0,0,0,0,0,1,0
Hemiphragma heterophyllum Wall.,Hemiphragma heterophyllum Wall.,Native,0,0,0,0,0,0,0,1,0
Heracleum candicans Wall. ex DC.,Heracleum candicans Wall. ex DC.,Native,0,0,0,0,0,1,0,0,0
Herminium monorchis (L.) R.Br.,Herminium monorchis (L.) R.Br.,Native,0,0,0,0,0,0,0,1,0
Himalrandia tetrasperma (Wall. ex Roxb.) T.Yamaz.,Himalrandia tetrasperma (Wall. ex Roxb.) T.Yamaz.,Native,0,0,0,1,0,0,0,0,0
Hylotelephium ewersii (Ledeb.) H.Ohba,Hylotelephium ewersii (Ledeb.) H.Ohba,Native,0,0,0,0,0,0,0,1,0
Hymenidium brunonis (DC.) Lindl.,Hymenidium brunonis (DC.) Lindl.,Native,0,0,0,1,0,0,0,0,0
Hypericum cernuum Roxb. ex D.Don,Hypericum oblongifolium Choisy,Native,0,0,1,0,0,0,0,0,0
Hypericum choisyanum Wall. ex N.Robson,Hypericum choisyanum Wall. ex N.Robson,Native,0,0,0,0,0,0,0,1,0
Hypericum dyeri Rehder,Hypericum dyeri Rehder,Native,0,0,0,0,0,1,0,1,0
Hypericum elodeoides Choisy,Hypericum elodeoides Choisy,Native,0,0,0,0,0,1,0,0,0
Hypericum oblongifolium Choisy,Hypericum oblongifolium Choisy,Native,0,0,0,0,0,0,1,0,0
Hypericum perforatum L.,Hypericum perforatum L.,Native,0,0,0,0,0,0,1,1,0
Hypoxis aurea Lour.,Hypoxis aurea Lour.,Native,0,0,0,0,0,0,0,1,0
Ilex dipyrena Wall.,Ilex dipyrena Wall.,Native,1,0,0,0,0,0,0,0,0
Impatiens amplexicaulis Edgew.,Impatiens amplexicaulis Edgew.,Native,0,0,0,0,0,0,0,1,0
Impatiens arguta Hook.f. & Thomson,Impatiens arguta Hook.f. & Thomson,Native,0,0,0,0,0,0,0,1,0
Impatiens brachycentra Kar. & Kir.,Impatiens brachycentra Kar. & Kir.,Native,0,0,0,1,0,0,0,1,0
Impatiens devendrae Pusalkar,Impatiens devendrae Pusalkar,Native,0,0,0,1,0,0,0,0,0
Impatiens glandulifera Royle,Impatiens glandulifera Royle,Native,0,0,0,0,0,1,0,1,0
Impatiens glauca Hook.f. & Thomson,Impatiens glauca Hook.f. & Thomson,Native,0,0,0,0,0,0,0,1,0
Impatiens laxiflora Edgew.,Impatiens laxiflora Edgew.,Native,0,0,0,0,0,0,0,1,0
Impatiens leggei Pusalkar & D.K.Singh,Impatiens laxiflora Edgew.,Native,0,0,0,1,0,0,0,0,0
Impatiens micranthemum Edgew.,Impatiens laxiflora Edgew.,Native,0,0,0,0,0,1,0,0,0
Impatiens racemosa DC.,Impatiens racemosa DC.,Native,0,0,1,0,0,0,0,1,0
Impatiens sulcata Wall.,Impatiens sulcata Wall.,Native,0,0,0,1,0,0,0,1,0
Impatiens tricornis Lindl.,Impatiens tricornis Lindl.,Native,0,0,0,1,0,0,0,0,0
Impatiens urticifolia Wall.,Impatiens urticifolia Wall.,NA,0,0,0,0,0,1,0,0,0
Indigofera atropurpurea Buch.-Ham. ex Hornem.,Indigofera atropurpurea Buch.-Ham. ex Hornem.,Native,0,0,1,0,0,0,0,0,0
Indigofera cassioides Rottler ex DC.,Indigofera cassioides Rottler ex DC.,Native,0,0,0,1,0,0,0,0,0
Indigofera dosua Buch.-Ham. ex D.Don,Indigofera dosua Buch.-Ham. ex D.Don,Native,0,0,0,1,0,0,0,0,0
Indigofera exilis Grierson & D.G.Long,Indigofera exilis Grierson & D.G.Long,Native,0,0,0,1,0,0,0,0,0
Indigofera hamiltonii Graham ex Duthie & Prain,Indigofera atropurpurea Buch.-Ham. ex Hornem.,Native,0,0,0,1,0,0,0,0,0
Indigofera hebepetala Benth. ex Baker,Indigofera hebepetala Benth. ex Baker,Native,0,0,0,0,0,0,0,1,0
Indigofera heterantha Wall. ex Brandis,Indigofera heterantha Wall. ex Brandis,Native,0,0,0,1,0,0,0,1,0
Iris kemaonensis Wall. ex D.Don,Iris kemaonensis Wall. ex D.Don,Native,0,0,0,0,0,0,0,1,0
Jaeschkea canaliculata (Royle ex G.Don) Knobl.,Jaeschkea canaliculata (Royle ex G.Don) Knobl.,Native,0,0,0,0,0,0,0,1,0
Jasminum humile Gueldenst.,Chrysojasminum humile (L.) Banfi,Native,1,0,0,0,0,1,0,0,0
Juglans regia L.,Juglans regia L.,Native,0,0,1,0,0,1,1,1,1
Juncus concinnus D.Don,Juncus concinnus D.Don,Native,0,0,0,0,0,0,0,1,0
Juncus himalensis Klotzsch,Juncus himalensis Klotzsch,Native,0,0,0,0,0,0,0,1,0
Juncus thomsonii Buchenau,Juncus thomsonii Buchenau,Native,0,0,0,0,0,0,0,1,0
Juniperus recurva Buch.-Ham. ex D.Don,Juniperus recurva Buch.-Ham. ex D.Don,Native,0,1,0,0,0,1,0,0,0
Jurinea dolomiaea Boiss.,Dolomiaea macrocephala DC. ex Royle,Native,0,1,0,0,0,0,0,0,0
Justicia simplex D.Don,Rostellularia mollissima (Nees) Nees,Native,0,0,1,0,0,0,0,0,0
Kalanchoe spathulata DC.,Kalanchoe integra (Medik.) Kuntze,Native,0,0,0,0,0,1,0,0,0
Kobresia capillifolia (Decne.) C.B.Clarke,Carex capillifolia (Decne.) S.R.Zhang,Native,0,0,0,0,0,0,0,1,0
Kobresia duthiei C.B.Clarke,Carex clavispica S.R.Zhang,Native,0,0,0,0,0,0,0,1,0
Kobresia laxa Nees,Carex pseudolaxa (C.B.Clarke) O.Yano & S.R.Zhang,Native,0,0,0,0,0,0,0,1,0
Kobresia nepalensis (Nees) Kük.,Carex unciniiformis Boeckeler,Native,0,0,0,0,0,0,0,1,0
Kobresia pygmaea (C.B.Clarke) C.B.Clarke,Carex parvula O.Yano,Native,0,0,0,0,0,0,0,1,0
Koenigia delicatula (Meisn.) H.Hara,Koenigia delicatula (Meisn.) H.Hara,Native,0,0,1,0,0,0,0,0,0
Koenigia nepalensis D.Don*,Koenigia filicaulis (Wall. ex Meisn.) Hedberg,Native,0,0,1,1,0,0,0,0,0
Koenigia rumicifolia (Royle ex Bab.) T.M.Schust. & Reveal,Koenigia rumicifolia (Royle ex Bab.) T.M.Schust. & Reveal,Native,0,0,0,1,0,0,0,0,0
Lactuca brunoniana C.B.Clarke,Melanoseris brunoniana (Wall. ex DC.) N.Kilian & Ze H.Wang,Native,0,0,0,0,0,0,0,1,0
Lamium album L.,Lamium album L.,Native,0,0,0,0,0,1,0,1,0
Lathyrus emodi (Wall. ex Fritsch) Fritsch ex T.Durand & B.D.Jacks.,Lathyrus emodi (Wall. ex Fritsch) Fritsch ex T.Durand & B.D.Jacks.,Native,0,0,0,0,0,0,0,1,0
Lecanthus peduncularis (Royle) Wedd.,Lecanthus peduncularis (Royle) Wedd.,Native,0,0,0,0,0,0,0,1,0
Leea asiatica (L.) Ridsdale,Leea asiatica (L.) Ridsdale,Native,0,0,0,0,0,0,0,1,0
Leonurus cardiaca L.,Leonurus cardiaca L.,Introduced,0,0,0,0,0,0,0,1,0
Leptorhabdos parviflora (Benth.) Benth.,Leptorhabdos parviflora (Benth.) Benth.,Native,0,0,0,0,0,0,0,1,0
Lepyrodiclis holosteoides (C.A.Mey.) Fenzl ex Fisch. & C.A.Mey.,Lepyrodiclis holosteoides (C.A.Mey.) Fenzl ex Fisch. & C.A.Mey.,Native,0,0,0,0,0,0,0,1,0
Leucas cephalotes (Roth) Spreng.,Leucas cephalotes (Roth) Spreng.,Native,0,0,0,0,0,1,0,0,0
Leucas lanata Benth.,Leucas lanata Benth.,Native,0,1,0,1,0,0,0,0,0
Leycesteria formosa Wall.,Leycesteria formosa Wall.,Native,0,0,0,1,0,1,1,1,0
Ligularia amplexicaulis DC.,Ligularia amplexicaulis DC.,Native,0,0,0,0,0,1,0,1,0
Limonia acidissima L.,Limonia acidissima L.,NA,0,0,1,0,0,0,0,0,0
Lindelofia longiflora (DC.) Baill.,Lindelofia longiflora (DC.) Baill.,Native,0,0,0,0,0,0,0,1,0
Litsea polyantha Juss.,Litsea monopetala (Roxb.) Pers.,Native,0,0,1,0,0,0,0,0,0
Lloydia serotina (L.) Rchb.,Gagea serotina (L.) Ker Gawl.,Native,0,0,0,0,0,0,0,1,0
Lonicera angustifolia Hayata,Lonicera acuminata Wall.,Native,1,0,1,1,0,0,0,1,0
Lonicera asperifolia (Decne.) Hook.f. & Thomson,Lonicera asperifolia (Decne.) Hook.f. & Thomson,Native,0,0,0,0,0,0,0,1,0
Lonicera hispida Pall. ex Schult.,Lonicera hispida Pall. ex Schult.,Native,0,0,0,0,0,0,0,1,0
Lonicera hypoleuca Decne.,Lonicera hypoleuca Decne.,Native,0,0,0,0,0,0,0,1,0
Lonicera myrtillus Hook.f. & Thomson,Lonicera angustifolia Wall. ex DC.,Native,0,0,0,0,0,1,0,0,0
Lonicera obovata Royle ex Hook.f. & Thomson,Lonicera obovata Royle ex Hook.f. & Thomson,Native,0,0,0,1,0,0,0,1,0
Lonicera orientalis Lam.,Lonicera caucasica Pall.,Native,0,0,0,0,0,0,0,1,0
Lonicera quinquelocularis Hardw.,Lonicera quinquelocularis Hardw.,Native,0,0,1,1,0,0,0,1,0
Lonicera webbiana Wall. ex DC.,Lonicera webbiana Wall. ex DC.,Native,0,0,0,0,0,0,0,1,0
Lyonia ovalifolia (Wall.) Drude,Lyonia ovalifolia (Wall.) Drude,Native,0,0,0,0,0,0,1,1,1
Lysimachia ferruginea Edgew.*,Lysimachia chenopodioides Watt ex Hook.f.,Native,0,0,0,0,0,0,0,1,0
Malaxis acuminata D.Don,Crepidium acuminatum (D.Don) Szlach.,Native,0,0,0,0,0,0,0,1,0
Malaxis muscifera (Lindl.) Kuntze,Malaxis muscifera (Lindl.) Kuntze,Native,0,0,1,0,0,0,0,1,0
Malva neglecta Wallr.,Malva neglecta Wallr.,Native,0,0,0,0,0,0,0,1,0
Mazus rugosus Lour.,Mazus pumilus (Burm.f.) Steenis,Native,0,0,0,0,0,1,0,0,0
Meconopsis aculeata Royle,Meconopsis aculeata Royle,Native,0,0,0,0,0,1,0,1,0
Meliosma dilleniifolia (Wall. ex Wight & Arn.) Walp.,Meliosma dilleniifolia (Wall. ex Wight & Arn.) Walp.,Native,1,0,0,0,0,0,0,0,0
Mentha longifolia (L.) L.,Mentha longifolia (L.) L.,Native,0,1,0,0,0,1,0,0,0
Meriandra strobilifera Benth.,Salvia strobilifera (Benth.) J.G.González,Native,0,0,0,1,0,0,0,0,0
Mertensia racemosa (Royle ex Benth.) C.B.Clarke,Decalepidanthus racemosus (Royle ex Benth.) Dickoré & Hilger,Native,0,0,0,0,0,1,0,1,0
Mesostemma latifolium (Benth. ex G.Don) Ikonn.,Mesostemma latifolium (Benth. ex G.Don) Ikonn.,Native,0,0,0,0,1,0,0,0,0
Micromeria biflora (Buch.-Ham. ex D.Don) Benth.,Micromeria biflora (Buch.-Ham. ex D.Don) Benth.,Native,0,0,1,1,0,1,0,0,0
Milium effusum L.,Milium effusum L.,Native,1,0,0,0,0,0,0,0,0
Morina longifolia Wall. ex DC.,Morina longifolia Wall. ex DC.,Native,0,0,1,0,0,1,0,0,0
Morus indica Ser.,Streblus asper Lour.,Native,0,0,1,0,0,0,0,0,0
Muhlenbergia himalayensis Hack. ex Hook.f.,Muhlenbergia himalayensis Hack. ex Hook.f.,Native,0,0,0,0,0,0,0,1,0
Myosotis sylvatica Ehrh. ex Hoffm.,Myosotis sylvatica Ehrh. ex Hoffm.,Native,0,0,0,0,0,0,0,1,0
Myosoton aquaticum (L.) Moench,Stellaria aquatica (L.) Scop.,Native,0,0,0,0,0,0,0,1,0
Myriactis nepalensis Less.,Myriactis nepalensis Less.,Native,0,0,0,1,0,0,0,0,0
Myrsine semiserrata Wall.,Myrsine semiserrata Wall.,Native,0,0,0,0,0,0,0,1,0
Neanotis hirsuta (L.f.) W.H.Lewis,Neanotis hirsuta (L.f.) W.H.Lewis,NA,0,0,0,0,0,0,0,1,0
Neolitsea lanuginosa (Nees) Gamble,Neolitsea cuipala (D.Don) Kosterm.,Native,0,0,0,0,0,0,0,1,0
Neolitsea pallens (D.Don) Momiy. & H.Hara,Neolitsea pallens (D.Don) Momiy. & H.Hara,Native,0,0,0,0,0,0,0,0,1
Neolitsea umbrosa (Nees) Gamble,Neolitsea umbrosa (Nees) Gamble,NA,0,0,0,0,0,0,0,1,0
Neottia listeroides Lindl.,Neottia listeroides Lindl.,Native,0,0,1,1,0,0,0,0,0
Nepeta connata Royle ex Benth.,Nepeta connata Royle ex Benth.,Native,0,0,0,0,0,0,0,1,0
Nepeta laevigata (D.Don) Hand.-Mazz.,Nepeta laevigata (D.Don) Hand.-Mazz.,Native,0,0,0,0,0,0,0,1,0
Nepeta lamiopsis Benth. ex Hook.f.,Nepeta lamiopsis Benth. ex Hook.f.,Native,0,0,0,0,0,1,0,0,0
Nepeta podostachys Benth.,Nepeta podostachys Benth.,Native,0,0,0,1,0,0,0,0,0
Ocimum sanctum L.,Ocimum tenuiflorum L.,Native,0,0,0,0,0,0,1,0,0
Ophiopogon intermedius D.Don,Ophiopogon intermedius D.Don,Native,0,0,0,1,0,1,0,1,0
Oplismenus undulatifolius (Ard.) P.Beauv.,Oplismenus undulatifolius (Ard.) P.Beauv.,Native,1,0,0,0,0,0,0,0,0
Oreoseris nivea DC.,Oreoseris nivea DC.,Native,0,0,0,0,1,0,0,0,0
Origanum vulgare L.,Origanum vulgare L.,Native,0,0,0,0,0,1,0,0,0
Orobanche alba Stephan ex Willd.,Orobanche alba Stephan ex Willd.,Native,0,0,0,0,0,0,0,1,0
Oroxylum indicum (L.) Kurz,Oroxylum indicum (L.) Kurz,Native,0,0,1,0,0,0,0,0,0
Oxyria digyna (L.) Hill,Oxyria digyna (L.) Hill,Native,0,0,0,0,0,1,0,0,0
Papaver dubium L.,Papaver dubium L.,Native,0,0,0,0,0,1,0,0,0
Paris polyphylla Sm.,Paris polyphylla Sm.,Native,0,0,0,0,0,0,0,1,0
Pedicularis bicornuta Klotzsch,Pedicularis bicornuta Klotzsch,Native,0,0,1,0,0,0,0,1,0
Pedicularis gracilis Wall. ex Benth.,Pedicularis gracilis Wall. ex Benth.,Native,0,0,0,0,0,0,0,1,0
Pedicularis hoffmeisteri Klotzsch,Pedicularis hoffmeisteri Klotzsch,Native,0,0,0,0,0,0,0,1,0
Pedicularis longiflora Rudolph,Pedicularis longiflora Rudolph,Native,0,0,0,0,0,0,0,1,0
Pedicularis pectinata Wall. ex Benth.,Pedicularis pectinata Wall. ex Benth.,Native,0,0,0,0,0,1,0,1,0
Pedicularis punctata Decne.,Pedicularis punctata Decne.,Native,0,0,0,0,0,0,0,1,0
Pedicularis pyramidata Royle ex Benth.,Pedicularis pyramidata Royle ex Benth.,Native,0,0,0,0,0,0,0,1,0
Pedicularis siphonantha D.Don,Pedicularis siphonantha D.Don,Native,0,0,1,0,0,0,0,0,0
Pergularia roylei (Wight) D.Dietr.,Marsdenia roylei Wight,Native,0,0,0,0,0,0,0,1,0
Peristylus duthiei (Hook.f.) Deva & H.B.Naithani,Herminium josephi Rchb.f.,Native,0,0,0,1,0,0,0,0,0
Peristylus elisabethae (Duthie) R.K.Gupta,Herminium elisabethae (Duthie) Tang & F.T.Wang,Native,0,0,1,0,0,0,0,0,0
Persea odoratissima (Nees) Kosterm.,Machilus odoratissimus Nees,Native,0,0,0,0,0,0,0,1,0
Persicaria alata (D.Don) Nakai,Persicaria nepalensis (Meisn.) H.Gross,Native,0,0,0,0,0,1,0,0,0
Persicaria vivipara (L.) Ronse Decr.,Bistorta vivipara (L.) Delarbre,Native,0,0,0,0,0,0,0,1,0
Persicaria wallichii Greuter & Burdet,Koenigia polystachya (Wall. ex Meisn.) T.M.Schust. & Reveal,Native,0,0,0,0,0,0,0,1,0
Phacelurus speciosus (Steud.) C.E.Hubb.,Phacelurus speciosus (Steud.) C.E.Hubb.,Native,0,0,0,0,0,0,0,1,0
Phleum alpinum L.,Phleum alpinum L.,Native,0,0,0,0,0,0,0,1,0
Phleum himalaicum Mez,Phleum himalaicum Mez,Native,0,0,0,0,0,0,0,1,0
Phlomis bracteosa Royle ex Benth.,Phlomoides bracteosa (Royle ex Benth.) Kamelin & Makhm.,Native,0,0,0,0,0,1,0,0,0
Phlomis macrophylla Benth.,Phlomoides macrophylla (Benth.) Kamelin & Makhm.,Native,0,0,0,0,0,0,0,1,0
Phlomoides bracteosa (Royle ex Benth.) Kamelin & Makhm.,Phlomoides bracteosa (Royle ex Benth.) Kamelin & Makhm.,Native,0,0,0,1,0,0,0,0,0
Phytolacca acinosa Roxb.,Phytolacca acinosa Roxb.,Native,0,0,0,0,0,0,1,1,0
Picea smithiana (Wall.) Boiss.,Picea smithiana (Wall.) Boiss.,Native,1,0,0,0,0,1,0,1,1
Picrorhiza kurroa Royle ex Benth.,Picrorhiza kurroa Royle ex Benth.,Native,0,1,0,0,0,1,0,0,0
Pilea umbrosa Wedd. ex Blume,Pilea umbrosa Wedd. ex Blume,Native,0,0,1,0,0,1,0,0,0
Pimpinella diversifolia DC.,Pimpinella diversifolia DC.,Native,0,0,0,0,0,1,0,0,0
Pinus excelsa Wall. ex D.Don,Pinus wallichiana A.B.Jacks.,Native,0,0,1,0,0,0,0,0,0
Pinus longifolia Roxb. ex Lamb.,Pinus roxburghii Sarg.,Native,0,0,1,0,0,0,0,0,0
Pinus roxburghii Sarg.,Pinus roxburghii Sarg.,Native,0,0,0,0,0,1,1,0,0
Pinus wallichiana A.B.Jacks.,Pinus wallichiana A.B.Jacks.,Native,1,0,0,0,0,0,0,1,0
Piptanthus nepalensis (Hook.) Sweet,Piptanthus nepalensis (Hook.) Sweet,Native,0,0,0,0,0,1,0,1,0
Plantago depressa Willd.,Plantago depressa Willd.,Native,0,1,0,0,0,1,0,0,0
Platanthera clavigera Lindl.,"Herminium clavigerum (Lindl.) X.H.Jin, Schuit., Raskoti & Lu Q.Huang",Native,0,0,0,0,0,0,0,1,0
Platanthera edgeworthii (Hook.f. ex Collett) R.K.Gupta,"Herminium edgeworthii (Hook.f. ex Collett) X.H.Jin, Schuit., Raskoti & Lu Q.Huang",Native,0,0,1,1,0,0,0,1,0
Pleurospermum brunonis (DC.) Benth. ex C.B.Clarke,Hymenidium brunonis (DC.) Lindl.,Native,0,1,0,0,0,1,0,1,0
Pleurospermum candollei (DC.) Benth. ex C.B.Clarke,Hymenolaena candollei DC.,Native,0,0,0,0,0,0,0,1,0
Pleurospermum stellatum (D.Don) Benth. ex C.B.Clarke,Hymenidium stellatum (D.Don) Pimenov & Kljuykov,Native,0,0,0,0,0,0,0,1,0
Poa alpina L.,Poa alpina L.,Native,0,0,0,0,0,0,0,1,0
Poa nemoralis L.,Poa nemoralis L.,Native,0,0,0,0,0,0,0,1,0
Poa stapfiana Bor,Poa stapfiana Bor,Native,0,0,0,0,0,0,0,1,0
Podophyllum hexandrum Royle,Podophyllum hexandrum Royle,Native,0,1,0,0,0,0,0,0,0
Polemonium caeruleum L.,Polemonium caeruleum L.,Native,0,0,0,0,0,0,0,1,0
Polygala crotalarioides Buch.-Ham. ex DC.,Polygala crotalarioides Buch.-Ham. ex DC.,Native,0,0,0,0,0,0,0,1,0
Polygala hottentotta C.Presl*,Polygala abyssinica R.Br. ex Fresen.,Native,0,0,0,0,0,0,0,1,0
Polygonatum cirrhifolium (Wall.) Royle,Polygonatum cirrhifolium (Wall.) Royle,Native,0,0,0,0,0,0,0,1,0
Polygonatum multiflorum (L.) All.*,Polygonatum geminiflorum Decne.,Native,0,0,0,0,0,1,0,0,0
Polygonatum verticillatum (L.) All.,Polygonatum verticillatum (L.) All.,Native,1,0,0,0,0,1,0,1,0
Polygonum amplexicaule D.Don,Bistorta amplexicaulis (D.Don) Greene,Native,0,0,1,0,0,0,0,0,0
Polygonum aviculare L.,Polygonum aviculare L.,Native,0,0,1,0,0,0,0,0,0
Polygonum capitatum Buch.-Ham. ex D.Don,Persicaria capitata (Buch.-Ham. ex D.Don) H.Gross,Native,0,0,1,0,0,0,0,0,0
Polygonum delicatulum Meisn.,Koenigia delicatula (Meisn.) H.Hara,Native,0,0,0,0,0,0,0,1,0
Polygonum effusum Meisn.,Polygonum effusum Meisn.,Native,0,0,1,0,0,0,0,0,0
Polygonum filicaule Wall. ex Meisn.,Koenigia filicaulis (Wall. ex Meisn.) Hedberg,Native,0,0,0,0,0,0,0,1,0
Polygonum nepalense Meisn.,Persicaria nepalensis (Meisn.) H.Gross,Native,0,0,1,0,0,0,0,0,0
Polygonum paronychioides C.A.Mey.,Polygonum paronychioides C.A.Mey.,Native,0,0,0,0,0,0,0,1,0
Polygonum posumbu Buch.-Ham. ex D.Don,Persicaria posumbu (Buch.-Ham. ex D.Don) H.Gross,Native,0,0,1,0,0,0,0,0,0
Polygonum speciosum Wall. ex Meisn.,Bistorta amplexicaulis (D.Don) Greene,Native,1,0,0,0,0,0,0,0,0
Ponerorchis chusua (D.Don) Soó,Hemipilia chusua (D.Don) Y.Tang & H.Peng,Native,0,0,0,0,0,0,0,1,0
Potentilla atrosanguinea G.Lodd.,Potentilla atrosanguinea G.Lodd.,Native,0,0,0,1,0,1,0,0,0
Potentilla eriocarpa Wall.,Potentilla eriocarpa Wall. ex Lehm.,Native,0,0,0,0,0,1,0,0,0
Potentilla fragarioides L.*,Potentilla gerardiana Lindl. ex Lehm.,Native,0,0,1,1,0,0,0,0,0
Potentilla gelida C.A.Mey.,Potentilla crantzii (Crantz) Beck ex Fritsch,Native,0,0,0,0,0,1,0,0,0
Potentilla lineata Trevir.,Argentina lineata (Trevir.) Soják,Native,0,0,1,0,0,0,0,0,0
Potentilla nepalensis Hook.,Potentilla nepalensis Hook.,Native,0,0,1,1,0,1,0,0,0
Potentilla polyphylla Wall. ex Lehm.,Argentina polyphylla (Wall. ex Lehm.) Soják,Native,0,0,1,0,0,1,0,0,0
Potentilla saundersiana Royle,Potentilla saundersiana Royle,Native,0,0,0,1,0,0,0,0,0
Potentilla supina L.,Potentilla supina L.,Native,0,0,0,0,0,0,0,1,0
Pouzolzia sanguinea (Blume) Merr.,Pouzolzia sanguinea (Blume) Merr.,NA,0,0,0,0,0,0,0,1,0
Prenanthes brunoniana Wall. ex DC.,Melanoseris brunoniana (Wall. ex DC.) N.Kilian & Ze H.Wang,Native,0,0,0,0,0,1,0,0,0
Primula atrodentata W.W.Sm.,Primula atrodentata W.W.Sm.,NA,0,0,0,0,0,1,0,0,0
Primula denticulata Sm.,Primula denticulata Sm.,Native,0,0,0,1,0,0,0,0,0
Primula floribunda Wall.,Evotrochis floribunda (Wall.) Fırat & Lidén,Native,0,0,0,0,0,1,0,0,0
Primula glomerata Pax,Primula glomerata Pax,NA,0,0,0,0,0,1,0,0,0
Primula involucrata Wall. ex Duby,Primula munroi Lindl.,Native,0,0,0,0,0,0,0,1,0
Primula petiolaris Wall.,Primula petiolaris Wall.,Native,0,0,0,0,0,0,0,1,0
Primula reidii Duthie,Primula reidii Duthie,Native,0,0,0,0,0,0,0,1,0
Prinsepia utilis Royle,Prinsepia utilis Royle,Native,0,0,0,0,0,1,0,0,0
Prunella vulgaris L.,Prunella vulgaris L.,Native,0,0,1,0,0,1,0,0,0
Prunus cerasoides Buch.-Ham. ex D.Don,Prunus cerasoides Buch.-Ham. ex D.Don,Native,0,0,0,1,0,0,1,0,1
Prunus cornuta (Wall. ex Royle) Steud.,Prunus cornuta (Wall. ex Royle) Steud.,Native,0,0,0,1,0,1,0,0,1
Prunus padus Brandis,Prunus cornuta (Wall. ex Royle) Steud.,Native,1,0,0,0,0,0,0,0,0
Pteracanthus alatus (Wall. ex Nees) Bremek.,Strobilanthes wallichii Nees,Native,0,0,0,0,0,1,0,0,0
Pyracantha crenulata (D.Don) M.Roem.,Pyracantha crenulata (D.Don) M.Roem.,Native,0,0,0,0,0,0,1,0,0
Pyrus lanata D.Don,Griffitharia lanata (D.Don) Rushforth,Native,1,0,0,0,0,0,0,0,0
Pyrus pashia Buch.-Ham. ex D.Don,Pyrus pashia Buch.-Ham. ex D.Don,Native,0,0,0,0,0,0,0,0,1
Quercus dilatata Royle,Quercus floribunda Lindl. ex A.Camus,Native,1,0,1,0,0,1,0,0,0
Quercus floribunda Lindl. ex A.Camus,Quercus floribunda Lindl. ex A.Camus,Native,0,0,0,0,0,0,0,0,1
Quercus glauca Thunb.,Quercus glauca Thunb.,Native,0,0,1,0,0,0,0,0,0
Quercus incana Roxb.,Quercus leucotrichophora A.Camus,Native,1,0,1,0,0,0,0,0,0
Quercus leucotrichophora A.Camus,Quercus leucotrichophora A.Camus,Native,0,0,0,0,0,1,0,0,1
Quercus semecarpifolia Sm.,Quercus semecarpifolia Sm.,Native,1,0,0,0,0,1,0,0,1
Rabdosia rugosa (Wall. ex Benth.) H.Hara,Isodon rugosus (Wall. ex Benth.) Codd,Native,0,0,0,0,0,1,0,0,0
Ranunculus adoxifolius Hand.-Mazz.,Ranunculus adoxifolius Hand.-Mazz.,Native,0,0,0,0,0,0,0,1,0
Ranunculus diffusus DC.,Ranunculus diffusus DC.,Native,0,0,0,1,0,1,0,0,0
Ranunculus distans D.Don,Ranunculus distans D.Don,Native,0,0,0,1,0,0,0,0,0
Ranunculus hirtellus Royle,Ranunculus hirtellus Royle,Native,0,0,1,1,0,0,0,0,0
Ranunculus laetus Wall. ex D.Don,Ranunculus distans D.Don,Native,0,0,0,0,0,1,0,0,0
Ranunculus pulchellus Ledeb. ex Spreng.,Ranunculus pulchellus Ledeb. ex Spreng.,Native,0,0,0,0,0,0,0,1,0
Ranunculus sceleratus L.,Ranunculus sceleratus L.,Native,0,0,1,0,0,0,0,0,0
Ranunculus trichophyllus Chaix,Ranunculus trichophyllus Chaix,Native,0,0,0,0,0,0,0,1,0
Remusatia pumila (D.Don) H.Li & A.Hay,Remusatia pumila (D.Don) H.Li & A.Hay,Native,0,0,0,0,0,0,0,1,0
Rhamnus procumbens Edgew.,Rhamnus procumbens Edgew.,NA,0,0,0,0,0,0,0,1,0
Rhamnus purpurea Edgew.,Rhamnus purpurea Edgew.,Native,1,0,0,0,0,0,0,1,0
Rhamnus virgata Roxb.,Rhamnus virgata Roxb.,Native,0,0,0,0,0,1,0,0,0
Rheum moorcroftianum Royle,Rheum moorcroftianum Royle,Native,0,1,0,0,0,0,0,0,0
Rheum webbianum Royle,Rheum webbianum Royle,Native,0,0,0,1,0,0,0,0,0
Rhodiola fastigiata (Hook.f. & Thomson) S.H.Fu,Rhodiola fastigiata (Hook.f. & Thomson) S.H.Fu,Native,0,0,0,0,0,1,0,0,0
Rhodiola heterodonta (Hook.f. & Thomson) Boriss.,Rhodiola heterodonta (Hook.f. & Thomson) Boriss.,Native,0,0,0,0,0,0,0,1,0
Rhodiola himalensis (D.Don) S.H.Fu,Rhodiola himalensis (D.Don) S.H.Fu,Native,0,0,0,0,0,0,0,1,0
Rhodiola tibetica (Hook.f. & Thomson) S.H.Fu,Rhodiola tibetica (Hook.f. & Thomson) S.H.Fu,Native,0,0,0,0,0,0,0,1,0
Rhodiola trifida H.Jacobsen,Rhodiola sinuata (Royle ex Edgew.) S.H.Fu,Native,0,0,1,0,0,0,0,0,0
Rhodiola wallichiana (Hook.) S.H.Fu,Rhodiola wallichiana (Hook.) S.H.Fu,Native,0,0,0,0,0,0,0,1,0
Rhododendron anthopogon D.Don,Rhododendron anthopogon D.Don,Native,0,0,0,1,0,1,0,1,0
Rhododendron arboreum Sm.,Rhododendron arboreum Sm.,Native,1,1,1,0,0,1,1,0,1
Rhododendron barbatum Wall. ex G.Don,Rhododendron barbatum Wall. ex G.Don,Native,1,0,0,0,0,0,0,0,0
Rhododendron campanulatum D.Don,Rhododendron campanulatum D.Don,Native,0,0,0,1,0,1,0,0,0
Rhododendron lepidotum Wall. ex G.Don,Rhododendron lepidotum Wall. ex G.Don,Native,0,0,0,0,0,0,0,1,0
Rhus chinensis Mill.,Rhus chinensis Mill.,Native,0,0,1,0,0,0,0,0,0
Rhus parviflora Roxb.,Searsia parviflora (Roxb.) F.A.Barkley,Native,0,0,0,0,0,0,1,0,0
Ribes alpestre Wall. ex Decne.,Ribes alpestre Wall. ex Decne.,Native,0,0,0,0,0,0,0,1,0
Ribes glaciale Wall.,Ribes glaciale Wall.,Native,1,0,0,0,0,0,0,1,0
Ribes himalense Royle ex Decne.,Ribes himalense Royle ex Decne.,Native,1,0,0,0,0,0,0,0,0
Ribes orientale Desf.,Ribes orientale Desf.,Native,0,0,0,0,0,0,0,1,0
Rosa brunonii Lindl.,Rosa brunonii Lindl.,Native,0,0,0,1,0,0,0,0,0
Rosa macrophylla Lindl.,Rosa macrophylla Lindl.,Native,1,0,0,0,0,1,0,1,0
Rosa sericea Lindl.,Rosa sericea Lindl.,Native,1,0,1,1,0,1,0,0,0
Roscoea alpina Royle,Roscoea alpina Royle,Native,0,0,1,1,0,1,0,1,0
Roscoea purpurea Sm.,Roscoea purpurea Sm.,Native,0,0,1,0,0,1,0,1,0
Rosularia adenotricha (Wall. ex Edgew.) C.-A.Jansson,Rosularia adenotricha (Wall. ex Edgew.) C.-A.Jansson,Native,0,0,0,0,0,0,0,1,0
Rosularia rosulata (Edgew.) H.Ohba,Rosularia rosulata (Edgew.) H.Ohba,Native,0,0,0,1,0,0,0,0,0
Rotala rotundifolia (Buch.-Ham. ex Roxb.) Koehne,Rotala rotundifolia (Buch.-Ham. ex Roxb.) Koehne,Native,0,0,0,0,0,0,0,1,0
Rubus ellipticus Sm.,Rubus ellipticus Sm.,Native,0,0,1,0,0,0,1,0,0
Rubus niveus Thunb.,Rubus niveus Thunb.,Native,1,0,1,1,0,0,0,0,0
Rubus paniculatus Sm.,Rubus paniculatus Sm.,Native,0,0,0,0,0,0,0,1,0
Rumex acetosa L.,Rumex acetosa L.,Native,0,0,1,0,0,0,0,0,0
Rumex denticulatus K.Koch,Rumex chalepensis Mill.,Native,0,0,0,0,0,1,0,0,0
Rumex hastatus D.Don,Rumex hastatus D.Don,Native,0,0,1,0,0,0,1,0,0
Rumex nepalensis Spreng.,Rumex nepalensis Spreng.,Native,0,1,1,0,0,1,0,0,0
Saccharum rufipilum Steud.,"Tripidium rufipilum (Steud.) Welker, Voronts. & E.A.Kellogg",Native,0,0,0,0,0,0,0,1,0
Saccharum spontaneum L.,Saccharum spontaneum L.,Native,0,0,0,0,0,0,0,1,0
Salix alba L.,Salix alba L.,Introduced,0,0,0,0,0,0,0,1,0
Salix denticulata Andersson,Salix denticulata Andersson,Native,0,0,0,0,0,0,0,1,0
Salix elegans Wall.,Salix denticulata Andersson,Native,1,0,1,0,0,0,0,0,0
Salix flabellaris Andersson*,Salix flabellaris Andersson,Native,0,0,0,0,0,0,0,1,0
Salix lindleyana Wall. ex Andersson,Salix lindleyana Wall. ex Andersson,Native,0,0,0,0,0,0,0,1,0
Salvia cana Wall. ex Benth.,Salvia cana Wall. ex Benth.,Native,0,0,0,1,0,0,0,0,0
Salvia lanata Roxb.,Salvia cana Wall. ex Benth.,Native,0,0,0,0,0,1,0,0,0
Sarcococca saligna (D.Don) Müll.Arg.,Sarcococca saligna (D.Don) Müll.Arg.,Native,1,0,0,0,0,0,0,0,0
Satyrium nepalense D.Don,Satyrium nepalense D.Don,Native,0,0,1,0,0,1,0,1,0
Saussurea auriculata (DC.) Sch.Bip.,"Jurinea auriculata (DC.) N.Garcia, Herrando & Susanna",Native,0,0,0,1,0,0,0,1,0
Saussurea candolleana (DC.) Sch.Bip.,Saussurea candolleana (DC.) Sch.Bip.,Native,0,0,0,0,0,1,0,0,0
Saussurea piptathera Edgew.,Saussurea piptathera Edgew.,Native,0,0,0,0,0,0,0,1,0
Saussurea taraxacifolia (Lindl. ex Royle) Wall. ex DC.,Saussurea taraxacifolia (Lindl. ex Royle) Wall. ex DC.,Native,0,0,0,0,0,0,0,1,0
Saxifraga brachypoda D.Don,Saxifraga brachypoda D.Don,Native,0,0,0,0,0,0,0,1,0
Saxifraga brunonis Wall. ex Ser.,Saxifraga brunonis Wall. ex Ser.,Native,0,0,0,0,0,0,0,1,0
Saxifraga moorcroftiana (Ser.) Wall. ex Sternb.,Saxifraga moorcroftiana (Ser.) Wall. ex Sternb.,Native,0,0,0,0,0,0,0,1,0
Saxifraga mucronulata Royle,Saxifraga mucronulata Royle,Native,0,0,0,0,0,0,0,1,0
Saxifraga pallida Wall. ex Ser.,Micranthes pallida (Wall. ex Ser.) Losinsk.,Native,0,0,0,0,0,0,0,1,0
Saxifraga parnassifolia D.Don,Saxifraga parnassifolia D.Don,Native,0,0,0,0,0,1,0,0,0
Saxifraga sibirica L.,Saxifraga sibirica L.,Native,0,0,0,1,0,0,0,1,0
Schisandra grandiflora (Wall.) Hook.f. & Thomson,Schisandra grandiflora (Wall.) Hook.f. & Thomson,Native,1,0,0,0,0,0,0,0,0
Schoenoplectiella juncoides (Roxb.) Lye,Schoenoplectiella juncoides (Roxb.) Lye,Native,0,0,0,0,0,0,0,1,0
Scurrula cordifolia (Wall.) G.Don,Scurrula cordifolia (Wall.) G.Don,Native,0,0,0,0,0,0,0,1,0
Scutellaria scandens D.Don,Scutellaria scandens D.Don,Native,0,0,0,1,0,0,0,1,0
Sedum ewersii Ledeb.,Hylotelephium ewersii (Ledeb.) H.Ohba,Native,0,0,0,0,0,1,0,0,0
Selinum tenuifolium Wall. ex DC.,Ligusticopsis wallichiana (DC.) Pimenov & Kljuykov,Native,0,0,0,0,0,1,0,0,0
Selinum vaginatum (Edgew.) C.B.Clarke,Selinum vaginatum (Edgew.) C.B.Clarke,Native,0,1,0,0,0,1,1,1,0
Senecio cappa Buch.-Ham. ex D.Don,Synotis cappa (Buch.-Ham. ex D.Don) C.Jeffrey & Y.L.Chen,Native,0,0,0,0,0,1,0,0,0
Senecio chrysanthemoides DC.,Jacobaea analoga (DC.) Veldkamp,Native,0,0,0,0,0,1,0,0,0
Senecio kunthianus Wall.,Synotis kunthiana (Wall. ex DC.) C.Jeffrey & Y.L.Chen,Native,0,0,0,0,0,0,0,1,0
Senecio rufinervis DC.,Synotis rufinervis (DC.) C.Jeffrey & Y.L.Chen,Native,0,0,0,0,0,1,0,1,0
Seseli libanotis (L.) W.D.J.Koch,Seseli libanotis (L.) W.D.J.Koch,NA,0,0,0,0,0,0,0,1,0
Setaria palmifolia (J.Koenig) Stapf,Setaria palmifolia (J.Koenig) Stapf,Native,0,0,0,0,0,0,0,1,0
Setaria pumila (Poir.) Roem. & Schult.,Setaria pumila (Poir.) Roem. & Schult.,Native,0,0,0,0,0,0,0,1,0
Sibbaldia cuneata Edgew.,Sibbaldia cuneata Edgew.,Native,0,0,0,1,0,0,0,0,0
Silene edgeworthii Bocquet,Silene edgeworthii Bocquet,Native,0,0,0,0,0,1,0,1,0
Silene griffithii Boiss.,Silene viscosa (L.) Pers.,Native,0,0,0,1,0,0,0,0,0
Silene indica Roxb. ex Otth,Silene indica Roxb. ex Otth,Native,0,0,0,0,0,0,0,1,0
Silene inflata Sm.,Silene vulgaris (Moench) Garcke,Native,0,0,1,0,0,1,0,0,0
Silene laxantha Majumdar,Silene laxantha Majumdar,Native,0,0,0,0,0,0,0,1,0
Silene setaesperma Majumdar,Silene setaesperma Majumdar,Native,0,0,1,0,0,0,0,0,0
Silene viscosa (L.) Pers.,Silene viscosa (L.) Pers.,Native,0,0,0,0,0,0,0,1,0
Silene vulgaris (Moench) Garcke,Silene vulgaris (Moench) Garcke,Native,0,0,0,0,0,0,0,1,0
Sinarundinaria falcata (Nees) C.S.Chao & Renvoize,Drepanostachyum falcatum (Nees) Keng f.,Native,0,0,0,0,0,0,0,1,0
Skimmia laureola (DC.) Decne.,Skimmia laureola (DC.) Decne.,Native,1,0,0,0,0,1,0,1,0
Smilacina purpurea Wall.,Maianthemum purpureum (Wall.) LaFrankie,Native,0,0,0,0,0,1,0,0,0
Smilax elegans Wall. ex Kunth,Smilax elegans Wall. ex Kunth,Native,0,0,0,0,0,0,0,1,0
Smilax vaginata Decne.,Smilax vaginata Decne.,Native,1,0,0,0,0,0,0,0,0
Solanum nigrum L.,Solanum nigrum L.,Native,0,0,0,0,0,0,1,0,0
Solanum pseudocapsicum L.,Solanum pseudocapsicum L.,Introduced,0,0,0,0,0,0,0,1,0
Solanum surattense Burm.f.,Solanum virginianum L.,Native,0,0,0,0,0,0,1,0,0
Solena amplexicaulis (Lam.) Gandhi,Solena amplexicaulis (Lam.) Gandhi,NA,0,0,0,0,0,0,0,1,0
Solidago virga-aurea Anon.,Solidago virgaurea L.,Native,0,0,0,0,0,1,0,0,0
Sophora mollis (Royle) Graham ex Baker,Sophora mollis (Royle) Graham ex Baker,Native,0,0,0,0,0,0,0,1,0
Sorbaria tomentosa (Lindl.) Rehder,Sorbaria tomentosa (Lindl.) Rehder,Native,0,0,0,0,0,0,0,1,0
Sorbus foliolosa (Wall.) Spach,Sorbus foliolosa (Wall.) Spach,Native,1,0,0,0,0,1,0,0,0
Sorbus microphylla (Wall. ex Hook.f.) Wenz.,Sorbus microphylla (Wall. ex Hook.f.) Wenz.,Native,0,0,0,0,0,1,0,0,0
Spiraea canescens D.Don,Spiraea canescens D.Don,Native,0,0,1,1,0,0,0,0,0
Spiranthes sinensis (Pers.) Ames,Spiranthes australis (R.Br.) Lindl.,Native,0,0,1,0,0,0,0,0,0
Spiranthes spiralis (L.) Chevall.,Spiranthes spiralis (L.) Chevall.,Native,0,0,0,1,0,0,0,0,0
Stachys melissifolia Benth.,Stachys splendens Wall. ex Benth.,Native,0,0,0,0,0,0,0,1,0
Stachys sericea Wall. ex Benth.,Stachys splendens Wall. ex Benth.,Native,0,0,0,0,0,1,0,0,0
Staphylea emodi Wall. ex Brandis,Staphylea emodi Wall. ex Brandis,Native,0,0,0,0,0,0,0,1,0
Stellaria himalayensis Majumdar,Mesostemma latifolium (Benth. ex G.Don) Ikonn.,Native,0,0,0,1,0,0,0,0,0
Stellaria media (L.) Vill.,Stellaria media (L.) Vill.,Native,0,0,1,0,0,1,0,0,0
Stellaria monosperma Buch.-Ham. ex D.Don,Schizotechium monospermum (Buch.-Ham. ex D.Don) Pusalkar & S.K.Srivast.,Native,0,0,0,0,0,0,0,1,0
Strobilanthes atropurpurea Nees,Strobilanthes atropurpurea Nees,Native,1,0,1,0,0,0,0,1,0
Strobilanthes attenuata (Wall. ex Nees) Jacq. ex Nees,Strobilanthes attenuata (Wall. ex Nees) Jacq. ex Nees,Native,0,0,0,1,0,0,0,0,0
Strobilanthes wallichii Nees,Strobilanthes wallichii Nees,Native,1,0,0,0,0,0,0,1,0
Swertia alternifolia Royle,Swertia alternifolia Royle,Native,0,0,0,0,0,1,0,1,0
Swertia chirata Buch.-Ham. ex Wall.,Swertia chirayita (Roxb.) H.Karst.,Native,0,1,0,0,0,0,0,0,0
Swertia ciliata (D.Don) B.L.Burtt,Swertia purpurascens (D.Don) C.B.Clarke,Native,0,0,0,0,0,0,0,1,0
Swertia cordata (G.Don) Wall. ex C.B.Clarke,Swertia cordata (G.Don) Wall. ex C.B.Clarke,Native,0,0,0,0,0,1,0,0,0
Swertia cuneata D.Don,Swertia cuneata D.Don,Native,0,0,0,0,0,0,0,1,0
Swertia paniculata Wall.,Swertia paniculata Wall.,Native,0,0,0,0,0,1,0,0,0
Swertia purpurascens (D.Don) C.B.Clarke,Swertia purpurascens (D.Don) C.B.Clarke,Native,0,1,0,0,0,1,0,0,0
Swertia racemosa (Griseb.) Wall. ex C.B.Clarke,Swertia racemosa (Griseb.) Wall. ex C.B.Clarke,NA,0,0,0,0,0,1,0,0,0
Swertia speciosa D.Don,Swertia speciosa D.Don,Native,0,0,0,1,0,1,0,1,0
Swertia tetragona Edgew.,Swertia tetragona Edgew.,Native,0,0,1,0,0,0,0,0,0
Synotis alata (Wall. ex DC.) C.Jeffrey & Y.L.Chen,Synotis alata (Wall. ex DC.) C.Jeffrey & Y.L.Chen,Native,0,0,0,0,0,1,0,0,0
Syringa emodi Wall. ex Royle,Syringa emodi Wall. ex Royle,Native,0,0,0,0,0,0,0,1,1
Tagetes minuta L.,Tagetes minuta L.,Introduced,0,0,0,0,0,1,0,0,0
Tanacetum longifolium Wall. ex DC.,Hippolytia longifolia (Rech.f.) C.Shih,Native,0,0,0,0,0,1,0,1,0
Taraxacum officinale F.H.Wigg.,Taraxacum officinale F.H.Wigg.,Introduced,0,0,1,0,0,1,0,0,0
Taxus wallichiana Zucc.,Taxus wallichiana Zucc.,Native,1,0,0,0,0,0,0,1,1
Tephrosia purpurea (L.) Pers.,Tephrosia purpurea (L.) Pers.,Native,0,0,0,1,0,0,0,0,0
Tetrastigma serrulatum (Roxb.) Planch.,Tetrastigma serrulatum (Roxb.) Planch.,Native,0,0,0,0,0,0,0,1,0
Thalictrum alpinum L.,Thalictrum alpinum L.,Native,0,0,0,0,0,0,0,1,0
Thalictrum cultratum Wall.,Thalictrum cultratum Wall.,Native,0,0,0,0,0,1,0,1,0
Thalictrum foliolosum DC.,Thalictrum foliolosum DC.,Native,0,0,1,1,0,1,0,0,0
Thalictrum minus L.,Thalictrum minus L.,Native,0,0,0,0,0,1,0,1,0
Thalictrum pedunculatum Edgew.,Thalictrum pedunculatum Edgew.,Native,0,0,0,0,0,0,0,1,0
Thalictrum reniforme Wall.,Thalictrum reniforme Wall.,Native,0,0,0,0,0,1,0,1,0
Thamnocalamus falconeri Hook.f. ex Munro,Himalayacalamus falconeri (Hook.f. ex Munro) Keng f.,Native,1,0,0,0,0,0,0,0,0
Thamnocalamus spathiflorus (Trin.) Munro,Thamnocalamus spathiflorus (Trin.) Munro,Native,1,0,0,0,0,0,0,1,0
Thlaspi arvense L.,Thlaspi arvense L.,Native,0,0,0,0,0,0,0,1,0
Thlaspi cochleariforme DC.,Noccaea cochleariformis (DC.) Á.Löve & D.Löve,Native,0,0,0,0,0,0,0,1,0
Thymus serpyllum L.*,Thymus linearis Benth.,Native,0,1,1,0,0,1,1,0,0
Toxicodendron wallichii (Hook.f.) Kuntze,Toxicodendron wallichii (Hook.f.) Kuntze,Native,0,0,0,0,0,0,0,1,0
Tridax procumbens L.,Tridax procumbens L.,NA,0,0,0,0,0,1,0,0,0
Trifolium dubium Sibth.,Trifolium dubium Sibth.,Introduced,0,0,0,1,0,0,0,1,0
Trifolium pratense L.,Trifolium pratense L.,Native,0,0,0,0,0,0,0,1,0
Trigonella emodi Benth.,Trigonella emodi Benth.,Native,0,0,0,0,0,0,0,1,0
Trigonella gracilis Benth.,Trigonella gracilis Benth.,Native,0,0,0,0,0,0,0,1,0
Trillium govanianum Wall. ex D.Don,Trillium govanianum Wall. ex D.Don,Native,0,0,0,0,0,0,1,1,0
Trisetum aeneum (Hook.f.) R.R.Stewart,Sibirotrisetum aeneum (Hook.f.) Barberá,Native,0,0,0,0,0,0,0,1,0
Trisetum clarkei (Hook.f.) R.R.Stewart,Trisetum clarkei (Hook.f.) R.R.Stewart,Native,0,0,0,0,0,0,0,1,0
Trisetum spicatum (L.) K.Richt.,"Koeleria spicata (L.) Barberá, Quintanar, Soreng & P.M.Peterson",Native,0,0,0,0,0,0,0,1,0
Trollius acaulis Lindl.,Trollius acaulis Lindl.,Native,0,0,0,0,0,0,0,1,0
Urtica dioica L.,Urtica dioica L.,Native,0,0,0,0,0,0,1,0,0
Urtica parviflora Roxb.,Urtica ardens Link,Native,0,0,0,0,0,0,1,0,0
Valeriana hardwickei Wall.,Valeriana hardwickei Wall.,Native,1,0,0,0,0,1,0,1,0
Valeriana jatamansi Jones ex Roxb.,Valeriana jatamansi Jones ex Roxb.,Native,1,1,0,1,0,1,1,0,0
Verbascum thapsus L.,Verbascum thapsus L.,Native,0,0,1,0,0,1,1,0,0
Verbena bonariensis L.,Verbena bonariensis L.,Introduced,0,0,0,0,0,1,0,0,0
Veronica alpina subsp. pumila (All.) Dostál,Veronica alpina L.,Native,0,0,0,0,0,0,0,1,0
Veronica biloba L.,Veronica biloba Schreb. ex L.,Native,0,0,0,0,0,0,0,1,0
Veronica melissifolia Poir.*,Veronica laxa Benth.,Native,0,0,0,0,0,0,0,1,0
Viburnum cotinifolium D.Don,Viburnum cotinifolium D.Don,Native,1,0,1,0,0,1,0,0,0
Viburnum foetens Decne.,Viburnum grandiflorum Wall. ex DC.,Native,1,0,0,0,0,0,0,0,0
Viburnum grandiflorum Wall. ex DC.,Viburnum grandiflorum Wall. ex DC.,Native,0,0,0,1,0,0,0,0,0
Viburnum mullaha Buch.-Ham. ex D.Don,Viburnum mullaha Buch.-Ham. ex D.Don,Native,0,0,0,0,0,1,0,1,0
Viburnum nervosum D.Don,Viburnum nervosum D.Don,Native,1,0,0,0,0,1,0,0,0
Viburnum stellulatum Wall. ex DC.,Viburnum mullaha Buch.-Ham. ex D.Don,Native,1,0,0,0,0,0,0,0,0
Vicatia coniifolia DC.,Vicatia coniifolia DC.,Native,0,0,0,1,0,0,0,0,0
Vicia tenera Benth.,Vicia tenera Benth.,Native,0,0,0,0,0,0,0,1,0
Viola betonicifolia Sm.,Viola betonicifolia Sm.,Native,0,0,0,0,0,0,0,1,0
Viola biflora L.,Viola biflora L.,Native,0,0,0,0,0,1,0,0,0
Viola canescens Wall.,Viola canescens Wall.,Native,1,0,1,0,0,0,0,0,0
Viola pilosa Blume,Viola pilosa Blume,Native,0,0,0,0,0,0,0,1,0
Viola serpens Wall. ex Ging.,Viola pilosa Blume,Native,0,1,0,0,0,1,0,0,0
Vitex negundo L.,Vitex negundo L.,Native,0,0,0,0,0,0,1,0,0
Vitis himalayana (Royle) Brandis,Parthenocissus semicordata (Wall.) Planch.,Native,1,0,0,0,0,0,0,0,0
Wikstroemia canescens Meisn.,Wikstroemia canescens Meisn.,Native,0,0,0,1,0,0,0,1,0
Wulfeniopsis amherstiana (Benth.) D.Y.Hong,Wulfeniopsis amherstiana (Benth.) D.Y.Hong,Native,0,0,0,0,0,0,0,1,0
Zanthoxylum armatum DC.,Zanthoxylum armatum DC.,Native,0,0,0,0,0,0,1,0,0
