"given_name","powo_taxa","powo_author","powo_dist","Champion1968","Choudhary2007","Choudhary2012","eFI2022","FOI2022","Gupta1998","Radha2019","Subramani2014","Thakur2021a"
"Abies pindrow","Abies pindrow","(Royle ex D.Don) Royle","Native",1,0,1,1,0,1,0,0,1
"Abies pindrow","Abies pindrow","(Royle ex D.Don) Royle","Native",0,0,0,1,0,0,0,0,0
"Abies spectabilis","Abies spectabilis","(D.Don) Mirb.","Native",0,0,0,1,0,0,0,1,1
"Abrus precatorius","Abrus precatorius","L.","Native",0,0,0,0,0,0,1,0,0
"Acer acuminatum","Acer acuminatum","Wall. ex D.Don","Native",1,0,0,0,0,0,0,1,0
"Acer caesium","Acer caesium","Wall. ex Brandis","Native",1,0,0,0,0,0,0,1,1
"Acer cappadocicum","Acer cappadocicum","Gled.","Native",0,0,0,0,0,0,0,1,0
"Acer pentapomicum","Acer pentapomicum","J.L.Stewart","Native",0,0,0,0,0,0,0,1,1
"Acer pictum","Acer pictum","Thunb.",NA,0,0,0,0,0,1,0,0,0
"Achillea millefolium","Achillea millefolium","L.","Native",0,0,0,0,0,1,1,0,0
"Aconitum heterophyllum","Aconitum heterophyllum","Wall. ex Royle","Native",0,1,0,0,0,1,0,0,0
"Aconitum laeve","Aconitum laeve","Royle","Native",0,0,0,0,0,0,0,1,0
"Aconogonon molle","Koenigia mollis","(D.Don) T.M.Schust. & Reveal","Native",0,0,0,0,0,1,0,0,0
"Aconogonon rumicifolium","Koenigia rumicifolia","(Royle ex Bab.) T.M.Schust. & Reveal","Native",0,0,0,0,0,1,0,1,0
"Acorus calamus","Acorus calamus","L.","Native",0,1,0,0,0,1,0,0,0
"Acronema hookeri","Acronema hookeri","(C.B.Clarke) H.Wolff","Native",0,0,0,0,0,0,0,1,0
"Actaea spicata","Actaea spicata","L.","Native",0,0,0,0,0,0,0,1,0
"Adhatoda vasica","Justicia adhatoda","L.","Native",0,0,0,0,0,0,1,0,0
"Adiantum venustum","Adiantum venustum","D.Don","Native",1,0,0,0,0,0,0,0,0
"Aegle marmelos","Aegle marmelos","(L.) Corrêa","Native",0,0,1,0,0,0,0,0,0
"Aesculus indica","Aesculus indica","(Wall. ex Cambess.) Hook.","Native",0,0,0,0,0,1,0,1,0
"Ageratina adenophora","Ageratina adenophora","(Spreng.) R.M.King & H.Rob.","Introduced",0,0,0,0,0,0,1,0,0
"Ageratum conyzoides","Ageratum conyzoides","L.","Introduced",0,0,1,0,0,0,0,0,0
"Agrimonia pilosa","Agrimonia pilosa","Ledeb.","Native",0,0,0,0,0,1,0,1,0
"Agropyron longearistatum","Elymus longearistatus","(Boiss.) Tzvelev","Native",1,0,0,0,0,0,0,0,0
"Agropyron semicostatum","Elymus semicostatus","(Steud.) Melderis","Native",1,0,0,0,0,0,0,0,0
"Agrostis munroana","Agrostis munroana","Aitch. & Hemsl.","Native",0,0,0,0,0,0,0,1,0
"Agrostis stolonifera","Agrostis stolonifera","L.","Native",0,0,0,0,0,0,0,1,0
"Ailanthus altissima","Ailanthus altissima","(Mill.) Swingle","Introduced",0,0,0,0,0,0,0,1,1
"Ainsliaea aptera","Ainsliaea aptera","DC.","Native",0,0,0,0,0,1,0,1,0
"Ainsliaea latifolia","Ainsliaea latifolia","(D.Don) Sch.Bip.","Native",0,0,0,0,0,0,0,1,0
"Ajuga integrifolia","Ajuga integrifolia","Buch.-Ham. ex D.Don","Native",0,0,0,1,0,0,0,0,0
"Ajuga parviflora","Ajuga parviflora","Benth.","Native",0,0,0,1,0,1,0,0,0
"Alangium chinense","Alangium chinense","(Lour.) Harms","Native",0,0,0,0,0,0,0,1,0
"Albizia chinensis","Albizia chinensis","(Osbeck) Merr.","Native",0,0,0,1,0,0,0,0,0
"Aletris pauciflora","Aletris pauciflora","(Klotzsch) Hand.-Mazz.","Native",0,0,0,0,0,0,0,1,0
"Alisma plantago-aquatica","Alisma plantago-aquatica","L.","Native",0,0,0,0,0,0,0,1,0
"Allium govanianum","Allium humile","Kunth","Native",0,1,0,0,0,0,0,0,0
"Allium humile","Allium humile","Kunth","Native",0,0,0,0,0,1,0,1,0
"Allium victorialis","Allium victorialis","L.","Native",0,0,0,0,0,0,0,1,0
"Allium wallichii","Allium wallichii","Kunth","Native",0,0,0,0,0,0,0,1,0
"Alnus nepalensis","Alnus nepalensis","D.Don","Native",0,0,1,0,0,0,0,0,1
"Amaranthus viridis","Amaranthus viridis","L.","Introduced",0,0,0,0,0,0,1,0,0
"Anaphalis araneosa","Anaphalis busua","(Buch.-Ham.) DC.","Native",0,0,0,0,0,1,0,0,0
"Anaphalis contorta","Anaphalis contorta","(D.Don) Hook.f.","Native",0,0,0,0,0,1,0,0,0
"Anaphalis margaritacea","Anaphalis margaritacea","(L.) Benth. & Hook.f.","Native",0,0,1,0,0,0,0,0,0
"Anaphalis nepalensis","Anaphalis nepalensis","(Spreng.) Hand.-Mazz.","Native",0,0,0,0,0,0,0,1,0
"Anaphalis nubigena","Anaphalis nepalensis","(Spreng.) Hand.-Mazz.","Native",0,0,0,0,0,1,0,0,0
"Anaphalis triplinervis","Anaphalis triplinervis","(Sims) C.B.Clarke","Native",0,0,0,0,0,0,0,1,0
"Androsace lanuginosa","Androsace lanuginosa","Wall.","Native",0,0,0,1,0,1,0,0,0
"Androsace sarmentosa","Androsace sarmentosa","Wall.","Native",0,0,1,0,0,0,0,0,0
"Androsace sempervivoides","Androsace sempervivoides","Jacquem. ex Duby","Native",0,0,0,0,0,0,0,1,0
"Anemone obtusiloba","Anemonastrum obtusilobum","(D.Don) Mosyakin","Native",0,0,0,0,0,1,0,0,0
"Anemone rivularis","Eriocapitella rivularis","(Buch.-Ham. ex DC.) Christenh. & Byng","Native",1,0,0,0,0,0,0,0,0
"Anemone tetrasepala","Anemonastrum tetrasepalum","(Royle) Holub","Native",0,0,0,0,0,1,0,0,0
"Anemone vitifolia","Eriocapitella vitifolia","(Buch.-Ham. ex DC.) Nakai","Native",0,0,1,0,0,1,0,0,0
"Angelica glauca","Angelica glauca","Edgew.","Native",0,1,0,0,0,1,0,1,0
"Apium graveolens","Apium graveolens","L.","Native",0,0,0,1,0,0,0,0,0
"Aquilegia pubiflora","Aquilegia pubiflora","Wall. ex Royle","Native",0,0,0,1,0,0,0,1,0
"Arabis pterosperma","Arabis pterosperma","Edgew.","Native",0,0,0,0,0,0,0,1,0
"Arenaria festucoides","Eremogone festucoides","(Benth.) Pusalkar & D.K.Singh","Native",0,0,0,0,0,0,0,1,0
"Argemone mexicana","Argemone mexicana","L.","Introduced",0,0,0,0,0,0,1,0,0
"Argostemma sarmentosum","Argostemma sarmentosum","Wall.","Native",0,0,0,1,0,0,0,0,0
"Argostemma verticillatum","Argostemma verticillatum","Wall.","Native",0,0,0,0,0,0,0,1,0
"Arisaema costatum","Arisaema costatum","(Wall.) Mart.","Native",0,0,0,0,0,1,0,0,0
"Arisaema flavum","Arisaema flavum","(Forssk.) Schott","Native",0,1,0,0,0,1,0,1,0
"Arisaema intermedium","Arisaema intermedium","Blume","Native",0,0,0,0,0,0,0,1,0
"Arisaema jacquemontii","Arisaema jacquemontii","Blume","Native",0,0,1,0,0,0,0,0,0
"Arisaema utile","Arisaema utile","Hook.f. ex Schott","Native",0,0,0,0,0,0,0,1,0
"Artemisia indica","Artemisia indica","Willd.","Native",0,0,0,0,0,0,0,1,0
"Artemisia roxburghiana","Artemisia roxburghiana","Besser","Native",0,0,0,0,0,1,0,0,0
"Artemisia vulgaris","Artemisia vulgaris","L.","Native",0,1,0,0,0,1,0,0,0
"Arundinaria falcata","Drepanostachyum falcatum","(Nees) Keng f.","Native",1,0,0,0,0,0,0,0,0
"Arundinaria jaunsarensis","Yushania anceps","(Mitford) W.C.Lin","Native",1,0,0,0,0,0,0,0,0
"Arundinaria spathiflora","Thamnocalamus spathiflorus","(Trin.) Munro","Native",0,0,1,0,0,0,0,0,0
"Arundinella nepalensis","Arundinella nepalensis","Trin.","Native",0,0,0,0,0,0,0,1,0
"Asclepias curassavica","Asclepias curassavica","L.","Introduced",0,0,0,0,0,1,0,0,0
"Aspidium aculeatum","Polystichum aculeatum","(L.) Roth","Native",1,0,0,0,0,0,0,0,0
"Aster molliusculus","Aster molliusculus","(Lindl. ex DC.) C.B.Clarke","Native",0,0,0,0,0,1,0,1,0
"Aster peduncularis","Cordiofontis peduncularis","(Wall. ex Nees) G.L.Nesom","Native",0,0,0,0,0,1,0,0,0
"Aster thomsonii","Cordiofontis flexuosa","(Royle ex Lindl.) G.L.Nesom","Native",0,0,1,0,0,0,0,0,0
"Astilbe rivularis","Astilbe rivularis","Buch.-Ham. ex D.Don","Native",0,0,0,0,0,1,0,1,0
"Bauhinia variegata","Bauhinia variegata","L.","Doubtful",0,0,1,0,0,0,1,0,0
"Begonia picta","Begonia picta","Sm.","Native",0,0,1,0,0,0,0,0,0
"Berberis angulosa","Berberis angulosa","Wall. ex Hook.f. & Thomson",NA,0,0,0,0,0,1,0,0,0
"Berberis aristata","Berberis aristata","DC.","Native",0,0,1,1,0,0,0,1,0
"Berberis coriaria","Berberis coriaria","Royle ex Lindl.","Native",0,0,0,0,0,0,0,1,0
"Berberis jaeschkeana","Berberis jaeschkeana","C.K.Schneid.","Native",0,0,0,0,0,0,0,1,0
"Berberis lycium","Berberis lycium","Royle","Native",0,0,0,1,0,0,1,0,0
"Bergenia ciliata","Bergenia ciliata","(Haw.) Sternb.","Native",0,1,0,0,0,1,0,0,0
"Bergenia stracheyi","Bergenia stracheyi","(Hook.f. & Thomson) Engl.","Native",0,0,0,0,0,1,0,0,0
"Betula alnoides","Betula alnoides","Buch.-Ham. ex D.Don","Native",1,0,1,0,0,0,0,0,0
"Betula utilis","Betula utilis","D.Don","Native",1,1,0,0,0,1,1,1,1
"Bidens tripartita","Bidens tripartita","L.","Native",0,0,0,0,0,0,0,1,0
"Bistorta affinis","Bistorta affinis","(D.Don) Greene","Native",0,0,0,1,0,1,0,1,0
"Bistorta amplexicaulis","Bistorta amplexicaulis","(D.Don) Greene","Native",0,0,0,0,0,1,0,0,0
"Bistorta emodi","Bistorta emodi","(Meisn.) H.Hara","Native",0,0,0,0,0,0,0,1,0
"Bistorta vivipara","Bistorta vivipara","(L.) Delarbre","Native",0,0,0,1,0,0,0,0,0
"Boehmeria platyphylla","Boehmeria virgata","(G.Forst.) Guill.","Native",0,0,0,0,0,1,0,0,0
"Boenninghausenia albiflora","Boenninghausenia albiflora","(Hook.) Rchb. ex Meisn.","Native",0,1,0,0,0,1,0,0,0
"Brachiaria villosa","Urochloa villosa","(Lam.) T.Q.Nguyen","Native",0,0,0,0,0,0,0,1,0
"Brachypodium sylvaticum","Brachypodium sylvaticum","(Huds.) P.Beauv.","Native",1,0,0,0,0,0,0,0,0
"Bromus asper","Bromus ramosus","Huds.","Native",1,0,0,0,0,0,0,0,0
"Bromus japonicus","Bromus japonicus","Houtt.","Native",1,0,0,0,0,0,0,0,0
"Bromus ramosus","Bromus ramosus","Huds.","Native",0,0,0,0,0,0,0,1,0
"Buddleja paniculata","Buddleja asiatica","Lour.","Native",0,0,1,0,0,0,0,0,0
"Bupleurum aitchisonii","Bupleurum aitchisonii","(Boiss.) H.Wolff","Native",0,0,0,0,0,0,0,1,0
"Bupleurum candollei","Bupleurum candollei","Wall. ex DC.","Native",0,0,1,0,0,0,0,0,0
"Bupleurum falcatum","Bupleurum marginatum","Wall. ex DC.","Native",0,0,0,0,0,0,0,1,0
"Bupleurum lanceolatum","Bupleurum lanceolatum","Wall. ex DC.","Native",0,0,0,0,0,0,0,1,0
"Bupleurum longicaule","Bupleurum longicaule","Wall. ex DC.","Native",0,0,0,1,0,1,0,0,0
"Bupleurum maddenii","Bupleurum maddenii","C.B.Clarke","Native",0,0,0,0,0,0,0,1,0
"Bupleurum tenue","Bupleurum hamiltonii","N.P.Balakr.","Native",0,0,0,0,0,1,0,0,0
"Buxus wallichiana","Buxus wallichiana","Baill.","Native",0,0,0,0,0,0,0,1,1
"Calamagrostis emodensis","Calamagrostis emodensis","Griseb.","Native",0,0,0,0,0,0,0,1,0
"Calamagrostis pseudophragmites","Calamagrostis pseudophragmites","(Haller f.) Koeler","Native",0,0,0,0,0,0,0,1,0
"Calanthe tricarinata","Calanthe tricarinata","Lindl.","Native",0,0,0,1,0,1,0,1,0
"Calotropis procera","Calotropis procera","(Aiton) W.T.Aiton",NA,0,0,0,0,0,1,0,0,0
"Caltha palustris","Caltha palustris","L.","Native",0,0,0,0,0,1,0,0,0
"Caltha palustris","Caltha alba","Cambess.","Native",0,0,0,1,0,0,0,0,0
"Campanula argyrotricha","Campanula argyrotricha","Wall. ex A.DC.","Native",0,0,0,0,0,1,0,1,0
"Campanula latifolia","Campanula latifolia","L.","Native",0,0,0,0,0,0,0,1,0
"Campanula pallida","Campanula pallida","Wall.","Native",0,0,0,0,0,1,0,0,0
"Cannabis sativa","Cannabis sativa","L.","Introduced",0,0,1,0,0,0,1,0,0
"Caragana brevispina","Caragana brevispina","Benth.","Native",0,0,0,0,0,0,0,1,0
"Cardamine macrophylla","Cardamine macrophylla","Willd.","Native",0,0,0,0,0,0,0,1,0
"Cardiocrinum giganteum","Cardiocrinum giganteum","(Wall.) Makino","Native",0,0,0,0,0,0,0,1,0
"Carex filicina","Carex filicina","Nees","Native",0,0,0,0,0,0,0,1,0
"Carex haematostoma","Carex haematostoma","Nees","Native",0,0,0,0,0,0,0,1,0
"Carex hebecarpa","Carex hebecarpa","C.A.Mey.","Native",0,0,0,0,0,0,0,1,0
"Carex nivalis","Carex nivalis","Boott","Native",0,0,0,0,0,0,0,1,0
"Carex norvegica","Carex norvegica","Retz.","Native",0,0,0,0,0,0,0,1,0
"Carex obscura","Carex obscura","Nees","Native",0,0,0,0,0,0,0,1,0
"Carex remota","Carex remota","L.","Native",0,0,0,0,0,0,0,1,0
"Carex wallichiana","Carex wallichiana","Spreng.","Native",0,0,0,0,0,0,0,1,0
"Carpesium cernuum","Carpesium cernuum","L.","Native",0,0,0,0,0,0,0,1,0
"Cassiope fastigiata","Cassiope fastigiata","(Wall.) D.Don","Native",0,0,0,0,0,1,0,1,0
"Cautleya spicata","Cautleya spicata","(Sm.) Baker","Native",0,0,1,0,0,0,0,0,0
"Cedrela serrata","Toona sinensis","(A.Juss.) M.Roem.",NA,0,0,1,0,0,0,0,0,0
"Cedrela toona","Toona ciliata","M.Roem.",NA,0,0,1,0,0,0,0,0,0
"Cedrus deodara","Cedrus deodara","(Roxb. ex D.Don) G.Don","Native",1,1,1,0,0,1,0,0,0
"Cephalanthera longifolia","Cephalanthera longifolia","(L.) Fritsch","Native",0,0,0,1,0,0,0,1,0
"Cephalorrhynchus macrorhizus","Melanoseris macrorhiza","(Royle) N.Kilian","Native",0,0,0,0,0,0,0,1,0
"Cerasus cerasoides","Prunus cerasoides","Buch.-Ham. ex D.Don","Native",0,0,0,0,0,0,0,1,0
"Chaerophyllum reflexum","Chaerophyllum reflexum","Lindl.","Native",0,0,0,0,0,0,0,1,0
"Chaerophyllum villosum","Chaerophyllum villosum","Wall. ex DC.","Native",0,0,0,0,0,0,0,1,0
"Chamaecrista nomame","Chamaecrista nomame","(Makino) H.Ohashi","Native",0,0,0,0,0,0,0,1,0
"Chenopodium album","Chenopodium album","L.","Native",0,0,0,0,0,0,1,0,0
"Chionanthus ramiflorus","Chionanthus ramiflorus","Roxb.","Native",0,0,0,0,0,0,0,1,0
"Chirita bifolia","Henckelia bifolia","(D.Don) A.Dietr.","Native",0,0,1,0,0,0,0,1,0
"Chrysopogon serrulatus","Chrysopogon serrulatus","Trin.","Native",0,0,0,0,0,0,0,1,0
"Cicerbita macrorhiza","Melanoseris macrorhiza","(Royle) N.Kilian","Native",0,0,0,0,0,1,0,0,0
"Cinnamomum tamala","Cinnamomum tamala","(Buch.-Ham.) T.Nees & C.H.Eberm.","Native",0,0,1,0,0,0,0,0,0
"Circaea alpina","Circaea alpina","L.","Native",0,0,0,0,0,0,0,1,0
"Cirsium falconeri","Cirsium falconeri","(Hook.f.) Petr.","Native",0,0,1,0,0,0,0,0,0
"Cissampelos pareira","Cissampelos pareira","L.","Native",0,0,1,0,0,0,0,0,0
"Clematis barbellata","Clematis barbellata","Edgew.","Native",1,0,0,0,0,0,0,1,0
"Clematis buchananiana","Clematis buchananiana","DC.","Native",0,0,0,0,0,1,0,0,0
"Clematis montana","Clematis montana","Buch.-Ham. ex DC.","Native",1,0,0,0,0,1,0,0,0
"Clintonia udensis","Clintonia udensis","Trautv. & C.A.Mey.","Native",0,0,0,0,0,0,0,1,0
"Cocculus laurifolius","Cocculus laurifolius","DC.","Native",0,0,0,1,0,0,0,0,0
"Codonopsis viridis","Codonopsis viridis","Wall.","Native",0,0,1,0,0,0,0,0,0
"Colebrookea oppositifolia","Colebrookea oppositifolia","Sm.","Native",0,0,0,0,0,1,0,0,0
"Comastoma tenellum","Comastoma tenellum","(Rottb.) Toyok.","Native",0,0,0,0,0,0,0,1,0
"Commelina benghalensis","Commelina benghalensis","L.","Native",0,0,1,0,0,0,1,0,0
"Conyza aegyptiaca","Nidorella aegyptiaca","(L.) J.C.Manning & Goldblatt","Native",0,0,1,0,0,0,0,0,0
"Cordia myxa","Cordia myxa","L.",NA,0,0,1,0,0,0,0,0,0
"Coriaria napalensis","Coriaria napalensis","Wall.","Native",0,0,1,1,0,0,0,0,0
"Cornus macrophylla","Cornus macrophylla","Wall.","Native",0,0,0,0,0,0,0,1,0
"Cortusa brotheri","Primula matthioli","(L.) V.A.Richt.","Native",0,0,0,0,0,0,0,1,0
"Corydalis govaniana","Corydalis govaniana","Wall.","Native",0,0,0,1,0,1,0,0,0
"Corydalis thyrsiflora","Corydalis thyrsiflora","Prain","Native",0,0,1,0,0,0,0,0,0
"Corydalis vaginans","Corydalis vaginans","Royle","Native",0,0,0,0,0,0,0,1,0
"Corylus jacquemontii","Corylus jacquemontii","Decne.","Native",0,0,0,0,0,0,0,1,0
"Cotoneaster acuminatus","Cotoneaster acuminatus","Lindl.","Native",1,0,0,0,0,0,0,0,0
"Cotoneaster bacillaris","Cotoneaster affinis","Lindl.","Native",1,0,0,0,0,0,0,1,0
"Cotoneaster brandisii","Cotoneaster integrifolius","(Roxb.) G.Klotz","Native",0,0,0,1,0,0,0,0,0
"Cotoneaster hedegaardii","Cotoneaster hedegaardii","J.Fryer & B.Hylmö","Native",0,0,0,1,0,0,0,0,0
"Cotoneaster integrifolius","Cotoneaster integrifolius","(Roxb.) G.Klotz","Native",0,0,0,0,1,0,0,0,0
"Cotoneaster marginatus","Cotoneaster integrifolius","(Roxb.) G.Klotz","Native",0,0,0,1,0,0,0,0,0
"Cotoneaster microphyllus","Cotoneaster microphyllus","Wall. ex Lindl.","Native",0,1,1,0,0,1,0,0,0
"Cotoneaster roseus","Cotoneaster roseus","Edgew.","Native",0,0,0,0,0,0,0,1,0
"Cotoneaster thymifolius","Cotoneaster integrifolius","(Roxb.) G.Klotz","Native",0,0,0,1,0,0,0,0,0
"Craniotome versicolor","Craniotome furcata","(Link) Kuntze","Native",0,0,0,0,0,1,0,0,0
"Crucihimalaya stricta","Crucihimalaya stricta","(Cambess.) Al-Shehbaz, O'Kane & R.A.Price","Native",0,0,0,0,0,0,0,1,0
"Cryptolepis buchananii","Cryptolepis buchananii","R.Br. ex Roem. & Schult.","Native",0,0,0,1,0,0,0,0,0
"Cupressus torulosa","Cupressus torulosa","D.Don ex Lamb.","Native",0,0,1,0,0,0,0,0,0
"Cyathocline purpurea","Cyathocline purpurea","(Buch.-Ham. ex D.Don) Kuntze","Native",0,0,0,1,0,0,0,0,0
"Cyathula capitata","Cyathula capitata","Moq.","Native",0,0,0,0,0,1,0,0,0
"Cyathula tomentosa","Cyathula tomentosa","(Schult.) Moq.","Native",0,0,0,0,0,1,0,0,0
"Cynodon dactylon","Cynodon dactylon","(L.) Pers.","Native",0,0,0,0,0,0,0,1,0
"Cynoglossum amabile","Cynoglossum amabile","Stapf & J.R.Drumm.",NA,0,0,1,0,0,0,0,0,0
"Cynoglossum glochidiatum","Cynoglossum wallichii","G.Don","Native",0,0,0,0,0,1,0,0,0
"Cynoglossum microglochin","Cynoglossum microglochin","Benth.","Native",0,0,0,0,0,0,0,1,0
"Cynoglossum officinale","Cynoglossum officinale","L.",NA,0,0,1,0,0,0,0,0,0
"Cynoglossum zeylanicum","Cynoglossum zeylanicum","(Sw. ex Lehm.) Thunb. ex Brand","Native",0,0,0,0,0,1,0,0,0
"Cyperus niveus","Cyperus niveus","Retz.","Native",0,0,0,0,0,0,0,1,0
"Cypripedium cordigerum","Cypripedium cordigerum","D.Don","Native",0,0,0,0,0,0,0,1,0
"Cypripedium himalaicum","Cypripedium himalaicum","Rolfe","Native",0,0,0,0,0,0,0,1,0
"Dactylorhiza hatagirea","Dactylorhiza hatagirea","(D.Don) Soó","Native",0,1,0,0,0,0,0,1,0
"Daphne cannabina","Daphne papyracea","Wall. ex G.Don","Native",0,0,0,0,0,1,0,0,0
"Dasiphora fruticosa","Dasiphora fruticosa","(L.) Rydb.","Native",0,0,0,0,0,0,0,1,0
"Delphinium denudatum","Delphinium denudatum","Wall. ex Hook.f. & Thomson","Native",0,0,1,1,0,0,0,0,0
"Delphinium vestitum","Delphinium vestitum","Wall. ex Royle","Native",0,0,0,1,0,1,0,1,0
"Desmodium tiliifolium","Sunhangia elegans","(DC.) H.Ohashi & K.Ohashi","Native",0,0,1,0,0,0,0,0,0
"Deutzia corymbosa","Deutzia corymbosa","R.Br. ex G.Don","Native",1,0,0,0,0,0,0,1,0
"Deutzia staminea","Deutzia staminea","R.Br. ex Wall.","Native",0,0,0,1,0,0,0,0,0
"Dichrocephala integrifolia","Dichrocephala integrifolia","(L.f.) Kuntze","Native",0,0,0,1,0,0,0,0,0
"Dienia cylindrostachya","Dienia cylindrostachya","Lindl.","Native",0,0,0,0,0,0,0,1,0
"Digitaria cruciata","Digitaria cruciata","(Nees ex Steud.) E.G.Camus & A.Camus","Native",0,0,0,0,0,0,0,1,0
"Dioscorea deltoidea","Dioscorea deltoidea","Wall. ex Griseb.","Native",0,1,0,0,0,1,1,1,0
"Dioscorea melanophyma","Dioscorea melanophyma","Prain & Burkill","Native",0,0,0,0,0,0,0,1,0
"Diospyros montana","Diospyros montana","Roxb.",NA,0,0,0,1,0,0,0,0,0
"Dipsacus inermis","Dipsacus inermis","Wall.","Native",0,0,0,0,0,1,0,0,0
"Disporum cantoniense","Disporum cantoniense","(Lour.) Merr.","Native",0,0,0,0,0,0,0,1,0
"Drosera peltata","Drosera lunata","Buch.-Ham. ex DC.","Native",0,0,1,0,0,0,0,0,0
"Duchesnea indica","Potentilla indica","(Andrews) Th.Wolf","Native",0,0,0,1,0,0,0,0,0
"Echinochloa colonum","Echinochloa colonum","(L.) Link","Native",0,0,0,0,0,0,0,1,0
"Echinochloa crus-galli","Echinochloa crus-galli","(L.) P.Beauv.","Native",0,0,0,0,0,0,0,1,0
"Elaeagnus parvifolia","Elaeagnus umbellata","Thunb.","Native",0,0,0,0,0,0,0,1,0
"Eleocharis congesta","Eleocharis congesta","D.Don","Native",0,0,0,0,0,0,0,1,0
"Eleocharis palustris","Eleocharis palustris","(L.) Roem. & Schult.","Native",0,0,0,0,0,0,0,1,0
"Elsholtzia ciliata","Elsholtzia ciliata","(Thunb.) Hyl.","Native",0,0,0,0,0,0,0,1,0
"Elsholtzia eriostachya","Elsholtzia eriostachya","(Benth.) Benth.","Native",0,0,0,0,0,1,0,0,0
"Elsholtzia polystachya","Elsholtzia fruticosa","(D.Don) Rehder","Native",0,0,1,0,0,1,0,0,0
"Elsholtzia strobilifera","Elsholtzia strobilifera","(Benth.) Benth.","Native",0,0,0,0,0,1,0,0,0
"Epilobium brevifolium","Epilobium brevifolium","D.Don","Native",0,0,1,0,0,0,0,1,0
"Epilobium cylindricum","Epilobium cylindricum","D.Don","Native",0,0,0,0,0,1,0,1,0
"Epilobium latifolium","Epilobium latifolium","L.","Native",0,0,0,0,0,0,0,1,0
"Epilobium laxum","Epilobium laxum","Royle","Native",0,0,0,0,0,0,0,1,0
"Epilobium royleanum","Epilobium royleanum","Hausskn.","Native",0,0,0,0,0,0,0,1,0
"Epipactis helleborine","Epipactis helleborine","(L.) Crantz","Native",0,0,1,0,0,0,0,1,0
"Epipactis latifolia","Epipactis helleborine","(L.) Crantz","Native",0,0,0,0,0,1,0,0,0
"Epipactis royleana","Epipactis royleana","Lindl.","Native",0,0,0,0,0,1,0,0,0
"Eragrostis pilosa","Eragrostis pilosa","(L.) P.Beauv.","Native",0,0,0,0,0,0,0,1,0
"Erigeron alpinus","Erigeron uniflorus","L.","Native",0,0,0,0,0,0,0,1,0
"Erigeron multiradiatus","Erigeron multiradiatus","(Lindl. ex DC.) Benth. & Hook.f.","Native",0,0,0,0,0,0,0,1,0
"Eriocapitella vitifolia","Eriocapitella vitifolia","(Buch.-Ham. ex DC.) Nakai","Native",0,0,0,1,0,0,0,0,0
"Erodium cicutarium","Erodium cicutarium","(L.) L'Hér.","Native",0,0,0,0,0,0,0,1,0
"Erysimum hieraciifolium","Erysimum virgatum","Roth","Native",0,0,0,1,0,0,0,0,0
"Euonymus echinatus","Euonymus echinatus","Wall.","Native",0,0,0,0,0,0,0,1,0
"Euonymus hamiltonianus","Euonymus hamiltonianus","Wall.","Native",0,0,1,0,0,0,0,1,0
"Euonymus lacerus","Euonymus fimbriatus","Wall.","Native",1,0,0,0,0,0,0,0,0
"Euonymus lucidus","Euonymus lucidus","D.Don","Native",0,0,0,1,0,0,0,1,1
"Euonymus tingens","Euonymus tingens","Wall.","Native",1,0,0,1,0,1,0,0,0
"Eupatorium odoratissimum","Ageratina ligustrina","(DC.) R.M.King & H.Rob.","Native",0,0,1,0,0,0,0,0,0
"Euphorbia donii","Euphorbia pseudosikkimensis","(Hurus. & Yu.Tanaka) Radcl.-Sm.","Native",0,0,0,1,1,0,0,0,0
"Euphorbia jacquemontii","Euphorbia jacquemontii","Boiss.","Native",0,0,0,1,1,0,0,0,0
"Euphorbia maddenii","Euphorbia maddenii","Boiss.","Native",0,0,0,0,0,0,0,1,0
"Euphorbia parviflora","Euphorbia indica","Lam.","Native",0,0,0,0,0,0,0,1,0
"Euphorbia pilosa","Euphorbia cornigera","Boiss.","Native",0,0,1,0,0,1,0,0,0
"Euphorbia stracheyi","Euphorbia stracheyi","Boiss.","Native",0,0,0,0,0,0,0,1,0
"Fagopyrum esculentum","Fagopyrum esculentum","Moench","Introduced",0,1,0,0,0,1,0,0,0
"Festuca kashmiriana","Festuca kashmiriana","Stapf","Native",0,0,0,0,0,0,0,1,0
"Festuca valesiaca","Festuca valesiaca","Schleich. ex Gaudin","Native",0,0,0,0,0,0,0,1,0
"Ficus neriifolia","Ficus neriifolia","Sm.","Native",0,0,0,0,0,0,0,1,0
"Ficus palmata","Ficus palmata","Forssk.","Native",0,0,0,0,0,0,0,0,1
"Ficus religiosa","Ficus religiosa","L.",NA,0,0,1,0,0,0,1,0,0
"Ficus sarmentosa","Ficus sarmentosa","Buch.-Ham. ex Sm.","Native",0,0,0,0,0,0,0,1,0
"Ficus semicordata","Ficus semicordata","Buch.-Ham. ex Sm.","Native",0,0,1,0,0,0,0,1,0
"Filipendula vestita","Filipendula vestita","(Wall. ex G.Don) Maxim.","Native",0,0,0,0,0,0,0,1,0
"Fragaria indica","Potentilla indica","(Andrews) Th.Wolf","Native",1,0,0,0,0,1,0,0,0
"Fragaria nubicola","Fragaria nubicola","(Lindl. ex Hook.f.) Lacaita","Native",0,0,0,1,0,0,0,0,0
"Fragaria vesca","Fragaria nubicola","(Lindl. ex Hook.f.) Lacaita","Native",0,0,0,0,0,1,0,0,0
"Fritillaria cirrhosa","Fritillaria cirrhosa","D.Don","Native",0,0,0,1,0,1,0,0,0
"Gagea lutea","Gagea lutea","(L.) Ker Gawl.","Native",0,0,0,0,0,0,0,1,0
"Gagea serotina","Gagea serotina","(L.) Ker Gawl.","Native",0,0,0,1,1,0,0,0,0
"Galium asperuloides","Galium asperuloides","Edgew.","Native",0,0,0,1,0,0,0,0,0
"Gaultheria trichophylla","Gaultheria trichophylla","Royle","Native",0,0,1,0,0,0,0,1,0
"Gentiana argentea","Gentiana argentea","(Royle ex D.Don) Royle ex D.Don","Native",0,0,1,1,0,0,0,0,0
"Gentiana pedicellata","Gentiana pedicellata","(D.Don) Griseb.","Native",0,0,0,1,0,0,0,0,0
"Gentianopsis paludosa","Gentianopsis paludosa","(Hook.f.) Ma","Native",0,0,0,0,0,0,0,1,0
"Geranium lucidum","Geranium lucidum","L.","Native",0,0,0,1,0,0,0,0,0
"Geranium robertianum","Geranium robertianum","L.","Native",0,0,0,0,0,1,0,1,0
"Geranium wallichianum","Geranium wallichianum","D.Don ex Sweet","Native",1,0,0,0,0,1,0,0,0
"Gerbera gossypina","Oreoseris gossypina","(Royle) X.D.Xu & V.A.Funk","Native",0,0,0,1,0,0,0,1,0
"Gerbera lanuginosa","Oreoseris gossypina","(Royle) X.D.Xu & V.A.Funk","Native",0,0,0,0,0,1,0,0,0
"Geum elatum","Geum elatum","Wall. ex G.Don","Native",0,0,0,1,0,1,0,0,0
"Gnaphalium hypoleucum","Pseudognaphalium hypoleucum","(DC.) Hilliard & B.L.Burtt","Native",0,0,0,0,0,1,0,0,0
"Gnaphalium luteoalbum","Pseudognaphalium luteoalbum","(L.) Hilliard & B.L.Burtt","Native",0,0,0,0,0,1,0,0,0
"Goodyera biflora","Goodyera biflora","(Lindl.) Hook.f.","Native",0,0,0,0,0,0,0,1,0
"Goodyera fusca","Goodyera fusca","(Lindl.) Hook.f.","Native",0,0,1,1,0,0,0,1,0
"Goodyera repens","Goodyera repens","(L.) R.Br.","Native",0,0,0,1,0,1,0,1,0
"Gypsophila cerastioides","Acanthophyllum cerastioides","(D.Don) Madhani & Zarre","Native",0,0,0,1,0,1,0,0,0
"Habenaria commelinifolia","Habenaria commelinifolia","(Roxb.) Wall. ex Lindl.","Native",0,0,0,0,0,0,0,1,0
"Habenaria intermedia","Habenaria intermedia","D.Don","Native",0,0,1,0,0,0,0,0,0
"Habenaria marginata","Habenaria marginata","Colebr.","Native",0,0,0,0,0,0,0,1,0
"Habenaria pectinata","Habenaria pectinata","D.Don","Native",0,0,1,0,0,0,0,1,0
"Hackelia uncinata","Hackelia uncinata","(Royle ex Benth.) C.E.C.Fisch.","Native",0,0,0,0,0,1,0,1,0
"Halenia elliptica","Halenia elliptica","D.Don","Native",0,0,0,1,0,1,0,1,0
"Hedera nepalensis","Hedera nepalensis","K.Koch","Native",1,0,0,0,0,0,0,0,0
"Hedychium spicatum","Hedychium spicatum","Sm.","Native",0,0,1,0,0,0,1,0,0
"Hedysarum microcalyx","Hedysarum microcalyx","Baker","Native",0,0,0,0,0,0,0,1,0
"Hemiphragma heterophyllum","Hemiphragma heterophyllum","Wall.","Native",0,0,0,0,0,0,0,1,0
"Heracleum candicans","Heracleum candicans","Wall. ex DC.","Native",0,0,0,0,0,1,0,0,0
"Herminium monorchis","Herminium monorchis","(L.) R.Br.","Native",0,0,0,0,0,0,0,1,0
"Himalrandia tetrasperma","Himalrandia tetrasperma","(Wall. ex Roxb.) T.Yamaz.","Native",0,0,0,1,0,0,0,0,0
"Hylotelephium ewersii","Hylotelephium ewersii","(Ledeb.) H.Ohba","Native",0,0,0,0,0,0,0,1,0
"Hymenidium brunonis","Hymenidium brunonis","(DC.) Lindl.","Native",0,0,0,1,0,0,0,0,0
"Hypericum cernuum","Hypericum oblongifolium","Choisy","Native",0,0,1,0,0,0,0,0,0
"Hypericum choisyanum","Hypericum choisyanum","Wall. ex N.Robson","Native",0,0,0,0,0,0,0,1,0
"Hypericum dyeri","Hypericum dyeri","Rehder","Native",0,0,0,0,0,1,0,1,0
"Hypericum elodeoides","Hypericum elodeoides","Choisy","Native",0,0,0,0,0,1,0,0,0
"Hypericum oblongifolium","Hypericum oblongifolium","Choisy","Native",0,0,0,0,0,0,1,0,0
"Hypericum perforatum","Hypericum perforatum","L.","Native",0,0,0,0,0,0,1,1,0
"Hypoxis aurea","Hypoxis aurea","Lour.","Native",0,0,0,0,0,0,0,1,0
"Ilex dipyrena","Ilex dipyrena","Wall.","Native",1,0,0,0,0,0,0,0,0
"Impatiens amplexicaulis","Impatiens amplexicaulis","Edgew.","Native",0,0,0,0,0,0,0,1,0
"Impatiens arguta","Impatiens arguta","Hook.f. & Thomson","Native",0,0,0,0,0,0,0,1,0
"Impatiens brachycentra","Impatiens brachycentra","Kar. & Kir.","Native",0,0,0,1,0,0,0,1,0
"Impatiens devendrae","Impatiens devendrae","Pusalkar","Native",0,0,0,1,0,0,0,0,0
"Impatiens glandulifera","Impatiens glandulifera","Royle","Native",0,0,0,0,0,1,0,1,0
"Impatiens glauca","Impatiens glauca","Hook.f. & Thomson","Native",0,0,0,0,0,0,0,1,0
"Impatiens laxiflora","Impatiens laxiflora","Edgew.","Native",0,0,0,0,0,0,0,1,0
"Impatiens leggei","Impatiens laxiflora","Edgew.","Native",0,0,0,1,0,0,0,0,0
"Impatiens micranthemum","Impatiens laxiflora","Edgew.","Native",0,0,0,0,0,1,0,0,0
"Impatiens racemosa","Impatiens racemosa","DC.","Native",0,0,1,0,0,0,0,1,0
"Impatiens sulcata","Impatiens sulcata","Wall.","Native",0,0,0,1,0,0,0,1,0
"Impatiens tricornis","Impatiens tricornis","Lindl.","Native",0,0,0,1,0,0,0,0,0
"Impatiens urticifolia","Impatiens urticifolia","Wall.",NA,0,0,0,0,0,1,0,0,0
"Indigofera atropurpurea","Indigofera atropurpurea","Buch.-Ham. ex Hornem.","Native",0,0,1,0,0,0,0,0,0
"Indigofera cassioides","Indigofera cassioides","Rottler ex DC.","Native",0,0,0,1,0,0,0,0,0
"Indigofera dosua","Indigofera dosua","Buch.-Ham. ex D.Don","Native",0,0,0,1,0,0,0,0,0
"Indigofera exilis","Indigofera exilis","Grierson & D.G.Long","Native",0,0,0,1,0,0,0,0,0
"Indigofera hamiltonii","Indigofera atropurpurea","Buch.-Ham. ex Hornem.","Native",0,0,0,1,0,0,0,0,0
"Indigofera hebepetala","Indigofera hebepetala","Benth. ex Baker","Native",0,0,0,0,0,0,0,1,0
"Indigofera heterantha","Indigofera heterantha","Wall. ex Brandis","Native",0,0,0,1,0,0,0,1,0
"Iris kemaonensis","Iris kemaonensis","Wall. ex D.Don","Native",0,0,0,0,0,0,0,1,0
"Jaeschkea canaliculata","Jaeschkea canaliculata","(Royle ex G.Don) Knobl.","Native",0,0,0,0,0,0,0,1,0
"Jasminum humile","Chrysojasminum humile","(L.) Banfi","Native",1,0,0,0,0,1,0,0,0
"Juglans regia","Juglans regia","L.","Native",0,0,1,0,0,1,1,1,1
"Juncus concinnus","Juncus concinnus","D.Don","Native",0,0,0,0,0,0,0,1,0
"Juncus himalensis","Juncus himalensis","Klotzsch","Native",0,0,0,0,0,0,0,1,0
"Juncus thomsonii","Juncus thomsonii","Buchenau","Native",0,0,0,0,0,0,0,1,0
"Juniperus recurva","Juniperus recurva","Buch.-Ham. ex D.Don","Native",0,1,0,0,0,1,0,0,0
"Jurinea dolomiaea","Dolomiaea macrocephala","DC. ex Royle","Native",0,1,0,0,0,0,0,0,0
"Justicia simplex","Rostellularia mollissima","(Nees) Nees","Native",0,0,1,0,0,0,0,0,0
"Kalanchoe spathulata","Kalanchoe integra","(Medik.) Kuntze","Native",0,0,0,0,0,1,0,0,0
"Kobresia capillifolia","Carex capillifolia","(Decne.) S.R.Zhang","Native",0,0,0,0,0,0,0,1,0
"Kobresia duthiei","Carex clavispica","S.R.Zhang","Native",0,0,0,0,0,0,0,1,0
"Kobresia laxa","Carex pseudolaxa","(C.B.Clarke) O.Yano & S.R.Zhang","Native",0,0,0,0,0,0,0,1,0
"Kobresia nepalensis","Carex unciniiformis","Boeckeler","Native",0,0,0,0,0,0,0,1,0
"Kobresia pygmaea","Carex parvula","O.Yano","Native",0,0,0,0,0,0,0,1,0
"Koenigia delicatula","Koenigia delicatula","(Meisn.) H.Hara","Native",0,0,1,0,0,0,0,0,0
"Koenigia nepalensis","Koenigia filicaulis","(Wall. ex Meisn.) Hedberg","Native",0,0,1,1,0,0,0,0,0
"Koenigia rumicifolia","Koenigia rumicifolia","(Royle ex Bab.) T.M.Schust. & Reveal","Native",0,0,0,1,0,0,0,0,0
"Lactuca brunoniana","Melanoseris brunoniana","(Wall. ex DC.) N.Kilian & Ze H.Wang","Native",0,0,0,0,0,0,0,1,0
"Lamium album","Lamium album","L.","Native",0,0,0,0,0,1,0,1,0
"Lathyrus emodi","Lathyrus emodi","(Wall. ex Fritsch) Fritsch ex T.Durand & B.D.Jacks.","Native",0,0,0,0,0,0,0,1,0
"Lecanthus peduncularis","Lecanthus peduncularis","(Royle) Wedd.","Native",0,0,0,0,0,0,0,1,0
"Leea asiatica","Leea asiatica","(L.) Ridsdale","Native",0,0,0,0,0,0,0,1,0
"Leonurus cardiaca","Leonurus cardiaca","L.","Introduced",0,0,0,0,0,0,0,1,0
"Leptorhabdos parviflora","Leptorhabdos parviflora","(Benth.) Benth.","Native",0,0,0,0,0,0,0,1,0
"Lepyrodiclis holosteoides","Lepyrodiclis holosteoides","(C.A.Mey.) Fenzl ex Fisch. & C.A.Mey.","Native",0,0,0,0,0,0,0,1,0
"Leucas cephalotes","Leucas cephalotes","(Roth) Spreng.","Native",0,0,0,0,0,1,0,0,0
"Leucas lanata","Leucas lanata","Benth.","Native",0,1,0,1,0,0,0,0,0
"Leycesteria formosa","Leycesteria formosa","Wall.","Native",0,0,0,1,0,1,1,1,0
"Ligularia amplexicaulis","Ligularia amplexicaulis","DC.","Native",0,0,0,0,0,1,0,1,0
"Limonia acidissima","Limonia acidissima","L.",NA,0,0,1,0,0,0,0,0,0
"Lindelofia longiflora","Lindelofia longiflora","(DC.) Baill.","Native",0,0,0,0,0,0,0,1,0
"Litsea polyantha","Litsea monopetala","(Roxb.) Pers.","Native",0,0,1,0,0,0,0,0,0
"Lloydia serotina","Gagea serotina","(L.) Ker Gawl.","Native",0,0,0,0,0,0,0,1,0
"Lonicera angustifolia","Lonicera acuminata","Wall.","Native",1,0,1,1,0,0,0,1,0
"Lonicera asperifolia","Lonicera asperifolia","(Decne.) Hook.f. & Thomson","Native",0,0,0,0,0,0,0,1,0
"Lonicera hispida","Lonicera hispida","Pall. ex Schult.","Native",0,0,0,0,0,0,0,1,0
"Lonicera hypoleuca","Lonicera hypoleuca","Decne.","Native",0,0,0,0,0,0,0,1,0
"Lonicera myrtillus","Lonicera angustifolia","Wall. ex DC.","Native",0,0,0,0,0,1,0,0,0
"Lonicera obovata","Lonicera obovata","Royle ex Hook.f. & Thomson","Native",0,0,0,1,0,0,0,1,0
"Lonicera orientalis","Lonicera caucasica","Pall.","Native",0,0,0,0,0,0,0,1,0
"Lonicera quinquelocularis","Lonicera quinquelocularis","Hardw.","Native",0,0,1,1,0,0,0,1,0
"Lonicera webbiana","Lonicera webbiana","Wall. ex DC.","Native",0,0,0,0,0,0,0,1,0
"Lyonia ovalifolia","Lyonia ovalifolia","(Wall.) Drude","Native",0,0,0,0,0,0,1,1,1
"Lysimachia ferruginea","Lysimachia chenopodioides","Watt ex Hook.f.","Native",0,0,0,0,0,0,0,1,0
"Malaxis acuminata","Crepidium acuminatum","(D.Don) Szlach.","Native",0,0,0,0,0,0,0,1,0
"Malaxis muscifera","Malaxis muscifera","(Lindl.) Kuntze","Native",0,0,1,0,0,0,0,1,0
"Malva neglecta","Malva neglecta","Wallr.","Native",0,0,0,0,0,0,0,1,0
"Mazus rugosus","Mazus pumilus","(Burm.f.) Steenis","Native",0,0,0,0,0,1,0,0,0
"Meconopsis aculeata","Meconopsis aculeata","Royle","Native",0,0,0,0,0,1,0,1,0
"Meliosma dilleniifolia","Meliosma dilleniifolia","(Wall. ex Wight & Arn.) Walp.","Native",1,0,0,0,0,0,0,0,0
"Mentha longifolia","Mentha longifolia","(L.) L.","Native",0,1,0,0,0,1,0,0,0
"Meriandra strobilifera","Salvia strobilifera","(Benth.) J.G.González","Native",0,0,0,1,0,0,0,0,0
"Mertensia racemosa","Decalepidanthus racemosus","(Royle ex Benth.) Dickoré & Hilger","Native",0,0,0,0,0,1,0,1,0
"Mesostemma latifolium","Mesostemma latifolium","(Benth. ex G.Don) Ikonn.","Native",0,0,0,0,1,0,0,0,0
"Micromeria biflora","Micromeria biflora","(Buch.-Ham. ex D.Don) Benth.","Native",0,0,1,1,0,1,0,0,0
"Milium effusum","Milium effusum","L.","Native",1,0,0,0,0,0,0,0,0
"Morina longifolia","Morina longifolia","Wall. ex DC.","Native",0,0,1,0,0,1,0,0,0
"Morus indica","Streblus asper","Lour.","Native",0,0,1,0,0,0,0,0,0
"Muhlenbergia himalayensis","Muhlenbergia himalayensis","Hack. ex Hook.f.","Native",0,0,0,0,0,0,0,1,0
"Myosotis sylvatica","Myosotis sylvatica","Ehrh. ex Hoffm.","Native",0,0,0,0,0,0,0,1,0
"Myosoton aquaticum","Stellaria aquatica","(L.) Scop.","Native",0,0,0,0,0,0,0,1,0
"Myriactis nepalensis","Myriactis nepalensis","Less.","Native",0,0,0,1,0,0,0,0,0
"Myrsine semiserrata","Myrsine semiserrata","Wall.","Native",0,0,0,0,0,0,0,1,0
"Neanotis hirsuta","Neanotis hirsuta","(L.f.) W.H.Lewis",NA,0,0,0,0,0,0,0,1,0
"Neolitsea lanuginosa","Neolitsea cuipala","(D.Don) Kosterm.","Native",0,0,0,0,0,0,0,1,0
"Neolitsea pallens","Neolitsea pallens","(D.Don) Momiy. & H.Hara","Native",0,0,0,0,0,0,0,0,1
"Neolitsea umbrosa","Neolitsea umbrosa","(Nees) Gamble",NA,0,0,0,0,0,0,0,1,0
"Neottia listeroides","Neottia listeroides","Lindl.","Native",0,0,1,1,0,0,0,0,0
"Nepeta connata","Nepeta connata","Royle ex Benth.","Native",0,0,0,0,0,0,0,1,0
"Nepeta laevigata","Nepeta laevigata","(D.Don) Hand.-Mazz.","Native",0,0,0,0,0,0,0,1,0
"Nepeta lamiopsis","Nepeta lamiopsis","Benth. ex Hook.f.","Native",0,0,0,0,0,1,0,0,0
"Nepeta podostachys","Nepeta podostachys","Benth.","Native",0,0,0,1,0,0,0,0,0
"Ocimum sanctum","Ocimum tenuiflorum","L.","Native",0,0,0,0,0,0,1,0,0
"Ophiopogon intermedius","Ophiopogon intermedius","D.Don","Native",0,0,0,1,0,1,0,1,0
"Oplismenus undulatifolius","Oplismenus undulatifolius","(Ard.) P.Beauv.","Native",1,0,0,0,0,0,0,0,0
"Oreoseris nivea","Oreoseris nivea","DC.","Native",0,0,0,0,1,0,0,0,0
"Origanum vulgare","Origanum vulgare","L.","Native",0,0,0,0,0,1,0,0,0
"Orobanche alba","Orobanche alba","Stephan ex Willd.","Native",0,0,0,0,0,0,0,1,0
"Oroxylum indicum","Oroxylum indicum","(L.) Kurz","Native",0,0,1,0,0,0,0,0,0
"Oxyria digyna","Oxyria digyna","(L.) Hill","Native",0,0,0,0,0,1,0,0,0
"Papaver dubium","Papaver dubium","L.","Native",0,0,0,0,0,1,0,0,0
"Paris polyphylla","Paris polyphylla","Sm.","Native",0,0,0,0,0,0,0,1,0
"Pedicularis bicornuta","Pedicularis bicornuta","Klotzsch","Native",0,0,1,0,0,0,0,1,0
"Pedicularis gracilis","Pedicularis gracilis","Wall. ex Benth.","Native",0,0,0,0,0,0,0,1,0
"Pedicularis hoffmeisteri","Pedicularis hoffmeisteri","Klotzsch","Native",0,0,0,0,0,0,0,1,0
"Pedicularis longiflora","Pedicularis longiflora","Rudolph","Native",0,0,0,0,0,0,0,1,0
"Pedicularis pectinata","Pedicularis pectinata","Wall. ex Benth.","Native",0,0,0,0,0,1,0,1,0
"Pedicularis punctata","Pedicularis punctata","Decne.","Native",0,0,0,0,0,0,0,1,0
"Pedicularis pyramidata","Pedicularis pyramidata","Royle ex Benth.","Native",0,0,0,0,0,0,0,1,0
"Pedicularis siphonantha","Pedicularis siphonantha","D.Don","Native",0,0,1,0,0,0,0,0,0
"Pergularia roylei","Marsdenia roylei","Wight","Native",0,0,0,0,0,0,0,1,0
"Peristylus duthiei","Herminium josephi","Rchb.f.","Native",0,0,0,1,0,0,0,0,0
"Peristylus elisabethae","Herminium elisabethae","(Duthie) Tang & F.T.Wang","Native",0,0,1,0,0,0,0,0,0
"Persea odoratissima","Machilus odoratissimus","Nees","Native",0,0,0,0,0,0,0,1,0
"Persicaria alata","Persicaria nepalensis","(Meisn.) H.Gross","Native",0,0,0,0,0,1,0,0,0
"Persicaria vivipara","Bistorta vivipara","(L.) Delarbre","Native",0,0,0,0,0,0,0,1,0
"Persicaria wallichii","Koenigia polystachya","(Wall. ex Meisn.) T.M.Schust. & Reveal","Native",0,0,0,0,0,0,0,1,0
"Phacelurus speciosus","Phacelurus speciosus","(Steud.) C.E.Hubb.","Native",0,0,0,0,0,0,0,1,0
"Phleum alpinum","Phleum alpinum","L.","Native",0,0,0,0,0,0,0,1,0
"Phleum himalaicum","Phleum himalaicum","Mez","Native",0,0,0,0,0,0,0,1,0
"Phlomis bracteosa","Phlomoides bracteosa","(Royle ex Benth.) Kamelin & Makhm.","Native",0,0,0,0,0,1,0,0,0
"Phlomis macrophylla","Phlomoides macrophylla","(Benth.) Kamelin & Makhm.","Native",0,0,0,0,0,0,0,1,0
"Phlomoides bracteosa","Phlomoides bracteosa","(Royle ex Benth.) Kamelin & Makhm.","Native",0,0,0,1,0,0,0,0,0
"Phytolacca acinosa","Phytolacca acinosa","Roxb.","Native",0,0,0,0,0,0,1,1,0
"Picea smithiana","Picea smithiana","(Wall.) Boiss.","Native",1,0,0,0,0,1,0,1,1
"Picrorhiza kurroa","Picrorhiza kurroa","Royle ex Benth.","Native",0,1,0,0,0,1,0,0,0
"Pilea umbrosa","Pilea umbrosa","Wedd. ex Blume","Native",0,0,1,0,0,1,0,0,0
"Pimpinella diversifolia","Pimpinella diversifolia","DC.","Native",0,0,0,0,0,1,0,0,0
"Pinus excelsa","Pinus wallichiana","A.B.Jacks.","Native",0,0,1,0,0,0,0,0,0
"Pinus longifolia","Pinus roxburghii","Sarg.","Native",0,0,1,0,0,0,0,0,0
"Pinus roxburghii","Pinus roxburghii","Sarg.","Native",0,0,0,0,0,1,1,0,0
"Pinus wallichiana","Pinus wallichiana","A.B.Jacks.","Native",1,0,0,0,0,0,0,1,0
"Piptanthus nepalensis","Piptanthus nepalensis","(Hook.) Sweet","Native",0,0,0,0,0,1,0,1,0
"Plantago depressa","Plantago depressa","Willd.","Native",0,1,0,0,0,1,0,0,0
"Platanthera clavigera","Herminium clavigerum","(Lindl.) X.H.Jin, Schuit., Raskoti & Lu Q.Huang","Native",0,0,0,0,0,0,0,1,0
"Platanthera edgeworthii","Herminium edgeworthii","(Hook.f. ex Collett) X.H.Jin, Schuit., Raskoti & Lu Q.Huang","Native",0,0,1,1,0,0,0,1,0
"Pleurospermum brunonis","Hymenidium brunonis","(DC.) Lindl.","Native",0,1,0,0,0,1,0,1,0
"Pleurospermum candollei","Hymenolaena candollei","DC.","Native",0,0,0,0,0,0,0,1,0
"Pleurospermum stellatum","Hymenidium stellatum","(D.Don) Pimenov & Kljuykov","Native",0,0,0,0,0,0,0,1,0
"Poa alpina","Poa alpina","L.","Native",0,0,0,0,0,0,0,1,0
"Poa nemoralis","Poa nemoralis","L.","Native",0,0,0,0,0,0,0,1,0
"Poa stapfiana","Poa stapfiana","Bor","Native",0,0,0,0,0,0,0,1,0
"Podophyllum hexandrum","Podophyllum hexandrum","Royle","Native",0,1,0,0,0,0,0,0,0
"Polemonium caeruleum","Polemonium caeruleum","L.","Native",0,0,0,0,0,0,0,1,0
"Polygala crotalarioides","Polygala crotalarioides","Buch.-Ham. ex DC.","Native",0,0,0,0,0,0,0,1,0
"Polygala hottentotta","Polygala abyssinica","R.Br. ex Fresen.","Native",0,0,0,0,0,0,0,1,0
"Polygonatum cirrhifolium","Polygonatum cirrhifolium","(Wall.) Royle","Native",0,0,0,0,0,0,0,1,0
"Polygonatum multiflorum","Polygonatum geminiflorum","Decne.","Native",0,0,0,0,0,1,0,0,0
"Polygonatum verticillatum","Polygonatum verticillatum","(L.) All.","Native",1,0,0,0,0,1,0,1,0
"Polygonum amplexicaule","Bistorta amplexicaulis","(D.Don) Greene","Native",0,0,1,0,0,0,0,0,0
"Polygonum aviculare","Polygonum aviculare","L.","Native",0,0,1,0,0,0,0,0,0
"Polygonum capitatum","Persicaria capitata","(Buch.-Ham. ex D.Don) H.Gross","Native",0,0,1,0,0,0,0,0,0
"Polygonum delicatulum","Koenigia delicatula","(Meisn.) H.Hara","Native",0,0,0,0,0,0,0,1,0
"Polygonum effusum","Polygonum effusum","Meisn.","Native",0,0,1,0,0,0,0,0,0
"Polygonum filicaule","Koenigia filicaulis","(Wall. ex Meisn.) Hedberg","Native",0,0,0,0,0,0,0,1,0
"Polygonum nepalense","Persicaria nepalensis","(Meisn.) H.Gross","Native",0,0,1,0,0,0,0,0,0
"Polygonum paronychioides","Polygonum paronychioides","C.A.Mey.","Native",0,0,0,0,0,0,0,1,0
"Polygonum posumbu","Persicaria posumbu","(Buch.-Ham. ex D.Don) H.Gross","Native",0,0,1,0,0,0,0,0,0
"Polygonum speciosum","Bistorta amplexicaulis","(D.Don) Greene","Native",1,0,0,0,0,0,0,0,0
"Ponerorchis chusua","Hemipilia chusua","(D.Don) Y.Tang & H.Peng","Native",0,0,0,0,0,0,0,1,0
"Potentilla atrosanguinea","Potentilla atrosanguinea","G.Lodd.","Native",0,0,0,1,0,1,0,0,0
"Potentilla eriocarpa","Potentilla eriocarpa","Wall. ex Lehm.","Native",0,0,0,0,0,1,0,0,0
"Potentilla fragarioides","Potentilla gerardiana","Lindl. ex Lehm.","Native",0,0,1,1,0,0,0,0,0
"Potentilla gelida","Potentilla crantzii","(Crantz) Beck ex Fritsch","Native",0,0,0,0,0,1,0,0,0
"Potentilla lineata","Argentina lineata","(Trevir.) Soják","Native",0,0,1,0,0,0,0,0,0
"Potentilla nepalensis","Potentilla nepalensis","Hook.","Native",0,0,1,1,0,1,0,0,0
"Potentilla polyphylla","Argentina polyphylla","(Wall. ex Lehm.) Soják","Native",0,0,1,0,0,1,0,0,0
"Potentilla saundersiana","Potentilla saundersiana","Royle","Native",0,0,0,1,0,0,0,0,0
"Potentilla supina","Potentilla supina","L.","Native",0,0,0,0,0,0,0,1,0
"Pouzolzia sanguinea","Pouzolzia sanguinea","(Blume) Merr.",NA,0,0,0,0,0,0,0,1,0
"Prenanthes brunoniana","Melanoseris brunoniana","(Wall. ex DC.) N.Kilian & Ze H.Wang","Native",0,0,0,0,0,1,0,0,0
"Primula atrodentata","Primula atrodentata","W.W.Sm.",NA,0,0,0,0,0,1,0,0,0
"Primula denticulata","Primula denticulata","Sm.","Native",0,0,0,1,0,0,0,0,0
"Primula floribunda","Evotrochis floribunda","(Wall.) Fırat & Lidén","Native",0,0,0,0,0,1,0,0,0
"Primula glomerata","Primula glomerata","Pax",NA,0,0,0,0,0,1,0,0,0
"Primula involucrata","Primula munroi","Lindl.","Native",0,0,0,0,0,0,0,1,0
"Primula petiolaris","Primula petiolaris","Wall.","Native",0,0,0,0,0,0,0,1,0
"Primula reidii","Primula reidii","Duthie","Native",0,0,0,0,0,0,0,1,0
"Prinsepia utilis","Prinsepia utilis","Royle","Native",0,0,0,0,0,1,0,0,0
"Prunella vulgaris","Prunella vulgaris","L.","Native",0,0,1,0,0,1,0,0,0
"Prunus cerasoides","Prunus cerasoides","Buch.-Ham. ex D.Don","Native",0,0,0,1,0,0,1,0,1
"Prunus cornuta","Prunus cornuta","(Wall. ex Royle) Steud.","Native",0,0,0,1,0,1,0,0,1
"Prunus padus","Prunus cornuta","(Wall. ex Royle) Steud.","Native",1,0,0,0,0,0,0,0,0
"Pteracanthus alatus","Strobilanthes wallichii","Nees","Native",0,0,0,0,0,1,0,0,0
"Pyracantha crenulata","Pyracantha crenulata","(D.Don) M.Roem.","Native",0,0,0,0,0,0,1,0,0
"Pyrus lanata","Griffitharia lanata","(D.Don) Rushforth","Native",1,0,0,0,0,0,0,0,0
"Pyrus pashia","Pyrus pashia","Buch.-Ham. ex D.Don","Native",0,0,0,0,0,0,0,0,1
"Quercus dilatata","Quercus floribunda","Lindl. ex A.Camus","Native",1,0,1,0,0,1,0,0,0
"Quercus floribunda","Quercus floribunda","Lindl. ex A.Camus","Native",0,0,0,0,0,0,0,0,1
"Quercus glauca","Quercus glauca","Thunb.","Native",0,0,1,0,0,0,0,0,0
"Quercus incana","Quercus leucotrichophora","A.Camus","Native",1,0,1,0,0,0,0,0,0
"Quercus leucotrichophora","Quercus leucotrichophora","A.Camus","Native",0,0,0,0,0,1,0,0,1
"Quercus semecarpifolia","Quercus semecarpifolia","Sm.","Native",1,0,0,0,0,1,0,0,1
"Rabdosia rugosa","Isodon rugosus","(Wall. ex Benth.) Codd","Native",0,0,0,0,0,1,0,0,0
"Ranunculus adoxifolius","Ranunculus adoxifolius","Hand.-Mazz.","Native",0,0,0,0,0,0,0,1,0
"Ranunculus diffusus","Ranunculus diffusus","DC.","Native",0,0,0,1,0,1,0,0,0
"Ranunculus distans","Ranunculus distans","D.Don","Native",0,0,0,1,0,0,0,0,0
"Ranunculus hirtellus","Ranunculus hirtellus","Royle","Native",0,0,1,1,0,0,0,0,0
"Ranunculus laetus","Ranunculus distans","D.Don","Native",0,0,0,0,0,1,0,0,0
"Ranunculus pulchellus","Ranunculus pulchellus","Ledeb. ex Spreng.","Native",0,0,0,0,0,0,0,1,0
"Ranunculus sceleratus","Ranunculus sceleratus","L.","Native",0,0,1,0,0,0,0,0,0
"Ranunculus trichophyllus","Ranunculus trichophyllus","Chaix","Native",0,0,0,0,0,0,0,1,0
"Remusatia pumila","Remusatia pumila","(D.Don) H.Li & A.Hay","Native",0,0,0,0,0,0,0,1,0
"Rhamnus procumbens","Rhamnus procumbens","Edgew.",NA,0,0,0,0,0,0,0,1,0
"Rhamnus purpurea","Rhamnus purpurea","Edgew.","Native",1,0,0,0,0,0,0,1,0
"Rhamnus virgata","Rhamnus virgata","Roxb.","Native",0,0,0,0,0,1,0,0,0
"Rheum moorcroftianum","Rheum moorcroftianum","Royle","Native",0,1,0,0,0,0,0,0,0
"Rheum webbianum","Rheum webbianum","Royle","Native",0,0,0,1,0,0,0,0,0
"Rhodiola fastigiata","Rhodiola fastigiata","(Hook.f. & Thomson) S.H.Fu","Native",0,0,0,0,0,1,0,0,0
"Rhodiola heterodonta","Rhodiola heterodonta","(Hook.f. & Thomson) Boriss.","Native",0,0,0,0,0,0,0,1,0
"Rhodiola himalensis","Rhodiola himalensis","(D.Don) S.H.Fu","Native",0,0,0,0,0,0,0,1,0
"Rhodiola tibetica","Rhodiola tibetica","(Hook.f. & Thomson) S.H.Fu","Native",0,0,0,0,0,0,0,1,0
"Rhodiola trifida","Rhodiola sinuata","(Royle ex Edgew.) S.H.Fu","Native",0,0,1,0,0,0,0,0,0
"Rhodiola wallichiana","Rhodiola wallichiana","(Hook.) S.H.Fu","Native",0,0,0,0,0,0,0,1,0
"Rhododendron anthopogon","Rhododendron anthopogon","D.Don","Native",0,0,0,1,0,1,0,1,0
"Rhododendron arboreum","Rhododendron arboreum","Sm.","Native",1,1,1,0,0,1,1,0,1
"Rhododendron barbatum","Rhododendron barbatum","Wall. ex G.Don","Native",1,0,0,0,0,0,0,0,0
"Rhododendron campanulatum","Rhododendron campanulatum","D.Don","Native",0,0,0,1,0,1,0,0,0
"Rhododendron lepidotum","Rhododendron lepidotum","Wall. ex G.Don","Native",0,0,0,0,0,0,0,1,0
"Rhus chinensis","Rhus chinensis","Mill.","Native",0,0,1,0,0,0,0,0,0
"Rhus parviflora","Searsia parviflora","(Roxb.) F.A.Barkley","Native",0,0,0,0,0,0,1,0,0
"Ribes alpestre","Ribes alpestre","Wall. ex Decne.","Native",0,0,0,0,0,0,0,1,0
"Ribes glaciale","Ribes glaciale","Wall.","Native",1,0,0,0,0,0,0,1,0
"Ribes himalense","Ribes himalense","Royle ex Decne.","Native",1,0,0,0,0,0,0,0,0
"Ribes orientale","Ribes orientale","Desf.","Native",0,0,0,0,0,0,0,1,0
"Rosa brunonii","Rosa brunonii","Lindl.","Native",0,0,0,1,0,0,0,0,0
"Rosa macrophylla","Rosa macrophylla","Lindl.","Native",1,0,0,0,0,1,0,1,0
"Rosa sericea","Rosa sericea","Lindl.","Native",1,0,1,1,0,1,0,0,0
"Roscoea alpina","Roscoea alpina","Royle","Native",0,0,1,1,0,1,0,1,0
"Roscoea purpurea","Roscoea purpurea","Sm.","Native",0,0,1,0,0,1,0,1,0
"Rosularia adenotricha","Rosularia adenotricha","(Wall. ex Edgew.) C.-A.Jansson","Native",0,0,0,0,0,0,0,1,0
"Rosularia rosulata","Rosularia rosulata","(Edgew.) H.Ohba","Native",0,0,0,1,0,0,0,0,0
"Rotala rotundifolia","Rotala rotundifolia","(Buch.-Ham. ex Roxb.) Koehne","Native",0,0,0,0,0,0,0,1,0
"Rubus ellipticus","Rubus ellipticus","Sm.","Native",0,0,1,0,0,0,1,0,0
"Rubus niveus","Rubus niveus","Thunb.","Native",1,0,1,1,0,0,0,0,0
"Rubus paniculatus","Rubus paniculatus","Sm.","Native",0,0,0,0,0,0,0,1,0
"Rumex acetosa","Rumex acetosa","L.","Native",0,0,1,0,0,0,0,0,0
"Rumex denticulatus","Rumex chalepensis","Mill.","Native",0,0,0,0,0,1,0,0,0
"Rumex hastatus","Rumex hastatus","D.Don","Native",0,0,1,0,0,0,1,0,0
"Rumex nepalensis","Rumex nepalensis","Spreng.","Native",0,1,1,0,0,1,0,0,0
"Saccharum rufipilum","Tripidium rufipilum","(Steud.) Welker, Voronts. & E.A.Kellogg","Native",0,0,0,0,0,0,0,1,0
"Saccharum spontaneum","Saccharum spontaneum","L.","Native",0,0,0,0,0,0,0,1,0
"Salix alba","Salix alba","L.","Introduced",0,0,0,0,0,0,0,1,0
"Salix denticulata","Salix denticulata","Andersson","Native",0,0,0,0,0,0,0,1,0
"Salix elegans","Salix denticulata","Andersson","Native",1,0,1,0,0,0,0,0,0
"Salix flabellaris","Salix flabellaris","Andersson","Native",0,0,0,0,0,0,0,1,0
"Salix lindleyana","Salix lindleyana","Wall. ex Andersson","Native",0,0,0,0,0,0,0,1,0
"Salvia cana","Salvia cana","Wall. ex Benth.","Native",0,0,0,1,0,0,0,0,0
"Salvia lanata","Salvia cana","Wall. ex Benth.","Native",0,0,0,0,0,1,0,0,0
"Sarcococca saligna","Sarcococca saligna","(D.Don) Müll.Arg.","Native",1,0,0,0,0,0,0,0,0
"Satyrium nepalense","Satyrium nepalense","D.Don","Native",0,0,1,0,0,1,0,1,0
"Saussurea auriculata","Jurinea auriculata","(DC.) N.Garcia, Herrando & Susanna","Native",0,0,0,1,0,0,0,1,0
"Saussurea candolleana","Saussurea candolleana","(DC.) Sch.Bip.","Native",0,0,0,0,0,1,0,0,0
"Saussurea piptathera","Saussurea piptathera","Edgew.","Native",0,0,0,0,0,0,0,1,0
"Saussurea taraxacifolia","Saussurea taraxacifolia","(Lindl. ex Royle) Wall. ex DC.","Native",0,0,0,0,0,0,0,1,0
"Saxifraga brachypoda","Saxifraga brachypoda","D.Don","Native",0,0,0,0,0,0,0,1,0
"Saxifraga brunonis","Saxifraga brunonis","Wall. ex Ser.","Native",0,0,0,0,0,0,0,1,0
"Saxifraga moorcroftiana","Saxifraga moorcroftiana","(Ser.) Wall. ex Sternb.","Native",0,0,0,0,0,0,0,1,0
"Saxifraga mucronulata","Saxifraga mucronulata","Royle","Native",0,0,0,0,0,0,0,1,0
"Saxifraga pallida","Micranthes pallida","(Wall. ex Ser.) Losinsk.","Native",0,0,0,0,0,0,0,1,0
"Saxifraga parnassifolia","Saxifraga parnassifolia","D.Don","Native",0,0,0,0,0,1,0,0,0
"Saxifraga sibirica","Saxifraga sibirica","L.","Native",0,0,0,1,0,0,0,1,0
"Schisandra grandiflora","Schisandra grandiflora","(Wall.) Hook.f. & Thomson","Native",1,0,0,0,0,0,0,0,0
"Schoenoplectiella juncoides","Schoenoplectiella juncoides","(Roxb.) Lye","Native",0,0,0,0,0,0,0,1,0
"Scurrula cordifolia","Scurrula cordifolia","(Wall.) G.Don","Native",0,0,0,0,0,0,0,1,0
"Scutellaria scandens","Scutellaria scandens","D.Don","Native",0,0,0,1,0,0,0,1,0
"Sedum ewersii","Hylotelephium ewersii","(Ledeb.) H.Ohba","Native",0,0,0,0,0,1,0,0,0
"Selinum tenuifolium","Ligusticopsis wallichiana","(DC.) Pimenov & Kljuykov","Native",0,0,0,0,0,1,0,0,0
"Selinum vaginatum","Selinum vaginatum","(Edgew.) C.B.Clarke","Native",0,1,0,0,0,1,1,1,0
"Senecio cappa","Synotis cappa","(Buch.-Ham. ex D.Don) C.Jeffrey & Y.L.Chen","Native",0,0,0,0,0,1,0,0,0
"Senecio chrysanthemoides","Jacobaea analoga","(DC.) Veldkamp","Native",0,0,0,0,0,1,0,0,0
"Senecio kunthianus","Synotis kunthiana","(Wall. ex DC.) C.Jeffrey & Y.L.Chen","Native",0,0,0,0,0,0,0,1,0
"Senecio rufinervis","Synotis rufinervis","(DC.) C.Jeffrey & Y.L.Chen","Native",0,0,0,0,0,1,0,1,0
"Seseli libanotis","Seseli libanotis","(L.) W.D.J.Koch",NA,0,0,0,0,0,0,0,1,0
"Setaria palmifolia","Setaria palmifolia","(J.Koenig) Stapf","Native",0,0,0,0,0,0,0,1,0
"Setaria pumila","Setaria pumila","(Poir.) Roem. & Schult.","Native",0,0,0,0,0,0,0,1,0
"Sibbaldia cuneata","Sibbaldia cuneata","Edgew.","Native",0,0,0,1,0,0,0,0,0
"Silene edgeworthii","Silene edgeworthii","Bocquet","Native",0,0,0,0,0,1,0,1,0
"Silene griffithii","Silene viscosa","(L.) Pers.","Native",0,0,0,1,0,0,0,0,0
"Silene indica","Silene indica","Roxb. ex Otth","Native",0,0,0,0,0,0,0,1,0
"Silene inflata","Silene vulgaris","(Moench) Garcke","Native",0,0,1,0,0,1,0,0,0
"Silene laxantha","Silene laxantha","Majumdar","Native",0,0,0,0,0,0,0,1,0
"Silene setaesperma","Silene setaesperma","Majumdar","Native",0,0,1,0,0,0,0,0,0
"Silene viscosa","Silene viscosa","(L.) Pers.","Native",0,0,0,0,0,0,0,1,0
"Silene vulgaris","Silene vulgaris","(Moench) Garcke","Native",0,0,0,0,0,0,0,1,0
"Sinarundinaria falcata","Drepanostachyum falcatum","(Nees) Keng f.","Native",0,0,0,0,0,0,0,1,0
"Skimmia laureola","Skimmia laureola","(DC.) Decne.","Native",1,0,0,0,0,1,0,1,0
"Smilacina purpurea","Maianthemum purpureum","(Wall.) LaFrankie","Native",0,0,0,0,0,1,0,0,0
"Smilax elegans","Smilax elegans","Wall. ex Kunth","Native",0,0,0,0,0,0,0,1,0
"Smilax vaginata","Smilax vaginata","Decne.","Native",1,0,0,0,0,0,0,0,0
"Solanum nigrum","Solanum nigrum","L.","Native",0,0,0,0,0,0,1,0,0
"Solanum pseudocapsicum","Solanum pseudocapsicum","L.","Introduced",0,0,0,0,0,0,0,1,0
"Solanum surattense","Solanum virginianum","L.","Native",0,0,0,0,0,0,1,0,0
"Solena amplexicaulis","Solena amplexicaulis","(Lam.) Gandhi",NA,0,0,0,0,0,0,0,1,0
"Solidago virga-aurea","Solidago virgaurea","L.","Native",0,0,0,0,0,1,0,0,0
"Sophora mollis","Sophora mollis","(Royle) Graham ex Baker","Native",0,0,0,0,0,0,0,1,0
"Sorbaria tomentosa","Sorbaria tomentosa","(Lindl.) Rehder","Native",0,0,0,0,0,0,0,1,0
"Sorbus foliolosa","Sorbus foliolosa","(Wall.) Spach","Native",1,0,0,0,0,1,0,0,0
"Sorbus microphylla","Sorbus microphylla","(Wall. ex Hook.f.) Wenz.","Native",0,0,0,0,0,1,0,0,0
"Spiraea canescens","Spiraea canescens","D.Don","Native",0,0,1,1,0,0,0,0,0
"Spiranthes sinensis","Spiranthes australis","(R.Br.) Lindl.","Native",0,0,1,0,0,0,0,0,0
"Spiranthes spiralis","Spiranthes spiralis","(L.) Chevall.","Native",0,0,0,1,0,0,0,0,0
"Stachys melissifolia","Stachys splendens","Wall. ex Benth.","Native",0,0,0,0,0,0,0,1,0
"Stachys sericea","Stachys splendens","Wall. ex Benth.","Native",0,0,0,0,0,1,0,0,0
"Staphylea emodi","Staphylea emodi","Wall. ex Brandis","Native",0,0,0,0,0,0,0,1,0
"Stellaria himalayensis","Mesostemma latifolium","(Benth. ex G.Don) Ikonn.","Native",0,0,0,1,0,0,0,0,0
"Stellaria media","Stellaria media","(L.) Vill.","Native",0,0,1,0,0,1,0,0,0
"Stellaria monosperma","Schizotechium monospermum","(Buch.-Ham. ex D.Don) Pusalkar & S.K.Srivast.","Native",0,0,0,0,0,0,0,1,0
"Strobilanthes atropurpurea","Strobilanthes atropurpurea","Nees","Native",1,0,1,0,0,0,0,1,0
"Strobilanthes attenuata","Strobilanthes attenuata","(Wall. ex Nees) Jacq. ex Nees","Native",0,0,0,1,0,0,0,0,0
"Strobilanthes wallichii","Strobilanthes wallichii","Nees","Native",1,0,0,0,0,0,0,1,0
"Swertia alternifolia","Swertia alternifolia","Royle","Native",0,0,0,0,0,1,0,1,0
"Swertia chirata","Swertia chirayita","(Roxb.) H.Karst.","Native",0,1,0,0,0,0,0,0,0
"Swertia ciliata","Swertia purpurascens","(D.Don) C.B.Clarke","Native",0,0,0,0,0,0,0,1,0
"Swertia cordata","Swertia cordata","(G.Don) Wall. ex C.B.Clarke","Native",0,0,0,0,0,1,0,0,0
"Swertia cuneata","Swertia cuneata","D.Don","Native",0,0,0,0,0,0,0,1,0
"Swertia paniculata","Swertia paniculata","Wall.","Native",0,0,0,0,0,1,0,0,0
"Swertia purpurascens","Swertia purpurascens","(D.Don) C.B.Clarke","Native",0,1,0,0,0,1,0,0,0
"Swertia racemosa","Swertia racemosa","(Griseb.) Wall. ex C.B.Clarke",NA,0,0,0,0,0,1,0,0,0
"Swertia speciosa","Swertia speciosa","D.Don","Native",0,0,0,1,0,1,0,1,0
"Swertia tetragona","Swertia tetragona","Edgew.","Native",0,0,1,0,0,0,0,0,0
"Synotis alata","Synotis alata","(Wall. ex DC.) C.Jeffrey & Y.L.Chen","Native",0,0,0,0,0,1,0,0,0
"Syringa emodi","Syringa emodi","Wall. ex Royle","Native",0,0,0,0,0,0,0,1,1
"Tagetes minuta","Tagetes minuta","L.","Introduced",0,0,0,0,0,1,0,0,0
"Tanacetum longifolium","Hippolytia longifolia","(Rech.f.) C.Shih","Native",0,0,0,0,0,1,0,1,0
"Taraxacum officinale","Taraxacum officinale","F.H.Wigg.","Introduced",0,0,1,0,0,1,0,0,0
"Taxus wallichiana","Taxus wallichiana","Zucc.","Native",1,0,0,0,0,0,0,1,1
"Tephrosia purpurea","Tephrosia purpurea","(L.) Pers.","Native",0,0,0,1,0,0,0,0,0
"Tetrastigma serrulatum","Tetrastigma serrulatum","(Roxb.) Planch.","Native",0,0,0,0,0,0,0,1,0
"Thalictrum alpinum","Thalictrum alpinum","L.","Native",0,0,0,0,0,0,0,1,0
"Thalictrum cultratum","Thalictrum cultratum","Wall.","Native",0,0,0,0,0,1,0,1,0
"Thalictrum foliolosum","Thalictrum foliolosum","DC.","Native",0,0,1,1,0,1,0,0,0
"Thalictrum minus","Thalictrum minus","L.","Native",0,0,0,0,0,1,0,1,0
"Thalictrum pedunculatum","Thalictrum pedunculatum","Edgew.","Native",0,0,0,0,0,0,0,1,0
"Thalictrum reniforme","Thalictrum reniforme","Wall.","Native",0,0,0,0,0,1,0,1,0
"Thamnocalamus falconeri","Himalayacalamus falconeri","(Hook.f. ex Munro) Keng f.","Native",1,0,0,0,0,0,0,0,0
"Thamnocalamus spathiflorus","Thamnocalamus spathiflorus","(Trin.) Munro","Native",1,0,0,0,0,0,0,1,0
"Thlaspi arvense","Thlaspi arvense","L.","Native",0,0,0,0,0,0,0,1,0
"Thlaspi cochleariforme","Noccaea cochleariformis","(DC.) Á.Löve & D.Löve","Native",0,0,0,0,0,0,0,1,0
"Thymus serpyllum","Thymus linearis","Benth.","Native",0,1,1,0,0,1,1,0,0
"Toxicodendron wallichii","Toxicodendron wallichii","(Hook.f.) Kuntze","Native",0,0,0,0,0,0,0,1,0
"Tridax procumbens","Tridax procumbens","L.",NA,0,0,0,0,0,1,0,0,0
"Trifolium dubium","Trifolium dubium","Sibth.","Introduced",0,0,0,1,0,0,0,1,0
"Trifolium pratense","Trifolium pratense","L.","Native",0,0,0,0,0,0,0,1,0
"Trigonella emodi","Trigonella emodi","Benth.","Native",0,0,0,0,0,0,0,1,0
"Trigonella gracilis","Trigonella gracilis","Benth.","Native",0,0,0,0,0,0,0,1,0
"Trillium govanianum","Trillium govanianum","Wall. ex D.Don","Native",0,0,0,0,0,0,1,1,0
"Trisetum aeneum","Sibirotrisetum aeneum","(Hook.f.) Barberá","Native",0,0,0,0,0,0,0,1,0
"Trisetum clarkei","Trisetum clarkei","(Hook.f.) R.R.Stewart","Native",0,0,0,0,0,0,0,1,0
"Trisetum spicatum","Koeleria spicata","(L.) Barberá, Quintanar, Soreng & P.M.Peterson","Native",0,0,0,0,0,0,0,1,0
"Trollius acaulis","Trollius acaulis","Lindl.","Native",0,0,0,0,0,0,0,1,0
"Urtica dioica","Urtica dioica","L.","Native",0,0,0,0,0,0,1,0,0
"Urtica parviflora","Urtica ardens","Link","Native",0,0,0,0,0,0,1,0,0
"Valeriana hardwickei","Valeriana hardwickei","Wall.","Native",1,0,0,0,0,1,0,1,0
"Valeriana jatamansi","Valeriana jatamansi","Jones ex Roxb.","Native",1,1,0,1,0,1,1,0,0
"Verbascum thapsus","Verbascum thapsus","L.","Native",0,0,1,0,0,1,1,0,0
"Verbena bonariensis","Verbena bonariensis","L.","Introduced",0,0,0,0,0,1,0,0,0
"Veronica alpina","Veronica alpina","L.","Native",0,0,0,0,0,0,0,1,0
"Veronica biloba","Veronica biloba","Schreb. ex L.","Native",0,0,0,0,0,0,0,1,0
"Veronica melissifolia","Veronica laxa","Benth.","Native",0,0,0,0,0,0,0,1,0
"Viburnum cotinifolium","Viburnum cotinifolium","D.Don","Native",1,0,1,0,0,1,0,0,0
"Viburnum foetens","Viburnum grandiflorum","Wall. ex DC.","Native",1,0,0,0,0,0,0,0,0
"Viburnum grandiflorum","Viburnum grandiflorum","Wall. ex DC.","Native",0,0,0,1,0,0,0,0,0
"Viburnum mullaha","Viburnum mullaha","Buch.-Ham. ex D.Don","Native",0,0,0,0,0,1,0,1,0
"Viburnum nervosum","Viburnum nervosum","D.Don","Native",1,0,0,0,0,1,0,0,0
"Viburnum stellulatum","Viburnum mullaha","Buch.-Ham. ex D.Don","Native",1,0,0,0,0,0,0,0,0
"Vicatia coniifolia","Vicatia coniifolia","DC.","Native",0,0,0,1,0,0,0,0,0
"Vicia tenera","Vicia tenera","Benth.","Native",0,0,0,0,0,0,0,1,0
"Viola betonicifolia","Viola betonicifolia","Sm.","Native",0,0,0,0,0,0,0,1,0
"Viola biflora","Viola biflora","L.","Native",0,0,0,0,0,1,0,0,0
"Viola canescens","Viola canescens","Wall.","Native",1,0,1,0,0,0,0,0,0
"Viola pilosa","Viola pilosa","Blume","Native",0,0,0,0,0,0,0,1,0
"Viola serpens","Viola pilosa","Blume","Native",0,1,0,0,0,1,0,0,0
"Vitex negundo","Vitex negundo","L.","Native",0,0,0,0,0,0,1,0,0
"Vitis himalayana","Parthenocissus semicordata","(Wall.) Planch.","Native",1,0,0,0,0,0,0,0,0
"Wikstroemia canescens","Wikstroemia canescens","Meisn.","Native",0,0,0,1,0,0,0,1,0
"Wulfeniopsis amherstiana","Wulfeniopsis amherstiana","(Benth.) D.Y.Hong","Native",0,0,0,0,0,0,0,1,0
"Zanthoxylum armatum","Zanthoxylum armatum","DC.","Native",0,0,0,0,0,0,1,0,0
