"given_name","powo_taxa","powo_author","powo_dist","Balkrishna2018a","Balkrishna2018b","Balkrishna2018c","Champion1968","Dhiman2020","Dhiman2021","eFI2022","Singh2014"
"Abelmoschus crinitus","Abelmoschus crinitus","Wall.","Native",1,0,1,0,0,0,0,0
"Abrus precatorius","Abrus precatorius","L.","Native",1,0,1,0,0,0,0,1
"Abutilon graveolens","Abutilon hirtum","(Lam.) Sweet","Native",0,0,1,0,0,0,0,1
"Abutilon hirtum","Abutilon hirtum","(Lam.) Sweet","Native",1,0,0,0,0,0,0,0
"Abutilon indicum","Abutilon indicum","(L.) Sweet","Native",1,1,1,0,0,0,0,0
"Acacia caesia","Senegalia caesia","(L.) Maslin, Seigler & Ebinger","Native",0,0,0,1,0,0,0,0
"Acacia catechu","Senegalia catechu","(L.f.) P.J.H.Hurter & Mabb.","Native",1,1,0,1,0,0,0,1
"Acacia farnesiana","Vachellia farnesiana","(L.) Wight & Arn.","Introduced",1,0,0,0,0,0,0,1
"Acacia leucophloea","Vachellia leucophloea","(Roxb.) Maslin, Seigler & Ebinger","Native",1,1,0,0,0,0,0,0
"Acacia modesta","Senegalia modesta","(Wall.) P.J.H.Hurter","Native",0,0,0,0,0,0,0,1
"Acacia nilotica","Vachellia nilotica","(L.) P.J.H.Hurter & Mabb.","Native",1,1,0,0,0,0,0,1
"Acacia pennata","Senegalia pennata","(L.) Maslin","Native",1,1,0,0,0,0,0,0
"Acacia torta","Senegalia torta","(Roxb.) Maslin, Seigler & Ebinger","Native",1,0,0,0,0,0,0,0
"Acanthospermum hispidum","Acanthospermum hispidum","DC.","Introduced",0,0,1,0,0,0,1,1
"Achyranthes aspera","Achyranthes aspera","L.","Native",1,0,1,0,1,0,0,0
"Achyranthes bidentata","Achyranthes bidentata","Blume","Native",1,0,1,0,0,0,0,0
"Acilepis dendigulensis","Acilepis dendigulensis","(DC.) H.Rob.","Native",0,0,0,0,1,0,0,0
"Acmella uliginosa","Acmella uliginosa","(Sw.) Cass.","Introduced",1,0,1,0,0,0,0,0
"Acorus calamus","Acorus calamus","L.","Native",1,0,1,0,0,0,0,1
"Adenostemma lavenia","Adenostemma lavenia","(L.) Kuntze","Native",0,0,0,0,0,0,0,1
"Adhatoda vasica","Justicia adhatoda","L.","Native",0,0,0,1,0,0,0,0
"Adiantum caudatum","Adiantum caudatum","L.","Native",1,0,1,0,0,0,0,0
"Adina cordifolia","Adina cordifolia","(Roxb.) Brandis","Native",0,0,1,0,0,0,1,1
"Aegle marmelos","Aegle marmelos","(L.) Corrêa","Native",1,1,1,1,1,0,0,1
"Aerva sanguinolenta","Ouret sanguinolenta","(L.) Kuntze","Native",0,0,1,0,1,0,1,1
"Aeschynomene indica","Aeschynomene indica","L.","Native",1,0,1,0,0,0,0,1
"Agave americana","Agave americana","L.","Native",1,1,1,0,1,0,0,1
"Agave cantala","Agave vivipara","L.","Introduced",0,1,0,0,0,0,0,0
"Ageratina adenophora","Ageratina adenophora","(Spreng.) R.M.King & H.Rob.","Introduced",0,0,1,0,0,0,1,0
"Ageratum conyzoides","Ageratum conyzoides","L.","Introduced",1,0,1,0,1,1,0,0
"Ageratum houstonianum","Ageratum houstonianum","Mill.","Introduced",0,0,1,0,1,1,0,0
"Ailanthus excelsa","Ailanthus excelsa","Roxb.","Native",1,1,1,0,0,0,0,0
"Ajuga bracteosa","Ajuga integrifolia","Buch.-Ham. ex D.Don","Native",0,0,1,0,0,0,0,1
"Ajuga integrifolia","Ajuga integrifolia","Buch.-Ham. ex D.Don","Native",0,0,0,0,0,0,1,0
"Ajuga macrosperma","Ajuga macrosperma","Wall. ex Benth.","Native",0,0,1,0,0,0,1,0
"Ajuga parviflora","Ajuga parviflora","Benth.","Native",0,0,1,0,1,0,1,1
"Albizia chinensis","Albizia chinensis","(Osbeck) Merr.","Native",0,0,1,0,0,0,0,0
"Albizia lebbeck","Albizia lebbeck","(L.) Benth.","Native",1,1,1,0,0,0,0,0
"Albizia odoratissima","Albizia odoratissima","(L.f.) Benth.","Native",1,0,1,0,0,0,0,0
"Albizia procera","Albizia procera","(Roxb.) Benth.","Native",1,1,1,0,0,0,0,1
"Allium cepa","Allium cepa","L.","Introduced",1,0,0,0,0,0,0,0
"Aloe vera","Aloe vera","(L.) Burm.f.","Introduced",1,0,1,0,0,0,0,0
"Alstonia scholaris","Alstonia scholaris","(L.) R.Br.","Native",1,0,1,0,0,0,0,0
"Alternanthera paronychioides","Alternanthera paronychioides","A.St.-Hil.","Introduced",0,0,1,0,0,0,0,1
"Alternanthera pungens","Alternanthera pungens","Kunth","Introduced",0,0,0,0,0,1,0,0
"Alternanthera sessilis","Alternanthera sessilis","(L.) R.Br. ex DC.","Native",1,0,1,0,0,0,0,0
"Alysicarpus bupleurifolius","Alysicarpus bupleurifolius","(L.) DC.","Native",1,1,1,0,0,0,0,1
"Alysicarpus monilifer","Alysicarpus monilifer","(L.) DC.","Native",1,0,1,0,0,0,0,1
"Alysicarpus scariosus","Alysicarpus scariosus","(Rottler ex Spreng.) Graham","Native",0,0,0,0,0,0,1,0
"Alysicarpus vaginalis","Alysicarpus vaginalis","(L.) DC.","Native",1,1,1,0,0,0,0,0
"Amaranthus viridis","Amaranthus viridis","L.","Introduced",1,1,1,0,0,0,0,0
"Ampelocissus latifolia","Ampelocissus latifolia","(Roxb.) Planch.","Native",1,1,1,0,0,0,0,0
"Anagallis arvensis","Lysimachia arvensis","(L.) U.Manns & Anderb.","Introduced",1,0,0,0,0,0,0,0
"Anaphalis busua","Anaphalis busua","(Buch.-Ham.) DC.","Native",0,0,1,0,0,0,1,0
"Anaphalis contorta","Anaphalis contorta","(D.Don) Hook.f.","Native",0,0,1,0,0,0,0,1
"Andrachne cordifolia","Leptopus cordifolius","Decne.","Native",0,0,1,0,0,0,0,1
"Andrographis echioides","Andrographis echioides","(L.) Nees","Native",0,0,1,0,0,0,1,1
"Andrographis paniculata","Andrographis paniculata","(Burm.f.) Nees","Native",1,0,1,0,1,0,0,1
"Androsace umbellata","Androsace umbellata","(Lour.) Merr.","Native",0,0,1,0,1,0,1,0
"Anethum sowa","Anethum graveolens","L.","Introduced",0,1,NA,0,0,0,0,0
"Anisomeles indica","Anisomeles indica","(L.) Kuntze","Native",0,0,1,0,0,0,0,1
"Annona squamosa","Annona squamosa","L.","Introduced",1,1,1,0,0,0,1,0
"Anogeissus latifolia","Terminalia anogeissiana","Gere & Boatwr.","Native",1,1,1,1,1,0,1,1
"Anogeissus pendula","Terminalia pendula","(Edgew.) Gere & Boatwr.","Native",0,0,0,0,0,0,0,1
"Antigonon leptopus","Antigonon leptopus","Hook. & Arn.","Introduced",1,0,1,0,0,0,0,0
"Apium graveolens","Apium graveolens","L.","Native",0,0,1,0,0,0,0,1
"Apluda mutica","Apluda mutica","L.","Native",0,1,NA,0,0,0,0,1
"Ardisia solanacea","Ardisia solanacea","Roxb.","Native",1,0,1,0,0,0,0,0
"Arenaria serpyllifolia","Arenaria serpyllifolia","L.","Native",0,0,1,0,0,0,0,1
"Argemone mexicana","Argemone mexicana","L.","Introduced",1,1,1,0,0,1,0,1
"Argyreia sericea","Argyreia sericea","Dalzell & A.Gibson","Native",1,0,1,0,0,0,0,0
"Arisaema decipiens","Arisaema decipiens","Schott",NA,0,0,1,0,0,0,0,1
"Arisaema tortuosum","Arisaema tortuosum","(Wall.) Schott","Native",0,0,1,0,0,0,1,0
"Artemisia japonica","Artemisia japonica","Thunb.","Native",0,1,1,0,0,0,0,0
"Artemisia vulgaris","Artemisia vulgaris","L.","Native",1,0,1,0,0,0,0,0
"Artocarpus heterophyllus","Artocarpus heterophyllus","Lam.","Native",1,1,0,0,0,0,0,0
"Artocarpus lacucha","Artocarpus lacucha","Buch.-Ham.","Native",1,1,0,0,0,0,0,0
"Arundinella nepalensis","Arundinella nepalensis","Trin.","Native",0,1,0,0,0,0,0,0
"Arundo donax","Arundo donax","L.","Native",0,1,0,0,0,0,0,0
"Asclepias curassavica","Asclepias curassavica","L.","Introduced",1,0,1,0,0,0,0,0
"Asparagus racemosus","Asparagus racemosus","Willd.","Native",1,1,1,0,1,0,0,0
"Asphodelus tenuifolius","Asphodelus tenuifolius","Cav.","Native",1,0,1,0,0,0,1,0
"Aspidopterys wallichii","Aspidopterys wallichii","Hook.f.","Native",0,0,1,0,0,0,1,1
"Atylosia scarabaeoides","Cajanus scarabaeoides","(L.) Thouars","Native",0,0,1,0,0,0,0,1
"Averrhoa carambola","Averrhoa carambola","L.",NA,1,0,0,0,0,0,0,0
"Azadirachta indica","Azadirachta indica","A.Juss.","Introduced",1,1,1,0,0,0,0,0
"Baccharoides anthelmintica","Baccharoides anthelmintica","(L.) Moench","Native",0,0,1,0,0,0,1,0
"Bacopa monnieri","Bacopa monnieri","(L.) Wettst.","Native",1,0,1,0,0,0,1,1
"Baliospermum montanum","Baliospermum solanifolium","(Burm.) Suresh","Native",0,0,1,0,0,0,0,1
"Baliospermum solanifolium","Baliospermum solanifolium","(Burm.) Suresh","Native",1,0,1,0,0,0,0,0
"Bambusa bambos","Bambusa bambos","(L.) Voss","Native",1,1,0,0,0,0,0,0
"Barleria cristata","Barleria cristata","L.","Native",1,0,1,0,1,0,1,0
"Barleria prionitis","Barleria prionitis","L.","Native",1,0,1,0,0,0,0,0
"Barleria strigosa","Barleria strigosa","Willd.","Native",1,0,1,0,0,0,0,0
"Basella alba","Basella alba","L.","Native",1,0,1,0,0,0,0,0
"Bauhinia purpurea","Bauhinia purpurea","L.","Native",1,1,1,0,0,0,0,0
"Bauhinia racemosa","Phanera vahlii","(Wight & Arn.) Benth.","Native",1,1,0,0,0,0,0,0
"Bauhinia semla","Phanera roxburghiana","(Voigt) Bandyop., Anand Kumar & Chakrab.","Native",1,0,0,0,0,0,0,0
"Bauhinia tomentosa","Bauhinia tomentosa","L.","Introduced",0,0,0,0,0,0,1,0
"Bauhinia vahlii","Phanera vahlii","(Wight & Arn.) Benth.","Native",1,1,0,1,1,0,0,0
"Bauhinia variegata","Bauhinia variegata","L.","Native",1,1,1,0,0,0,0,0
"Begonia picta","Begonia picta","Sm.","Native",1,0,1,0,0,0,0,0
"Berberis aristata","Berberis aristata","DC.","Native",0,0,1,0,1,0,0,1
"Berberis asiatica","Berberis asiatica","Roxb. ex DC.","Native",1,1,1,0,0,0,0,0
"Berberis lycium","Berberis lycium","Royle","Native",1,1,1,0,0,0,0,0
"Bidens biternata","Bidens biternata","(Lour.) Merr. & Sherff","Native",0,0,1,0,0,0,1,0
"Bidens pilosa","Bidens pilosa","L.","Introduced",0,0,1,0,1,1,0,0
"Blainvillea acmella","Blainvillea acmella","(L.) Philipson","Native",0,0,1,0,0,0,1,0
"Blainvillea rhomboidea","Blainvillea acmella","(L.) Philipson","Native",0,0,0,0,0,0,0,1
"Blepharis maderaspatensis","Blepharis maderaspatensis","(L.) B.Heyne ex Roth","Native",1,0,1,0,0,0,1,1
"Blumea axillaris","Blumea axillaris","(Lam.) DC.","Native",0,0,1,0,0,0,1,0
"Blumea lacera","Blumea lacera","(Burm.f.) DC.","Native",1,0,1,0,0,0,0,0
"Blumea laciniata","Blumea sinuata","(Lour.) Merr.","Native",0,0,1,0,0,0,0,1
"Blumea mollis","Blumea axillaris","(Lam.) DC.","Native",0,0,0,0,0,0,0,1
"Blumea sinuata","Blumea sinuata","(Lour.) Merr.","Native",0,0,1,0,0,0,1,0
"Boehmeria macrophylla","Boehmeria penduliflora","Wedd. ex D.G.Long","Native",0,0,0,0,1,0,0,0
"Boehmeria rugulosa","Pouzolzia rugulosa","(Wedd.) Acharya & Kravtsova","Native",0,0,1,0,1,0,0,1
"Boerhavia chinensis","Commicarpus chinensis","(L.) Heimerl","Native",0,0,1,0,0,0,0,1
"Boerhavia diffusa","Boerhavia diffusa","L.","Native",1,0,1,0,0,0,0,1
"Bombax ceiba","Bombax ceiba","L.","Native",1,1,1,0,1,0,0,0
"Borreria articularis","Spermacoce articularis","L.f.","Native",0,0,1,0,0,0,0,1
"Boswellia serrata","Boswellia serrata","Roxb.","Native",1,1,1,1,0,0,1,1
"Bothriochloa pertusa","Bothriochloa pertusa","(L.) A.Camus","Native",0,1,0,0,0,0,0,0
"Brachiaria distachyos","Urochloa distachyos","(L.) T.Q.Nguyen","Native",0,0,0,0,0,0,0,1
"Brachiaria ramosa","Urochloa ramosa","(L.) T.Q.Nguyen","Native",0,1,0,0,0,0,0,0
"Brachycorythis obcordata","Brachycorythis obcordata","(Lindl. ex Wall.) Summerh.","Native",0,0,0,0,0,0,1,0
"Brassica campestris","Brassica rapa","L.","Introduced",1,0,NA,0,0,0,0,0
"Bridelia crenulata","Bridelia retusa","(L.) A.Juss.","Native",0,0,0,0,0,0,0,1
"Bridelia retusa","Bridelia retusa","(L.) A.Juss.","Native",0,1,1,1,0,0,0,0
"Broussonetia papyrifera","Broussonetia papyrifera","(L.) L'Hér. ex Vent.","Native",0,1,1,0,0,0,0,0
"Bryophyllum fedtschenkoi","Kalanchoe fedtschenkoi","Raym.-Hamet & H.Perrier","Introduced",0,0,0,0,1,0,0,0
"Bryophyllum pinnatum","Kalanchoe pinnata","(Lam.) Pers.","Introduced",1,0,0,0,0,0,0,0
"Buchanania lanzan","Buchanania cochinchinensis","(Lour.) M.R.Almeida","Native",0,0,0,1,0,0,0,0
"Buchnera hispida","Buchnera hispida","Buch.-Ham. ex D.Don","Native",0,0,0,0,0,0,1,0
"Bupleurum hamiltonii","Bupleurum hamiltonii","N.P.Balakr.","Native",0,0,1,0,0,0,1,1
"Bupleurum marginatum","Bupleurum marginatum","Wall. ex DC.","Native",0,0,0,0,0,0,1,0
"Butea monosperma","Butea monosperma","(Lam.) Kuntze","Native",1,1,1,1,1,0,0,1
"Caesalpinia bonduc","Guilandina bonduc","L.","Native",1,0,0,0,0,0,0,1
"Caesalpinia pulcherrima","Caesalpinia pulcherrima","(L.) Sw.","Introduced",0,0,0,0,0,0,1,0
"Cajanus scarabaeoides","Cajanus scarabaeoides","(L.) Thouars","Native",1,0,1,0,0,0,1,0
"Callicarpa macrophylla","Callicarpa macrophylla","Vahl","Native",1,0,1,0,1,0,0,1
"Callistemon viminalis","Melaleuca viminalis","(Sol. ex Gaertn.) Byrnes","Introduced",0,0,1,0,1,0,0,0
"Calotropis gigantea","Calotropis gigantea","(L.) W.T.Aiton","Native",1,1,1,0,0,0,0,0
"Calotropis procera","Calotropis procera","(Aiton) W.T.Aiton","Native",1,1,1,0,0,1,0,0
"Calyptocarpus vialis","Calyptocarpus vialis","Less.","Introduced",0,0,1,0,0,0,1,0
"Campanula canescens","Campanula dimorphantha","Schweinf.","Native",0,0,1,0,0,0,0,1
"Canavalia gladiata","Canavalia gladiata","(Jacq.) DC.","Native",1,1,1,0,0,0,0,0
"Cannabis sativa","Cannabis sativa","L.","Introduced",1,0,1,0,1,0,0,0
"Canscora perfoliata","Canscora perfoliata","Lam.","Native",0,0,0,0,0,0,1,0
"Capillipedium parviflorum","Capillipedium parviflorum","(R.Br.) Stapf","Native",0,1,0,0,0,0,0,0
"Capparis aphylla","Capparis decidua","(Forssk.) Edgew.","Native",0,0,1,0,0,0,0,1
"Capparis sepiaria","Capparis sepiaria","L.","Native",1,0,1,0,0,0,0,1
"Capparis zeylanica","Capparis zeylanica","L.","Native",1,0,1,0,0,0,1,0
"Capsella bursa-pastoris","Capsella bursa-pastoris","(L.) Medik.","Native",0,0,1,0,0,0,0,1
"Cardamine hirsuta","Cardamine hirsuta","L.","Native",0,0,1,0,1,1,0,0
"Cardamine impatiens","Cardamine impatiens","L.","Native",0,0,1,0,0,0,1,0
"Cardamine scutata","Cardamine scutata","Thunb.","Introduced",0,0,1,0,1,0,0,1
"Cardiospermum halicacabum","Cardiospermum halicacabum","L.","Native",1,0,1,0,0,0,1,0
"Carica papaya","Carica papaya","L.","Introduced",1,0,0,0,0,0,0,0
"Carissa macrocarpa","Carissa macrocarpa","(Eckl.) A.DC.",NA,0,0,0,0,0,0,1,0
"Carissa opaca","Carissa spinarum","L.","Native",0,0,0,1,0,0,0,0
"Carissa spinarum","Carissa spinarum","L.","Native",1,1,1,0,1,0,1,0
"Caryopteris wallichiana","Pseudocaryopteris bicolor","(Roxb. ex Hardw.) P.D.Cantino","Native",0,0,1,0,0,0,0,1
"Cascabela thevetia","Cascabela thevetia","(L.) Lippold","Introduced",0,1,0,0,0,0,0,0
"Casearia graveolens","Casearia graveolens","Dalzell","Native",1,0,1,0,0,0,1,0
"Casearia tomentosa","Casearia tomentosa","Roxb.","Native",1,1,1,1,0,0,0,0
"Cassia absus","Chamaecrista absus","(L.) H.S.Irwin & Barneby","Native",0,0,1,0,0,0,0,1
"Cassia fistula","Cassia fistula","L.","Native",1,1,1,1,1,0,0,1
"Cassia occidentalis","Senna occidentalis","(L.) Link","Introduced",0,0,1,0,0,1,0,0
"Cassia siamea","Senna siamea","(Lam.) H.S.Irwin & Barneby","Introduced",0,0,1,0,1,0,0,1
"Cassine albens","Cassine albens","(Retz.) Kosterm.","Native",1,0,0,0,0,0,0,0
"Catharanthus roseus","Catharanthus roseus","(L.) G.Don","Introduced",1,1,0,0,0,0,0,0
"Catunaregam spinosa","Catunaregam spinosa","(Thunb.) Tirveng.","Native",1,1,1,0,0,0,0,0
"Cayaponia laciniosa","Cayaponia laciniosa","(L.) C.Jeffrey",NA,1,0,1,0,0,0,0,0
"Cayratia trifolia","Causonis trifolia","(L.) Mabb. & J.Wen","Native",1,0,1,0,0,0,0,0
"Cedrus deodara","Cedrus deodara","(Roxb. ex D.Don) G.Don",NA,1,0,1,0,0,0,1,0
"Celastrus paniculatus","Celastrus paniculatus","Willd.","Native",1,0,1,0,0,0,1,1
"Celosia argentea","Celosia argentea","L.","Introduced",1,1,1,0,0,1,0,0
"Celtis australis","Celtis australis","L.",NA,0,1,0,0,0,0,0,0
"Celtis tetrandra","Celtis tetrandra","Roxb.","Native",0,0,1,0,0,0,0,0
"Cenchrus setigerus","Cenchrus setigerus","Vahl","Native",0,1,0,0,0,0,0,0
"Centaurium pulchellum","Centaurium pulchellum","(Sw.) Hayek ex Hand.-Mazz., Stadlm., Janch. & Faltis","Native",0,0,1,0,0,0,1,1
"Centella asiatica","Centella asiatica","(L.) Urb.","Native",1,0,1,0,1,0,1,0
"Ceriscoides turgida","Ceriscoides turgida","(Roxb.) Tirveng.","Native",0,0,1,0,0,0,0,0
"Cestrum nocturnum","Cestrum nocturnum","L.","Introduced",0,0,0,0,0,0,0,1
"Chamaecrista absus","Chamaecrista absus","(L.) H.S.Irwin & Barneby","Native",1,0,1,0,0,0,1,0
"Cheilocostus speciosus","Hellenia speciosa","(J.Koenig) S.R.Dutta","Native",1,0,1,0,0,0,0,0
"Chenopodium album","Chenopodium album","L.","Native",1,1,1,0,0,0,0,0
"Chenopodium murale","Chenopodiastrum murale","(L.) S.Fuentes, Uotila & Borsch","Native",0,1,1,0,0,0,0,1
"Chloris barbata","Chloris barbata","Sw.","Native",0,1,0,0,0,0,0,0
"Chromolaena odorata","Chromolaena odorata","(L.) R.M.King & H.Rob.","Introduced",0,0,0,0,1,1,0,0
"Chrysopogon aciculatus","Chrysopogon aciculatus","(Retz.) Trin.","Native",0,1,0,0,0,0,0,0
"Chrysopogon fulvus","Chrysopogon fulvus","(Spreng.) Chiov.","Native",0,1,0,0,0,0,0,0
"Cirsium arvense","Cirsium arvense","(L.) Scop.","Native",0,0,1,0,1,1,0,0
"Cirsium wallichii","Cirsium wallichii","DC.","Native",0,0,1,0,0,0,0,1
"Cissampelos pareira","Cissampelos pareira","L.","Native",1,0,1,0,1,0,0,0
"Cissus repanda","Cissus repanda","(Wight & Arn.) Vahl","Native",1,0,1,0,0,0,0,1
"Clematis buchaniana","Clematis buchananiana","DC.","Native",0,0,1,0,0,0,0,1
"Clematis gouriana","Clematis gouriana","Roxb. ex DC.","Native",1,0,1,0,0,0,1,1
"Cleome viscosa","Cleome viscosa","L.","Native",1,0,1,0,0,0,0,0
"Clerodendrum indicum","Clerodendrum indicum","(L.) Kuntze","Native",1,0,1,0,0,0,1,0
"Clerodendrum multiflorum","Clerodendrum phlomidis","L.f.","Native",0,0,1,0,0,0,0,1
"Clerodendrum phlomidis","Clerodendrum phlomidis","L.f.","Native",1,0,1,0,0,0,0,0
"Clitoria ternatea","Clitoria ternatea","L.","Introduced",1,0,1,0,0,0,0,0
"Coccinia grandis","Coccinia grandis","(L.) Voigt","Native",1,0,1,0,0,0,0,0
"Cocculus hirsutus","Cocculus hirsutus","(L.) W.Theob.","Native",1,0,1,0,0,0,0,0
"Cocculus laurifolius","Cocculus laurifolius","DC.","Native",0,0,1,0,1,0,1,0
"Cochlospermum religiosum","Cochlospermum religiosum","(L.) Alston","Native",0,0,0,1,0,0,0,0
"Colebrookea oppositifolia","Colebrookea oppositifolia","Sm.","Native",1,0,1,0,1,0,1,1
"Colocasia esculenta","Colocasia esculenta","(L.) Schott","Native",1,0,1,0,0,0,0,0
"Combretum indicum","Combretum indicum","(L.) DeFilipps","Native",0,1,1,0,0,0,0,0
"Commelina benghalensis","Commelina benghalensis","L.","Native",1,1,1,0,1,0,0,0
"Convolvulus arvensis","Convolvulus arvensis","L.","Native",1,0,1,0,0,0,0,1
"Convolvulus prostratus","Convolvulus prostratus","Forssk.","Native",1,0,1,0,0,0,0,0
"Conyza japonica","Eschenbachia japonica","(Thunb.) J.Kost.","Native",0,0,1,0,0,0,1,1
"Corchorus aestuans","Corchorus aestuans","L.","Native",0,0,1,0,0,0,0,1
"Corchorus olitorius","Corchorus olitorius","L.","Native",1,1,1,0,0,0,0,0
"Cordia dichotoma","Cordia dichotoma","G.Forst.","Native",1,1,1,1,0,0,0,0
"Cordia macleodii","Cordia macleodii","(Griff.) Hook.f. & Thomson","Native",1,0,1,0,0,0,0,0
"Cordia vestita","Cordia vestita","(A.DC.) Hook.f. & Thomson","Native",0,0,1,0,0,0,1,0
"Coriaria napalensis","Coriaria napalensis","Wall.","Native",0,0,0,0,0,0,1,0
"Coronopus didymus","Lepidium didymum","L.","Introduced",0,0,1,0,0,0,0,1
"Corymbia citriodora","Corymbia citriodora","(Hook.) K.D.Hill & L.A.S.Johnson","Introduced",1,1,1,0,0,0,0,0
"Crateva nurvala","Crateva magna","(Lour.) DC.","Native",0,0,0,0,0,0,0,1
"Crotalaria albida","Crotalaria albida","B.Heyne ex Roth","Native",0,0,1,0,0,0,0,1
"Crotalaria hirta","Crotalaria hirta","Willd.","Native",0,0,0,0,0,0,1,0
"Crotalaria juncea","Crotalaria juncea","L.","Native",1,1,1,0,0,0,0,0
"Crotalaria medicaginea","Crotalaria medicaginea","Lam.","Native",1,1,0,0,0,0,0,0
"Crotalaria prostrata","Crotalaria prostrata","Rottler ex Willd.","Native",1,0,1,0,0,0,0,0
"Crotalaria spectabilis","Crotalaria spectabilis","Roth","Native",1,0,1,0,0,0,1,0
"Croton bonplandianus","Croton bonplandianus","Baill.","Introduced",0,0,1,0,0,1,0,1
"Cryptolepis buchananii","Cryptolepis buchananii","R.Br. ex Roem. & Schult.","Native",0,0,0,0,0,0,1,1
"Cryptolepis dubia","Cryptolepis buchananii","R.Br. ex Roem. & Schult.","Native",1,1,0,0,0,0,0,0
"Cryptostegia grandiflora","Cryptostegia grandiflora","Roxb. ex R.Br.","Introduced",1,0,1,0,0,0,0,0
"Cucumis sativus","Cucumis sativus","L.","Native",0,0,0,0,0,0,1,0
"Curculigo orchioides","Curculigo orchioides","Gaertn.","Native",1,0,1,0,0,0,0,0
"Cuscuta reflexa","Cuscuta reflexa","Roxb.","Native",1,0,1,0,0,0,0,1
"Cyanthillium cinereum","Cyanthillium cinereum","(L.) H.Rob.","Native",1,0,1,0,0,0,0,0
"Cyathocline purpurea","Cyathocline purpurea","(Buch.-Ham. ex D.Don) Kuntze","Native",0,0,1,0,0,0,1,0
"Cyclospermum leptophyllum","Cyclospermum leptophyllum","(Pers.) Sprague ex Britton & P.Wilson","Introduced",0,0,1,0,1,0,0,0
"Cymbopogon citratus","Cymbopogon citratus","(DC.) Stapf","Native",1,0,0,0,0,0,0,0
"Cymbopogon martini","Cymbopogon martini","(Roxb.) W.Watson","Native",1,1,0,0,0,0,0,0
"Cynodon dactylon","Cynodon dactylon","(L.) Pers.","Native",1,1,0,0,1,0,0,1
"Cynoglossum lanceolatum","Cynoglossum lanceolatum","Forssk.","Native",0,0,1,0,0,0,1,0
"Cynoglossum zeylanicum","Cynoglossum zeylanicum","(Sw. ex Lehm.) Thunb. ex Brand","Native",0,0,0,0,1,0,0,0
"Cyperus compressus","Cyperus compressus","L.","Native",0,0,1,0,0,0,0,1
"Cyperus cuspidatus","Cyperus cuspidatus","Kunth","Native",0,0,1,0,0,0,0,1
"Cyperus distans","Cyperus distans","L.f.","Native",0,0,0,0,1,0,0,0
"Cyperus laevigatus","Cyperus laevigatus","L.","Native",0,0,1,0,0,0,0,1
"Cyperus michelianus","Cyperus michelianus","(L.) Delile","Native",0,0,0,0,0,0,1,0
"Cyperus rotundus","Cyperus rotundus","L.","Native",0,1,1,0,0,0,0,0
"Cyperus triceps","Cyperus dubius","Rottb.","Native",0,0,1,0,0,0,0,1
"Dactyloctenium aegyptium","Dactyloctenium aegyptium","(L.) Willd.","Native",0,1,0,0,0,0,0,1
"Dalbergia lanceolaria","Dalbergia lanceolaria","L.f.","Native",0,1,1,0,0,0,0,0
"Dalbergia lanceolaria","Dalbergia lanceolaria","L.f.","Native",1,0,1,0,0,0,0,0
"Dalbergia paniculata","Dalbergia lanceolaria","L.f.","Native",0,0,0,0,0,0,0,1
"Dalbergia sissoo","Dalbergia sissoo","Roxb. ex DC.","Native",1,1,1,0,0,0,0,0
"Datura innoxia","Datura innoxia","Mill.","Introduced",0,1,1,0,0,0,0,0
"Datura metel","Datura metel","L.","Introduced",1,1,1,0,0,0,0,0
"Datura stramonium","Datura stramonium","L.","Introduced",0,1,1,0,0,0,0,0
"Debregeasia longifolia","Debregeasia longifolia","(Burm.f.) Wedd.","Native",0,1,1,0,0,0,0,0
"Deeringia amaranthoides","Deeringia amaranthoides","(Lam.) Merr.","Native",0,0,1,0,0,0,1,0
"Delonix regia","Delonix regia","(Bojer ex Hook.) Raf.","Introduced",1,0,1,0,0,0,0,0
"Dendrocalamus strictus","Dendrocalamus strictus","(Roxb.) Nees","Native",0,1,0,1,1,0,0,0
"Dendrophthoe falcata","Dendrophthoe falcata","(L.f.) Ettingsh.","Native",1,0,1,0,0,0,0,0
"Desmodium gangeticum","Pleurolobus gangeticus","(L.) J.St.-Hil. ex H.Ohashi & K.Ohashi","Native",1,0,1,0,0,0,0,1
"Desmodium heterocarpon","Grona heterocarpos","(L.) H.Ohashi & K.Ohashi","Native",0,0,0,0,0,0,1,0
"Desmodium laxiflorum","Sohmaea laxiflora","(DC.) H.Ohashi & K.Ohashi","Native",0,0,0,0,0,0,0,1
"Desmodium oojeinense","Ougeinia oojeinensis","(Roxb.) Hochr.","Native",1,1,0,0,0,0,0,0
"Desmodium podocarpum","Hylodesmum podocarpum","(DC.) H.Ohashi & R.R.Mill","Native",0,0,0,0,0,0,0,1
"Desmodium triflorum","Grona triflora","(L.) H.Ohashi & K.Ohashi","Native",1,0,0,0,0,0,1,1
"Dichanthium annulatum","Dichanthium annulatum","(Forssk.) Stapf","Native",0,0,0,0,1,0,0,1
"Dichrostachys cinerea","Dichrostachys cinerea","(L.) Wight & Arn.","Native",0,1,1,0,0,0,0,0
"Dicliptera bupleuroides","Dicliptera bupleuroides","Nees","Native",0,0,1,0,0,0,1,0
"Dicliptera chinensis","Dicliptera chinensis","(L.) Juss.","Native",0,0,1,0,1,0,0,0
"Dicliptera paniculata","Dicliptera paniculata","(Forssk.) I.Darbysh.","Native",0,0,1,0,0,0,1,0
"Dicliptera riparia","Dicliptera riparia","Nees",NA,0,0,0,0,0,0,1,0
"Dicliptera roxburghiana","Dicliptera chinensis","(L.) Juss.","Native",0,0,0,0,0,0,0,1
"Digera muricata","Digera muricata","(L.) Mart.","Native",1,1,1,0,0,0,0,0
"Digitaria abludens","Digitaria abludens","(Roem. & Schult.) Veldkamp","Native",0,0,0,0,0,0,0,1
"Digitaria sanguinalis","Digitaria sanguinalis","(L.) Scop.","Native",0,1,0,0,0,0,0,0
"Digitaria stricta","Digitaria stricta","Roth","Native",0,1,0,0,0,0,0,0
"Dioscorea alata","Dioscorea alata","L.","Native",1,1,1,0,0,0,0,0
"Dioscorea belophylla","Dioscorea belophylla","(Prain) Voigt ex Haines","Native",1,0,1,0,0,0,0,0
"Dioscorea pentaphylla","Dioscorea pentaphylla","L.","Native",1,0,1,0,0,0,0,0
"Diospyros melanoxylon","Diospyros melanoxylon","Roxb.","Native",1,1,1,0,0,0,1,0
"Diospyros montana","Diospyros montana","Roxb.","Native",1,0,1,0,0,0,1,0
"Diospyros tomentosa","Diospyros chloroxylon","Roxb.","Native",0,0,0,1,0,0,0,0
"Diplocyclos palmatus","Diplocyclos palmatus","(L.) C.Jeffrey","Native",0,0,1,0,0,0,1,1
"Dodonaea viscosa","Dodonaea viscosa","Jacq.","Native",1,0,1,1,0,0,0,1
"Dolichos biflorus","Macrotyloma uniflorum","(Lam.) Verdc.","Native",0,0,0,0,0,0,0,1
"Drimia indica","Drimia indica","(Roxb.) Jessop","Native",1,0,1,0,0,0,0,0
"Drymaria cordata","Drymaria cordata","(L.) Willd. ex Schult.","Introduced",1,1,1,0,0,0,0,0
"Dryopteris cochleata","Dryopteris cochleata","(D.Don) C.Chr.","Native",1,0,1,0,0,0,0,0
"Duchesnea indica","Potentilla indica","(Andrews) Th.Wolf","Native",0,0,0,0,0,0,1,1
"Duhaldea cappa","Duhaldea cappa","(Buch.-Ham. ex D.Don) Pruski & Anderb.","Native",0,0,1,0,0,0,0,0
"Duhaldea cuspidata","Duhaldea cuspidata","(DC.) Anderb.","Native",0,0,1,0,0,0,1,0
"Duranta erecta","Duranta erecta","L.","Introduced",0,1,1,0,0,0,0,0
"Echinochloa colonum","Echinochloa colonum","(L.) Link","Native",0,1,0,0,0,1,0,0
"Eclipta alba","Eclipta prostrata","(L.) L.","Introduced",0,0,0,0,0,0,0,1
"Eclipta prostrata","Eclipta prostrata","(L.) L.","Introduced",1,1,1,0,0,0,0,0
"Ehretia aspera","Ehretia aspera","Willd.","Native",0,0,1,0,0,0,0,0
"Ehretia laevis","Ehretia aspera","Willd.","Native",0,0,0,1,0,0,0,0
"Elaeocarpus serratus","Elaeocarpus serratus","L.","Native",1,0,1,0,0,0,0,0
"Emblica officinalis","Phyllanthus emblica","L.","Native",0,0,0,1,0,0,0,0
"Emilia sonchifolia","Emilia sonchifolia","(L.) DC.","Native",1,0,1,0,0,1,1,0
"Engelhardia spicata","Engelhardia spicata","Lechen ex Blume","Native",0,0,1,0,0,0,1,1
"Eragrostis amabilis","Eragrostis viscosa","(Retz.) Trin.","Native",0,1,0,0,0,0,0,0
"Eragrostis atrovirens","Eragrostis atrovirens","(Desf.) Trin. ex Steud.","Native",0,0,0,0,0,0,0,1
"Eragrostis unioloides","Eragrostis unioloides","(Retz.) Nees ex Steud.","Native",0,1,0,0,0,0,0,0
"Eranthemum nervosum","Eranthemum pulchellum","Andrews","Native",0,0,0,0,0,0,0,1
"Erigeron canadensis","Erigeron canadensis","L.","Introduced",0,0,1,0,1,0,0,1
"Eriophorum comosum","Erioscirpus comosus","(Wall.) Palla","Native",0,1,1,0,0,0,0,0
"Erythrina suberosa","Erythrina suberosa","Roxb.","Native",1,0,0,0,0,0,1,1
"Erythrina variegata","Erythrina variegata","L.","Native",0,1,0,0,0,0,0,0
"Eschenbachia stricta","Eschenbachia stricta","(Willd.) Raizada","Native",0,0,0,0,0,0,1,0
"Eucalyptus camaldulensis","Eucalyptus camaldulensis","Dehnh.","Introduced",0,1,1,0,0,0,0,1
"Eucalyptus crebra","Eucalyptus crebra","F.Muell.","Introduced",0,0,1,0,0,0,0,1
"Eucalyptus tereticornis","Eucalyptus tereticornis","Sm.","Introduced",0,0,0,0,0,0,0,1
"Eulaliopsis binata","Eulaliopsis binata","(Retz.) C.E.Hubb.","Native",0,1,0,1,0,0,0,0
"Euphorbia cashmeriana","Euphorbia cashmeriana","Royle","Native",0,0,0,0,0,0,1,0
"Euphorbia clarkeana","Euphorbia clarkeana","Hook.f.","Native",0,0,1,0,0,0,0,1
"Euphorbia dracunculoides","Euphorbia dracunculoides","Lam.","Native",0,0,0,0,0,0,1,0
"Euphorbia geniculata","Euphorbia heterophylla","L.","Introduced",0,0,0,0,0,0,0,1
"Euphorbia heterophylla","Euphorbia heterophylla","L.","Introduced",0,0,1,0,0,1,1,0
"Euphorbia hirta","Euphorbia hirta","L.","Introduced",1,0,1,0,1,0,0,0
"Euphorbia indica","Euphorbia indica","Lam.","Native",0,0,0,0,0,0,1,0
"Euphorbia neriifolia","Euphorbia neriifolia","L.","Native",1,0,1,0,0,0,0,0
"Euphorbia pulcherrima","Euphorbia pulcherrima","Willd. ex Klotzsch","Introduced",1,0,0,0,0,0,0,0
"Euphorbia royleana","Euphorbia royleana","Boiss.","Native",1,0,1,0,1,0,1,1
"Euphorbia thymifolia","Euphorbia thymifolia","L.","Introduced",1,0,1,0,0,0,0,0
"Evolvulus alsinoides","Evolvulus alsinoides","(L.) L.","Native",1,0,1,0,0,0,1,0
"Evolvulus nummularius","Evolvulus nummularius","(L.) L.","Introduced",1,0,1,0,0,0,0,1
"Falconeria insignis","Falconeria insignis","Royle","Native",0,0,1,0,1,0,1,0
"Feronia limonia","Limonia acidissima","L.","Native",0,0,0,1,0,0,0,0
"Ficus auriculata","Ficus auriculata","Lour.","Native",0,0,1,0,0,0,0,1
"Ficus benghalensis","Ficus benghalensis","L.","Native",1,1,1,0,1,0,0,0
"Ficus hispida","Ficus hispida","L.f.","Native",1,0,1,0,0,0,0,0
"Ficus racemosa","Ficus racemosa","L.","Native",1,1,1,0,0,0,0,0
"Ficus religiosa","Ficus religiosa","L.","Native",1,1,1,0,0,0,0,0
"Fimbristylis dichotoma","Fimbristylis dichotoma","(L.) Vahl","Native",1,0,1,0,0,0,0,0
"Fimbristylis miliacea","Fimbristylis quinquangularis","(Vahl) Kunth","Native",0,0,1,0,0,0,1,0
"Flacourtia indica","Flacourtia indica","(Burm.f.) Merr.","Native",1,1,1,1,1,0,0,0
"Flacourtia jangomas","Flacourtia jangomas","(Lour.) Raeusch.","Introduced",0,0,1,0,0,0,0,1
"Flemingia bracteata","Flemingia bracteata","(Roxb.) Wight","Native",0,0,0,0,0,0,0,1
"Flemingia semialata","Flemingia semialata","Roxb. ex W.T.Aiton","Native",0,0,0,0,0,0,1,0
"Flemingia strobilifera","Flemingia strobilifera","(L.) W.T.Aiton","Native",1,0,1,0,0,0,0,0
"Fragaria nilgerrensis","Fragaria nilgerrensis","Schltdl. ex J.Gay","Native",0,0,0,0,1,0,0,0
"Fragaria nubicola","Fragaria nubicola","(Lindl. ex Hook.f.) Lacaita","Native",0,1,1,0,0,0,0,0
"Fumaria indica","Fumaria indica","(Hausskn.) Pugsley","Native",1,0,1,0,1,0,0,0
"Galactia tenuiflora","Galactia striata","(Jacq.) Urb.","Native",1,0,1,0,0,0,0,0
"Galinsoga parviflora","Galinsoga parviflora","Cav.","Introduced",0,0,1,0,0,0,0,1
"Galium aparine","Galium aparine","L.","Native",0,0,1,0,1,0,0,1
"Galium spurium","Galium spurium","L.","Native",0,0,0,0,0,0,1,0
"Gardenia turgida","Ceriscoides turgida","(Roxb.) Tirveng.","Native",0,0,1,1,0,0,0,0
"Garuga pinnata","Garuga pinnata","Roxb.","Native",1,1,1,1,0,0,1,1
"Gentiana pedicellata","Gentiana pedicellata","(D.Don) Griseb.","Native",0,0,1,0,0,0,0,1
"Geranium lucidum","Geranium lucidum","L.","Native",0,0,1,0,0,0,0,1
"Geranium mascatense","Geranium mascatense","Boiss.","Native",1,0,1,0,0,0,0,0
"Geranium ocellatum","Geranium ocellatum","Jacquem. ex Cambess.","Native",0,0,0,0,1,0,1,1
"Glochidion heyneanum","Glochidion heyneanum","(Wight & Arn.) Wight","Native",0,0,1,0,0,0,0,0
"Glochidion velutinum","Glochidion heyneanum","(Wight & Arn.) Wight","Native",0,0,0,0,0,0,0,1
"Gloriosa superba","Gloriosa superba","L.","Native",1,0,1,0,0,0,0,0
"Gmelina arborea","Gmelina arborea","Roxb. ex Sm.","Native",1,1,1,0,0,0,0,0
"Gnaphalium luteoalbum","Pseudognaphalium luteoalbum","(L.) Hilliard & B.L.Burtt","Native",0,0,1,0,1,0,0,1
"Gnaphalium polycaulon","Gnaphalium polycaulon","Pers.","Native",0,0,0,0,0,0,1,0
"Gossypium arboreum","Gossypium arboreum","L.","Native",0,1,1,0,0,0,0,0
"Grangea maderaspatana","Grangea maderaspatana","(L.) Poir.","Native",1,0,1,0,0,0,0,0
"Grevillea robusta","Grevillea robusta","A.Cunn. ex R.Br.","Introduced",1,0,1,0,1,0,0,0
"Grewia elastica","Grewia eriocarpa","Juss.","Native",0,0,1,0,0,0,0,1
"Grewia hirsuta","Grewia hirsuta","Vahl","Native",1,0,1,0,0,0,0,0
"Grewia optiva","Grewia optiva","J.R.Drumm. ex Burret","Native",0,0,1,0,1,0,1,0
"Grewia tenax","Grewia tenax","(Forssk.) Fiori","Native",0,0,1,0,0,0,0,1
"Grewia tiliifolia","Grewia tiliifolia","Vahl","Native",1,1,1,0,0,0,0,0
"Gymnosporia royleana","Gymnosporia royleana","Wall. ex M.A.Lawson","Native",0,1,1,0,0,0,1,1
"Habenaria plantaginea","Habenaria plantaginea","Lindl.","Native",0,0,1,0,0,0,1,0
"Haldina cordifolia","Adina cordifolia","(Roxb.) Brandis","Native",1,1,0,0,0,0,0,0
"Hamiltonia suaveolens","Spermadictyon suaveolens","Roxb.","Native",0,0,1,0,0,0,0,1
"Haplophragma adenophyllum","Fernandoa adenophylla","(Wall. ex G.Don) Steenis","Native",0,0,1,0,1,0,0,0
"Helicteres isora","Helicteres isora","L.","Native",1,1,1,0,0,0,0,1
"Helinus lanceolatus","Helinus lanceolatus","Brandis","Native",0,0,1,0,0,0,0,1
"Heliotropium strigosum","Euploca strigosa","(Willd.) Diane & Hilger","Native",0,0,1,0,0,0,0,1
"Hemidesmus indicus","Hemidesmus indicus","(L.) R.Br.","Native",1,1,1,0,0,0,0,0
"Hemigraphis hirta","Strobilanthes hirta","(Vahl) Blume","Native",0,0,0,0,1,0,0,0
"Hemigraphis latebrosa","Strobilanthes pavala","(Roxb.) J.R.I.Wood","Native",0,0,1,0,0,0,1,0
"Hemigraphis rupestris","Strobilanthes pavala","(Roxb.) J.R.I.Wood","Native",0,0,0,0,0,0,0,1
"Hesperethusa crenulata","Naringi crenulata","(Roxb.) Nicolson","Native",1,0,0,0,0,0,0,0
"Heteropogon contortus","Heteropogon contortus","(L.) P.Beauv. ex Roem. & Schult.","Native",0,1,0,1,0,0,0,0
"Hibiscus lobatus","Hibiscus lobatus","(Murray) Kuntze","Native",0,0,1,0,0,0,1,0
"Hibiscus micranthus","Hibiscus micranthus","L.f.","Native",0,0,1,0,0,0,1,1
"Himalaiella heteromalla","Jurinea heteromalla","(D.Don) N.Garcia, Herrando & Susanna","Native",0,0,1,0,0,0,1,0
"Himalrandia tetrasperma","Himalrandia tetrasperma","(Wall. ex Roxb.) T.Yamaz.","Native",0,0,1,0,0,0,1,0
"Holarrhena antidysenterica","Holarrhena pubescens","Wall. ex G.Don","Native",0,0,0,1,0,0,0,0
"Holarrhena pubescens","Holarrhena pubescens","Wall. ex G.Don","Native",1,0,1,0,0,0,0,1
"Holmskioldia sanguinea","Holmskioldia sanguinea","Retz.","Native",0,0,0,0,0,0,1,0
"Holoptelea integrifolia","Holoptelea integrifolia","(Roxb.) Planch.","Native",1,1,1,0,1,0,0,1
"Hygrophila auriculata","Hygrophila auriculata","(Schumach.) Heine","Native",0,0,1,0,0,0,0,1
"Hymenodictyon excelsum","Hymenodictyon orixense","(Roxb.) Mabb.","Native",0,0,0,1,0,0,0,0
"Hymenodictyon orixense","Hymenodictyon orixense","(Roxb.) Mabb.","Native",0,1,1,0,0,0,0,0
"Hypericum cernuum","Hypericum oblongifolium","Choisy","Native",0,0,1,0,0,0,0,1
"Hypodematium crenatum","Hypodematium crenatum","(Forssk.) Kuhn","Native",1,0,1,0,0,0,0,0
"Hyptis suaveolens","Mesosphaerum suaveolens","(L.) Kuntze","Native",1,0,1,0,0,0,0,1
"Ichnocarpus frutescens","Ichnocarpus frutescens","(L.) W.T.Aiton","Native",1,0,1,0,1,0,0,0
"Impatiens balsamina","Impatiens balsamina","L.","Native",1,0,1,0,0,0,1,0
"Impatiens scabrida","Impatiens scabrida","DC.","Native",0,0,0,0,0,0,0,1
"Indigofera angulosa","Indigofera angulosa","Edgew.","Native",0,0,1,0,0,0,0,1
"Indigofera astragalina","Indigofera astragalina","DC.","Native",1,0,1,0,0,0,1,1
"Indigofera cassioides","Indigofera cassioides","Rottler ex DC.","Native",1,0,1,0,0,0,1,0
"Indigofera cordifolia","Indigofera cordifolia","B. Heyne ex Roth","Native",0,0,1,0,0,0,1,1
"Indigofera hamiltonii","Indigofera atropurpurea","Buch.-Ham. ex Hornem.","Native",0,0,1,0,0,0,0,1
"Indigofera linifolia","Indigofera linifolia","(L.f.) Retz.","Native",1,0,1,0,0,1,0,1
"Indigofera linnaei","Indigofera tsiangiana","Metcalf","Native",1,0,1,0,0,0,1,1
"Indigofera pulchella","Indigofera cassioides","Rottler ex DC.","Native",0,0,0,1,0,0,0,0
"Inula cappa","Duhaldea cappa","(Buch.-Ham. ex D.Don) Pruski & Anderb.","Native",0,0,0,0,0,0,1,1
"Inula cuspidata","Duhaldea cuspidata","(DC.) Anderb.","Native",0,0,0,0,0,0,0,1
"Ipomoea angulata","Ipomoea hederifolia","L.","Introduced",0,0,0,0,0,0,0,1
"Ipomoea cairica","Ipomoea cairica","(L.) Sweet","Native",1,0,1,0,0,0,0,1
"Ipomoea carnea","Ipomoea carnea","Jacq.","Introduced",0,0,1,0,1,1,0,0
"Ipomoea eriocarpa","Ipomoea eriocarpa","R.Br.","Native",1,0,1,0,0,0,0,0
"Ipomoea fistulosa","Ipomoea carnea","Jacq.","Introduced",0,0,0,0,0,0,0,1
"Ipomoea hederifolia","Ipomoea hederifolia","L.","Introduced",0,0,1,0,0,0,1,0
"Ipomoea muricata","Ipomoea muricata","(L.) Jacq.","Introduced",0,0,1,0,0,0,0,1
"Ipomoea pes-tigridis","Ipomoea pes-tigridis","L.","Native",0,0,1,0,0,0,0,1
"Ipomoea quamoclit","Ipomoea quamoclit","L.","Introduced",1,0,1,0,0,1,0,0
"Jacobaea nudicaulis","Jacobaea nudicaulis","(Buch.-Ham. ex D.Don) B.Nord.","Native",0,0,1,0,0,0,1,0
"Jasminum arborescens","Jasminum arborescens","Roxb.","Native",1,1,0,0,0,0,0,0
"Jasminum dichotomum","Jasminum nepalense","Spreng.","Native",0,0,0,0,1,0,0,0
"Jasminum multiflorum","Jasminum multiflorum","(Burm.f.) Andrews","Native",1,1,0,0,0,0,0,0
"Jasminum sambac","Jasminum sambac","(L.) Aiton","Native",1,0,0,0,0,0,0,0
"Jatropha curcas","Jatropha curcas","L.","Introduced",1,1,0,0,0,0,0,0
"Jatropha gossypiifolia","Jatropha gossypiifolia","L.","Introduced",1,0,0,0,0,0,0,0
"Juncus bufonius","Juncus bufonius","L.","Native",0,0,0,0,0,0,1,0
"Justicia adhatoda","Justicia adhatoda","L.","Native",1,1,1,0,1,0,0,0
"Justicia brandegeeana","Justicia brandegeeana","Wassh. & L.B.Sm.","Introduced",0,0,0,0,0,0,1,0
"Justicia neesii","Justicia micrantha","Wall. ex C.B.Clarke","Native",0,0,0,0,0,0,1,0
"Justicia pectinata","Rungia pectinata","(L.) Nees","Native",0,0,0,0,0,0,1,0
"Justicia quinqueangularis","Rostellularia quinqueangularis","(J.Koenig ex Roxb.) Nees","Native",0,0,0,0,0,0,0,1
"Justicia simplex","Rostellularia mollissima","(Nees) Nees","Native",0,0,0,0,0,0,0,1
"Justicia thyrsiflora","Phlogacanthus thyrsiformis","(Roxb. ex Hardw.) Mabb.","Native",0,0,1,0,0,0,0,1
"Kickxia ramosissima","Nanorrhinum ramosissimum","(Wall.) Betsche","Native",0,0,0,0,0,0,0,1
"Kydia calycina","Kydia calycina","Roxb.","Native",1,1,1,1,1,0,1,1
"Laggera aurita","Pseudoconyza viscosa","(Mill.) D'Arcy","Native",0,0,0,0,0,0,0,1
"Laggera flava","Blumea flava","DC.","Native",0,0,0,0,0,0,0,1
"Lannea coromandelica","Lannea coromandelica","(Houtt.) Merr.","Native",1,1,1,1,1,0,0,1
"Lantana camara","Lantana camara","L.","Introduced",1,1,0,0,1,1,0,1
"Laphangium luteoalbum","Pseudognaphalium luteoalbum","(L.) Hilliard & B.L.Burtt","Native",1,0,1,0,0,0,0,0
"Lathyrus aphaca","Lathyrus aphaca","L.","Native",0,0,0,0,0,0,1,0
"Lathyrus sativus","Lathyrus sativus","L.","Introduced",0,1,0,0,0,0,1,0
"Lathyrus sphaericus","Lathyrus sphaericus","Retz.","Native",0,0,0,0,0,0,1,1
"Launaea intybacea","Launaea intybacea","(Jacq.) Beauverd","Native",0,0,0,0,0,0,1,0
"Launaea nudicaulis","Launaea nudicaulis","(L.) Hook.f.","Native",0,0,0,0,0,0,0,1
"Launaea procumbens","Launaea procumbens","(Roxb.) Ramayya & Rajagopal","Native",0,1,0,0,0,0,0,0
"Lawsonia inermis","Lawsonia inermis","L.","Native",1,1,0,0,0,0,0,0
"Leea asiatica","Leea asiatica","(L.) Ridsdale","Native",0,0,0,0,0,0,1,0
"Leea aspera","Leea macrophylla","Roxb. ex Hornem.","Native",0,0,0,0,0,0,0,1
"Lens culinaris","Vicia lens","(L.) Coss. & Germ.","Native",0,0,0,0,0,0,1,0
"Leonotis nepetifolia","Leonotis nepetifolia","(L.) R.Br.","Native",1,0,0,0,0,1,1,0
"Lepidagathis cristata","Lepidagathis cristata","Willd.","Native",1,0,0,0,0,0,0,0
"Lepidagathis cuspidata","Lepidagathis cuspidata","Nees","Native",0,0,0,0,1,0,1,1
"Lepidagathis fasciculata","Lepidagathis fasciculata","(Retz.) Nees","Native",0,0,0,0,0,0,1,0
"Lepidagathis incurva","Lepidagathis incurva","Buch.-Ham. ex D.Don","Native",0,0,0,0,0,0,1,0
"Lepidagathis purpuricaulis","Lepidagathis purpuricaulis","Nees","Native",0,0,1,0,0,0,1,0
"Lepidium didymum","Lepidium didymum","L.","Introduced",0,0,0,0,1,0,0,0
"Lepidium sativum","Lepidium sativum","L.","Native",1,0,0,0,0,0,0,0
"Leptodermis lanceolata","Leptodermis lanceolata","Wall.","Native",0,0,0,0,0,0,1,0
"Leptopus cordifolius","Leptopus cordifolius","Decne.","Native",0,0,1,0,0,0,1,0
"Lespedeza juncea","Lespedeza juncea","(L.f.) Pers.","Native",0,0,1,0,0,0,0,1
"Leucaena leucocephala","Leucaena leucocephala","(Lam.) de Wit","Introduced",0,0,0,0,0,1,0,0
"Leucas cephalotes","Leucas cephalotes","(Roth) Spreng.","Native",1,0,0,0,0,0,1,1
"Leucas decemdentata","Leucas decemdentata","(Willd.) Sm.","Native",0,0,0,0,0,0,1,0
"Leucas lanata","Leucas lanata","Benth.","Native",0,0,0,0,0,0,1,0
"Leucomeris spectabilis","Leucomeris spectabilis","D.Don","Native",0,0,1,0,0,0,0,1
"Lindenbergia indica","Lindenbergia indica","(L.) Vatke","Native",0,0,0,0,1,0,0,1
"Lindenbergia macrostachya","Lindenbergia macrostachya","(Benth.) Benth.","Native",0,0,1,0,0,0,1,0
"Lindenbergia muraria","Lindenbergia muraria","(Roxb. ex D.Don) Brühl","Native",0,0,0,0,0,0,1,0
"Lindernia ciliata","Bonnaya ciliata","(Colsm.) Spreng.","Native",0,0,0,0,0,0,1,1
"Litsea glutinosa","Litsea glutinosa","(Lour.) C.B.Rob.","Native",1,0,0,0,0,0,0,0
"Lobelia alsinoides","Lobelia alsinoides","Lam.","Native",0,0,0,0,0,0,1,0
"Lobelia heyneana","Lobelia heyneana","Schult.","Native",0,0,0,0,0,0,1,0
"Lolium temulentum","Lolium temulentum","L.","Native",0,0,0,0,0,0,0,1
"Luffa acutangula","Luffa acutangula","(L.) Roxb.","Native",1,0,0,0,0,0,0,0
"Lycium europaeum","Lycium edgeworthii","Dunal","Native",0,0,0,0,0,0,0,1
"Lysimachia arvensis","Lysimachia arvensis","(L.) U.Manns & Anderb.","Introduced",0,0,0,0,1,0,0,0
"Madhuca longifolia","Madhuca longifolia","(L.) J.F.Macbr.","Native",0,1,0,0,0,0,0,0
"Madhuca longifolia","Madhuca longifolia","(L.) J.F.Macbr.","Native",1,0,0,0,0,0,0,0
"Mallotus philippensis","Mallotus philippensis","(Lam.) Müll.Arg.","Native",1,1,1,1,1,0,1,0
"Malva parviflora","Malva parviflora","L.","Introduced",0,0,1,0,0,0,0,1
"Malvastrum coromandelianum","Malvastrum coromandelianum","(L.) Garcke","Introduced",1,1,0,0,1,1,0,1
"Mangifera indica","Mangifera indica","L.","Introduced",1,1,0,0,1,0,0,0
"Manilkara hexandra","Manilkara hexandra","(Roxb.) Dubard","Native",1,0,0,0,0,0,0,0
"Maoutia puya","Leucosyke puya","(Hook.) den Baaker & Mabb.","Native",0,0,1,0,0,0,0,1
"Martynia annua","Martynia annua","L.","Introduced",1,0,0,0,0,1,1,1
"Mazus pumilus","Mazus pumilus","(Burm.f.) Steenis","Native",0,0,0,0,1,0,0,0
"Medicago lupulina","Medicago lupulina","L.","Native",0,0,0,0,0,0,1,0
"Medicago monantha","Medicago monantha","(C.A.Mey.) Trautv.","Native",0,0,0,0,0,0,1,0
"Medicago polymorpha","Medicago polymorpha","L.","Native",0,1,0,0,0,0,0,0
"Melia azedarach","Melia azedarach","L.","Native",1,0,0,0,0,0,0,0
"Melilotus indicus","Melilotus indicus","(L.) All.","Native",1,0,0,0,0,0,0,0
"Melocanna baccifera","Melocanna baccifera","(Roxb.) Kurz","Native",0,0,0,0,0,0,1,0
"Melochia corchorifolia","Melochia corchorifolia","L.","Native",1,1,0,0,0,0,0,0
"Merremia hederacea","Merremia hederacea","(Burm.f.) Hallier f.","Native",0,0,0,0,0,0,0,1
"Micromeria biflora","Micromeria biflora","(Buch.-Ham. ex D.Don) Benth.","Native",0,0,0,0,1,0,1,0
"Miliusa velutina","Miliusa velutina","(DC.) Hook.f. & Thomson","Native",0,0,0,0,0,0,0,1
"Millettia extensa","Millettia extensa","(Benth.) Benth. ex Baker","Native",1,0,0,0,0,0,0,0
"Mimosa pudica","Mimosa pudica","L.","Introduced",1,0,0,0,0,0,0,1
"Mimosa rubicaulis","Mimosa rubicaulis","Lam.","Native",0,0,0,0,0,0,0,1
"Mirabilis jalapa","Mirabilis jalapa","L.","Introduced",1,1,0,0,0,0,0,1
"Mitragyna parvifolia","Mitragyna parvifolia","(Roxb.) Korth.","Native",1,1,1,1,1,0,0,0
"Mollugo cerviana","Hypertelis cerviana","(L.) Thulin","Native",0,0,0,0,0,0,0,1
"Mollugo pentaphylla","Trigastrotheca pentaphylla","(L.) Thulin","Native",0,0,0,0,0,0,1,0
"Momordica charantia","Momordica charantia","L.","Native",0,0,0,0,0,0,1,0
"Moringa concanensis","Moringa concanensis","Nimmo ex Dalzell & A.Gibson","Native",1,0,0,0,0,0,0,0
"Moringa oleifera","Moringa oleifera","Lam.","Native",1,1,0,0,0,0,0,0
"Morus alba","Morus alba","L.","Introduced",0,1,0,0,0,0,0,0
"Mucuna pruriens","Mucuna pruriens","(L.) DC.","Native",1,1,0,0,0,0,0,0
"Mucuna pruriens","Mucuna pruriens","(L.) DC.","Native",0,0,0,0,0,0,1,0
"Mukia maderaspatana","Cucumis maderaspatanus","L.","Native",1,0,0,0,0,0,0,0
"Murdannia nudiflora","Murdannia nudiflora","(L.) Brenan","Native",0,1,0,0,0,0,0,0
"Murraya koenigii","Bergera koenigii","L.","Native",1,1,0,0,1,0,0,1
"Musa× paradisiaca","Musa× paradisiaca","L.","Introduced",1,0,0,0,1,0,0,0
"Myrsine africana","Myrsine africana","L.","Native",0,0,1,0,0,0,0,1
"Nanorrhinum ramosissimum","Nanorrhinum ramosissimum","(Wall.) Betsche","Native",0,0,0,0,0,0,1,0
"Naringi crenulata","Naringi crenulata","(Roxb.) Nicolson","Native",0,0,0,0,1,0,0,1
"Neolamarckia cadamba","Neolamarckia cadamba","(Roxb.) Bosser","Native",1,0,0,0,0,0,0,0
"Nepeta hindostana","Nepeta hindostana","(B.Heyne ex Roth) Haines","Native",1,0,0,0,0,0,1,0
"Nepeta leucophylla","Nepeta ciliaris","Benth.","Native",0,0,0,0,1,0,0,0
"Nerium oleander","Nerium oleander","L.","Native",1,1,0,0,0,0,0,0
"Nicandra physalodes","Nicandra physalodes","(L.) Gaertn.","Introduced",1,0,0,0,0,0,1,0
"Nicotiana plumbaginifolia","Nicotiana plumbaginifolia","Viv.","Introduced",0,0,0,0,0,0,0,1
"Nicotiana rustica","Nicotiana rustica","L.","Introduced",0,0,1,0,0,0,1,1
"Nicotiana tabacum","Nicotiana tabacum","L.","Introduced",0,1,0,0,0,0,0,0
"Nyctanthes arbor-tristis","Nyctanthes arbor-tristis","L.","Native",1,1,1,1,0,0,1,0
"Ocimum americanum","Ocimum americanum","L.","Native",1,0,0,0,0,0,0,0
"Ocimum canum","Ocimum americanum","L.","Native",0,0,0,0,0,0,0,1
"Ocimum gratissimum","Ocimum gratissimum","L.","Native",1,0,0,0,0,0,0,0
"Ocimum tenuiflorum","Ocimum tenuiflorum","L.","Native",1,0,0,0,0,0,0,0
"Oldenlandia aspera","Kohautia aspera","(B.Heyne ex Roth) Bremek.","Native",0,0,0,0,0,0,0,1
"Oldenlandia corymbosa","Oldenlandia corymbosa","L.","Native",0,0,0,0,0,0,1,0
"Operculina turpethum","Operculina turpethum","(L.) Silva Manso","Native",1,0,0,0,0,0,0,0
"Oplismenus compositus","Oplismenus compositus","(L.) P.Beauv.","Native",0,0,0,0,0,0,0,1
"Oplismenus undulatifolius","Oplismenus undulatifolius","(Ard.) P.Beauv.","Native",0,0,0,0,1,0,0,0
"Opuntia elatior","Opuntia elatior","Mill.","Introduced",1,0,0,0,0,0,0,0
"Orobanche alba","Orobanche alba","Stephan ex Willd.","Native",0,0,0,0,0,0,1,0
"Oroxylum indicum","Oroxylum indicum","(L.) Kurz","Native",1,0,0,0,1,0,1,1
"Ougeinia oojeinensis","Ougeinia oojeinensis","(Roxb.) Hochr.","Native",0,0,0,1,0,0,0,1
"Oxalis corniculata","Oxalis corniculata","L.","Introduced",1,1,0,0,1,1,0,0
"Oxalis dehradunensis","Oxalis dehradunensis","Raizada","Introduced",1,0,1,0,0,0,0,0
"Pachystoma senile","Pachystoma pubescens","Blume","Native",0,0,0,0,0,0,0,1
"Parthenium hysterophorus","Parthenium hysterophorus","L.","Introduced",0,0,0,0,1,1,0,1
"Paspalidium flavidum","Setaria flavida","(Retz.) Veldkamp","Native",0,1,0,0,0,0,0,0
"Pennisetum setaceum","Cenchrus setaceus","(Forssk.) Morrone",NA,0,0,0,0,0,0,1,0
"Pennisetum typhoideum","Cenchrus americanus","(L.) Morrone","Introduced",0,0,0,0,0,0,0,1
"Pentanema indicum","Vicoa indica","(L.) DC.","Native",0,0,1,0,0,0,1,0
"Pergularia daemia","Pergularia daemia","(Forssk.) Chiov.","Native",1,0,0,0,0,0,0,0
"Peristrophe bicalyculata","Dicliptera paniculata","(Forssk.) I.Darbysh.","Native",1,1,1,0,0,1,0,1
"Persicaria barbata","Persicaria barbata","(L.) H.Hara","Native",1,0,0,0,0,0,0,0
"Phalaris minor","Phalaris minor","Retz.","Native",0,0,0,0,0,0,0,1
"Phanera vahlii","Phanera vahlii","(Wight & Arn.) Benth.","Native",0,0,0,0,0,0,1,1
"Phaseolus aconitifolius","Vigna aconitifolia","(Jacq.) Maréchal","Native",0,0,0,0,0,0,0,1
"Phoenix acaulis","Phoenix acaulis","Roxb.","Native",1,0,1,0,0,0,0,0
"Phoenix sylvestris","Phoenix sylvestris","(L.) Roxb.","Native",0,1,0,0,0,0,0,0
"Phragmites karka","Phragmites karka","(Retz.) Trin. ex Steud.","Native",0,1,0,0,0,0,0,0
"Phyllanthus emblica","Phyllanthus emblica","L.","Native",1,1,1,0,1,0,0,1
"Phyllanthus fraternus","Phyllanthus fraternus","G.L.Webster","Native",0,0,0,0,0,0,0,1
"Phyllanthus reticulatus","Phyllanthus reticulatus","Poir.","Native",1,0,0,0,0,0,0,0
"Phyllanthus urinaria","Phyllanthus urinaria","L.","Native",1,0,0,0,0,0,1,0
"Phyllodium pulchellum","Phyllodium pulchellum","(L.) Desv.","Native",1,0,0,0,0,0,0,0
"Physalis grisea","Physalis grisea","(Waterf.) M.Martínez",NA,0,0,0,0,0,0,1,0
"Physalis minima","Physalis angulata","L.","Introduced",1,0,0,0,0,0,0,1
"Physalis pruinosa","Physalis pruinosa","L.","Introduced",0,0,0,0,0,0,1,0
"Pinus roxburghii","Pinus roxburghii","Sarg.","Native",1,1,1,0,1,0,1,0
"Pistacia chinensis","Pistacia chinensis","Bunge","Native",1,1,0,0,0,0,0,0
"Pistacia khinjuk","Pistacia khinjuk","Stocks","Native",0,0,1,0,0,0,0,1
"Pithecellobium dulce","Pithecellobium dulce","(Roxb.) Benth.","Introduced",1,1,0,0,0,0,0,0
"Plectranthus coetsa","Isodon coetsa","(Buch.-Ham. ex D.Don) Kudô","Native",0,0,0,0,0,0,0,1
"Plectranthus mollis","Equilabium molle","(Aiton) Mwany. & A.J.Paton","Native",0,0,0,0,0,0,1,1
"Plumbago zeylanica","Plumbago zeylanica","L.","Native",1,0,0,0,0,0,0,0
"Poa annua","Poa annua","L.","Native",0,0,0,0,0,0,0,1
"Pogostemon benghalensis","Pogostemon benghalensis","(Burm.f.) Kuntze","Native",0,0,0,0,0,0,1,1
"Polygala arvensis","Polygala arvensis","Willd.","Native",1,0,0,0,0,0,0,0
"Polygala erioptera","Polygala erioptera","DC.","Native",0,0,0,0,0,0,0,1
"Polygala persicariifolia","Polygala persicariifolia","DC.","Native",0,0,0,0,0,0,1,0
"Polygonum plebeium","Polygonum plebeium","R.Br.","Native",1,0,0,0,1,0,1,0
"Polypogon monspeliensis","Polypogon monspeliensis","(L.) Desf.","Native",0,1,0,0,0,0,0,0
"Pongamia pinnata","Pongamia pinnata","(L.) Pierre","Native",1,0,0,0,1,0,0,0
"Porana paniculata","Poranopsis paniculata","(Roxb.) Roberty","Native",0,0,0,0,0,0,0,1
"Porana racemosa","Dinetus racemosus","(Roxb.) Sweet","Native",0,0,1,0,0,0,0,1
"Poranopsis paniculata","Poranopsis paniculata","(Roxb.) Roberty","Native",0,0,0,0,0,0,1,0
"Portulaca oleracea","Portulaca oleracea","L.","Introduced",1,0,0,0,0,0,0,1
"Prosopis chilensis","Prosopis chilensis","(Molina) Stuntz","Introduced",0,0,0,0,0,0,0,1
"Prosopis cineraria","Prosopis cineraria","(L.) Druce","Native",0,0,0,0,0,0,0,1
"Prosopis juliflora","Prosopis juliflora","(Sw.) DC.","Introduced",0,1,0,0,0,0,0,0
"Pseudocaryopteris bicolor","Pseudocaryopteris bicolor","(Roxb. ex Hardw.) P.D.Cantino","Native",0,0,0,0,1,0,1,0
"Psidium guajava","Psidium guajava","L.","Introduced",1,0,0,0,0,0,0,0
"Pueraria tuberosa","Pueraria tuberosa","(Roxb. ex Willd.) DC.","Native",1,0,1,1,0,0,1,1
"Punica granatum","Punica granatum","L.","Introduced",0,1,0,0,0,0,0,1
"Pupalia lappacea","Pupalia lappacea","(L.) Juss.","Native",0,0,0,0,0,0,1,0
"Putranjiva roxburghii","Putranjiva roxburghii","Wall.","Native",1,0,0,0,0,0,0,0
"Pyrostegia venusta","Pyrostegia venusta","(Ker Gawl.) Miers","Introduced",0,0,0,0,0,0,1,0
"Pyrus pashia","Pyrus pashia","Buch.-Ham. ex D.Don","Native",0,0,1,0,1,0,1,1
"Randia dumetorum","Catunaregam spinosa","(Thunb.) Tirveng.","Native",0,0,0,0,0,0,0,1
"Ranunculus arvensis","Ranunculus arvensis","L.","Native",1,0,1,0,0,0,1,1
"Ranunculus sceleratus","Ranunculus sceleratus","L.","Native",0,0,0,0,0,0,1,0
"Rauvolfia serpentina","Rauvolfia serpentina","(L.) Benth. ex Kurz","Native",1,0,0,0,0,0,0,0
"Reinwardtia indica","Reinwardtia indica","Dumort.","Native",0,0,1,0,1,0,1,1
"Remusatia vivipara","Remusatia vivipara","(Roxb.) Schott","Native",1,0,0,0,0,0,0,0
"Rhamnus triquetra","Rhamnus triquetra","(Wall.) Brandis","Native",0,0,0,0,0,0,0,1
"Rhus parviflora","Searsia parviflora","(Roxb.) F.A.Barkley","Native",0,0,1,0,0,0,0,1
"Rhynchosia minima","Rhynchosia minima","(L.) DC.","Native",1,0,0,0,0,0,0,0
"Ricinus communis","Ricinus communis","L.","Introduced",1,1,0,0,0,0,0,0
"Rosa moschata","Rosa moschata","Herrm.","Introduced",0,0,1,0,0,0,0,0
"Roylea cinerea","Roylea cinerea","(D.Don) Baill.","Native",0,0,1,0,0,0,1,0
"Rubus ellipticus","Rubus ellipticus","Sm.","Native",0,0,1,0,1,0,0,1
"Ruellia hirta","Strobilanthes hirta","(Vahl) Blume","Native",0,0,0,0,0,0,1,0
"Ruellia prostrata","Ruellia prostrata","Poir.","Native",0,0,0,0,0,0,1,0
"Rumex dentatus","Rumex dentatus","L.","Native",0,0,0,0,1,0,0,1
"Rumex hastatus","Rumex hastatus","D.Don","Native",0,0,1,0,1,0,0,0
"Rungia muralis","Rungia pectinata","(L.) Nees","Native",0,0,0,0,0,0,1,0
"Russelia equisetiformis","Russelia equisetiformis","Schltdl. & Cham.","Introduced",0,0,0,0,0,0,1,0
"Saccharum bengalense","Tripidium bengalense","(Retz.) H.Scholz","Native",0,0,0,0,0,0,0,1
"Saccharum ravennae","Tripidium ravennae","(L.) H.Scholz","Native",0,0,0,0,1,0,0,0
"Saccharum spontaneum","Saccharum spontaneum","L.","Native",0,1,0,0,0,0,0,0
"Salvia plebeia","Salvia plebeia","R.Br.","Native",1,0,0,0,1,0,1,0
"Santalum album","Santalum album","L.","Introduced",1,1,0,0,0,0,0,0
"Sapindus emarginatus","Sapindus emarginatus","Vahl","Native",1,0,0,0,0,0,0,0
"Sapindus mukorossi","Sapindus mukorossi","Gaertn.","Native",1,0,1,0,0,0,0,0
"Sapium insigne","Falconeria insignis","Royle","Native",0,0,0,0,0,0,0,1
"Sauromatum venosum","Sauromatum venosum","(Dryand. ex Aiton) Kunth","Native",1,0,0,0,0,0,0,0
"Saussurea candicans","Jurinea heteromalla","(D.Don) N.Garcia, Herrando & Susanna","Native",0,0,1,0,0,0,0,1
"Schleichera oleosa","Schleichera oleosa","(Lour.) Oken","Native",0,0,0,0,0,0,1,0
"Schoenoplectus lacustris","Schoenoplectus lacustris","(L.) Palla","Native",0,0,0,0,0,0,1,0
"Scirpus erectus","Schoenoplectiella erecta","(Poir.) Lye","Native",0,0,1,0,0,0,0,1
"Scirpus maritimus","Bolboschoenus maritimus","(L.) Palla","Native",0,0,0,0,0,0,0,1
"Scoparia dulcis","Scoparia dulcis","L.","Introduced",1,0,0,0,0,0,0,0
"Scurrula cordifolia","Scurrula cordifolia","(Wall.) G.Don","Native",0,0,1,0,0,0,1,1
"Scutellaria repens","Scutellaria repens","Buch.-Ham. ex D.Don","Native",0,0,1,0,0,0,1,1
"Scutellaria violacea","Scutellaria violacea","B.Heyne ex Benth.","Native",0,0,0,0,0,0,1,0
"Searsia parviflora","Searsia parviflora","(Roxb.) F.A.Barkley","Native",0,0,1,0,0,0,1,0
"Securinega virosa","Flueggea virosa","(Roxb. ex Willd.) Royle","Native",0,0,0,0,0,0,0,1
"Senecio nudicaulis","Jacobaea nudicaulis","(Buch.-Ham. ex D.Don) B.Nord.","Native",0,0,1,0,0,0,0,1
"Senegalia catechu","Senegalia catechu","(L.f.) P.J.H.Hurter & Mabb.","Native",0,0,0,0,1,0,0,0
"Senegalia modesta","Senegalia modesta","(Wall.) P.J.H.Hurter","Native",0,0,0,0,0,0,1,0
"Senna auriculata","Senna auriculata","(L.) Roxb.","Native",0,1,0,0,0,0,0,0
"Senna didymobotrya","Senna didymobotrya","(Fresen.) H.S.Irwin & Barneby","Introduced",0,0,0,0,0,0,1,0
"Senna occidentalis","Senna occidentalis","(L.) Link","Introduced",1,0,0,0,0,0,0,0
"Senna polyphylla","Senna polyphylla","(Jacq.) H.S.Irwin & Barneby",NA,0,0,0,0,0,0,1,0
"Senna septemtrionalis","Senna septemtrionalis","(Viv.) H.S.Irwin & Barneby","Introduced",0,0,0,0,0,0,1,0
"Senna sulfurea","Senna sulfurea","(DC. ex Collad.) H.S.Irwin & Barneby","Native",0,0,0,0,0,0,1,0
"Senna tora","Senna tora","(L.) Roxb.","Introduced",1,0,0,0,0,0,1,0
"Serratula pallida","Klasea pallida","(DC.) Holub","Native",0,0,1,0,0,0,0,1
"Sesamum indicum","Sesamum indicum","L.","Native",0,0,0,0,0,0,0,1
"Setaria intermedia","Setaria intermedia","Roem. & Schult.","Native",0,0,1,0,0,0,0,1
"Setaria palmifolia","Setaria palmifolia","(J.Koenig) Stapf","Native",0,1,0,0,0,0,0,0
"Setaria verticillata","Setaria verticillata","(L.) P.Beauv.","Native",0,1,0,0,0,0,0,0
"Shorea robusta","Shorea robusta","C.F.Gaertn.","Native",0,0,1,1,0,0,0,1
"Shuteria involucrata","Shuteria involucrata","(Wall.) Wight & Arn. ex Walp.","Native",0,0,0,0,0,0,1,0
"Shuteria vestita","Shuteria vestita","Wight & Arn.","Native",0,0,0,0,0,0,0,1
"Sida acuta","Sida acuta","Burm.f.","Native",1,1,0,0,0,1,0,1
"Sida cordata","Sida cordata","(Burm.f.) Borss.Waalk.","Native",1,1,0,0,0,0,1,0
"Sida cordifolia","Sida cordifolia","L.","Native",1,1,0,0,1,0,0,0
"Sida rhombifolia","Sida rhombifolia","L.","Native",1,1,0,0,0,0,0,0
"Sigesbeckia orientalis","Sigesbeckia orientalis","L.","Native",1,0,1,0,0,0,1,1
"Silene conoidea","Silene conoidea","L.","Native",0,0,1,0,0,0,1,1
"Sisymbrium irio","Sisymbrium irio","L.","Native",0,0,1,0,0,0,0,1
"Smilax zeylanica","Smilax zeylanica","L.","Native",1,0,0,0,0,0,0,0
"Smithia ciliata","Smithia ciliata","Royle","Native",0,0,0,0,0,0,1,0
"Solanum americanum","Solanum americanum","Mill.","Introduced",1,1,0,0,0,0,0,0
"Solanum capsicoides","Solanum capsicoides","All.",NA,0,0,0,0,0,0,1,0
"Solanum erianthum","Solanum erianthum","D.Don","Introduced",1,0,0,0,1,0,1,1
"Solanum incanum","Solanum incanum","L.","Native",1,0,1,0,1,0,0,1
"Solanum melongena","Solanum insanum","L.","Native",0,0,0,0,0,0,1,0
"Solanum nigrum","Solanum nigrum","L.","Native",0,0,0,0,1,0,0,1
"Solanum surattense","Solanum virginianum","L.","Native",1,0,0,0,0,0,0,0
"Solanum viarum","Solanum viarum","Dunal","Introduced",0,0,0,0,0,0,1,0
"Solanum violaceum","Solanum violaceum","Ortega","Native",0,0,0,0,0,0,0,1
"Solanum virginianum","Solanum virginianum","L.","Native",1,0,0,0,1,0,0,0
"Solena amplexicaulis","Solena amplexicaulis","(Lam.) Gandhi","Native",1,0,0,0,0,0,0,0
"Solena heterophylla","Solena heterophylla","Lour.","Native",0,0,0,0,0,0,0,1
"Sonchus asper","Sonchus asper","(L.) Hill","Native",0,0,1,0,0,0,0,1
"Sonchus brachyotus","Sonchus brachyotus","DC.","Native",0,0,0,0,0,0,0,1
"Sonchus oleraceus","Sonchus oleraceus","L.","Introduced",0,0,1,0,1,1,0,0
"Sorghum halepense","Sorghum halepense","(L.) Pers.","Native",0,1,0,0,0,0,0,0
"Spergula arvensis","Spergula arvensis","L.","Native",0,1,0,0,0,0,0,1
"Spermacoce articularis","Spermacoce articularis","L.f.","Native",0,0,0,0,0,0,1,0
"Spermacoce pusilla","Spermacoce pusilla","Wall.","Native",0,0,0,0,0,0,1,0
"Spermacoce verticillata","Spermacoce verticillata","L.","Native",0,0,0,0,0,0,1,0
"Spermadictyon suaveolens","Spermadictyon suaveolens","Roxb.","Native",0,0,0,0,0,0,1,0
"Sphaeranthus indicus","Sphaeranthus indicus","L.","Native",0,0,0,0,0,0,0,1
"Spilanthes acmella","Blainvillea acmella","(L.) Philipson","Native",0,0,0,0,0,0,0,1
"Spiraea cantoniensis","Spiraea cantoniensis","Lour.",NA,0,0,0,0,0,0,1,0
"Spondias pinnata","Spondias pinnata","(L.f.) Kurz","Native",1,0,1,0,0,0,0,0
"Sporobolus diandrus","Sporobolus diandrus","(Retz.) P.Beauv.","Native",0,0,0,0,0,0,0,1
"Stellaria media","Stellaria media","(L.) Vill.","Native",0,1,0,0,1,0,0,0
"Stephania glabra","Stephania rotunda","Lour.","Native",0,0,0,0,1,0,1,1
"Stephania japonica","Stephania japonica","(Thunb.) Miers","Native",0,0,0,0,0,0,1,0
"Sterculia pallens","Firmiana fulgens","(Wall. ex Mast.) K.Schum.","Native",0,0,0,1,0,0,0,0
"Sterculia villosa","Sterculia villosa","Roxb. ex Sm.","Native",1,1,0,0,0,0,0,0
"Stereospermum chelonoides","Stereospermum chelonoides","(L.f.) DC.","Native",1,0,0,0,0,0,0,0
"Streblus asper","Streblus asper","Lour.","Native",0,1,0,0,0,0,0,0
"Strobilanthes parvifolia","Strobilanthes parvifolia","J.R.I.Wood",NA,0,0,0,0,0,0,1,0
"Strobilanthes tomentosa","Strobilanthes tomentosa","(Nees) J.R.I.Wood","Native",0,0,0,0,1,0,1,0
"Swertia angustifolia","Swertia angustifolia","Buch.-Ham. ex D.Don","Native",0,0,0,0,0,0,1,0
"Swertia angustifolia","Swertia angustifolia","Buch.-Ham. ex D.Don","Native",0,0,0,0,0,0,1,0
"Swertia cordata","Swertia cordata","(G.Don) Wall. ex C.B.Clarke","Native",0,0,0,0,0,0,1,0
"Syzygium cumini","Syzygium cumini","(L.) Skeels","Native",1,1,1,0,1,0,0,0
"Tabernaemontana divaricata","Tabernaemontana divaricata","(L.) R.Br. ex Roem. & Schult.","Native",0,1,0,0,0,0,0,0
"Tagetes minuta","Tagetes minuta","L.","Introduced",0,0,0,0,0,0,1,1
"Tamarindus indica","Tamarindus indica","L.","Introduced",1,1,0,0,0,0,0,1
"Taraxacum campylodes","Taraxacum campylodes","G.E.Haglund","Introduced",1,0,1,0,0,0,0,0
"Taverniera cuneifolia","Taverniera cuneifolia","(Roth) Arn.","Native",0,0,0,0,0,0,1,0
"Tectona grandis","Tectona grandis","L.f.","Native",0,1,0,0,1,0,0,0
"Tephrosia purpurea","Tephrosia purpurea","(L.) Pers.","Native",1,0,0,0,0,0,0,1
"Tephrosia strigosa","Tephrosia strigosa","(Dalzell) Santapau & Maheshw.","Native",0,0,0,0,0,0,0,1
"Terminalia alata","Terminalia elliptica","Willd.","Native",0,1,0,0,0,0,0,0
"Terminalia arjuna","Terminalia arjuna","(Roxb. ex DC.) Wight & Arn.","Native",1,1,0,0,1,0,0,1
"Terminalia bellirica","Terminalia bellirica","(Gaertn.) Roxb.","Native",1,1,1,1,1,0,0,1
"Terminalia catappa","Terminalia catappa","L.","Native",1,0,0,0,0,0,0,0
"Terminalia chebula","Terminalia chebula","Retz.","Native",1,1,1,0,0,0,0,1
"Terminalia tomentosa","Terminalia elliptica","Willd.","Native",0,0,0,1,0,0,0,1
"Teucrium quadrifarium","Teucrium quadrifarium","Buch.-Ham. ex D.Don","Native",0,0,1,0,0,0,1,1
"Thalictrum foliolosum","Thalictrum foliolosum","DC.","Native",0,0,1,0,1,0,0,1
"Thalictrum javanicum","Thalictrum javanicum","Blume","Native",1,0,0,0,0,0,0,0
"Thespesia lampas","Azanza lampas","(Cav.) Alef.","Native",1,1,0,0,0,0,0,0
"Tinospora cordifolia","Tinospora cordifolia","(Willd.) Hook.f. & Thomson","Native",1,0,0,0,0,0,0,1
"Toona ciliata","Toona ciliata","M.Roem.","Native",1,1,0,0,0,0,0,0
"Toona sinensis","Toona sinensis","(A.Juss.) M.Roem.",NA,0,0,0,0,1,0,0,0
"Torenia cordifolia","Torenia cordifolia","Roxb.","Native",0,0,0,0,0,0,1,0
"Toxicodendron parviflorum","Searsia parviflora","(Roxb.) F.A.Barkley","Native",0,0,0,0,1,0,0,0
"Trema orientale","Trema orientale","(L.) Blume","Native",1,1,1,0,0,0,0,0
"Trema politoria","Trema politoria","(Planch.) Blume","Native",0,1,1,0,0,0,0,0
"Tribulus terrestris","Tribulus terrestris","L.","Native",1,0,0,0,0,0,0,0
"Trichodesma indicum","Trichodesma indicum","(L.) Sm.","Native",1,0,0,0,0,0,0,1
"Tricholepis elongata","Tricholepis elongata","DC.","Native",0,0,0,0,0,0,1,0
"Trichosanthes cucumerina","Trichosanthes cucumerina","L.","Native",1,0,0,0,0,0,0,1
"Tridax procumbens","Tridax procumbens","L.","Introduced",1,0,0,0,0,1,0,1
"Trifolium corniculatum","Trigonella balansae","Boiss. & Reut.","Introduced",0,0,0,0,0,0,0,1
"Trifolium dubium","Trifolium dubium","Sibth.","Introduced",0,1,0,0,0,0,0,0
"Triumfetta rhomboidea","Triumfetta rhomboidea","Jacq.","Native",1,0,0,0,0,0,0,0
"Tylophora indica","Vincetoxicum indicum","(Burm.f.) Mabb.","Native",0,0,0,0,0,0,0,1
"Typha elephantina","Typha elephantina","Roxb.","Native",0,1,0,0,0,0,0,0
"Uraria picta","Uraria picta","(Jacq.) Desv. ex DC.","Native",1,0,0,0,0,0,0,0
"Urena lobata","Urena lobata","L.","Native",1,1,0,0,1,1,0,1
"Urtica dioica","Urtica dioica","L.","Native",0,0,0,0,0,0,0,1
"Vallaris solanacea","Vallaris solanacea","(Roth ex Roem. & Schult.) Kuntze","Native",0,0,0,0,0,0,1,1
"Ventilago denticulata","Ventilago denticulata","Willd.","Native",1,1,0,0,0,0,0,0
"Verbascum chinense","Verbascum coromandelianum","(Vahl) Hub.-Mor.","Native",0,0,0,0,0,0,0,1
"Verbascum thapsus","Verbascum thapsus","L.","Native",0,0,0,0,0,0,1,1
"Vicia hirsuta","Vicia hirsuta","(L.) Gray","Native",0,0,0,0,0,0,0,1
"Vicia sativa","Vicia sativa","L.","Native",0,0,0,0,0,0,0,1
"Vicoa indica","Vicoa indica","(L.) DC.","Native",0,0,1,0,0,0,0,1
"Vicoa vestita","Pentanema divaricatum","Cass.","Native",0,0,1,0,0,0,0,1
"Vigna unguiculata","Vigna unguiculata","(L.) Walp.","Introduced",0,0,1,0,0,0,0,0
"Viola canescens","Viola canescens","Wall.","Native",1,0,1,0,1,0,0,0
"Viola odorata","Viola odorata","L.","Introduced",1,0,1,0,0,0,0,0
"Viola pilosa","Viola pilosa","Blume","Native",1,0,0,0,0,0,0,0
"Viola serpens","Viola pilosa","Blume","Native",0,0,0,0,0,0,0,1
"Vitex negundo","Vitex negundo","L.","Native",1,0,0,0,1,0,0,0
"Vitis latifolia","Ampelocissus latifolia","(Roxb.) Planch.","Native",0,0,0,0,0,0,0,1
"Vitis parvifolia","Vitis flexuosa","Thunb.","Native",0,0,1,0,0,0,0,1
"Wendlandia exserta","Wendlandia heynei","(Schult.) Santapau & Merchant","Native",0,0,0,1,0,0,0,1
"Wendlandia heynei","Wendlandia heynei","(Schult.) Santapau & Merchant","Native",1,0,1,0,1,0,1,0
"Withania somnifera","Withania somnifera","(L.) Dunal","Native",1,0,0,0,0,0,0,0
"Woodfordia fruticosa","Woodfordia fruticosa","(L.) Kurz","Native",1,1,1,1,1,0,0,1
"Wrightia arborea","Wrightia arborea","(Dennst.) Mabb.","Native",1,0,0,0,0,0,0,0
"Wrightia tinctoria","Wrightia tinctoria","(Roxb.) R.Br.","Native",0,1,0,0,0,0,0,1
"Xanthium strumarium","Xanthium strumarium","L.","Native",0,0,0,0,0,1,0,1
"Zanthoxylum armatum","Zanthoxylum armatum","DC.","Native",1,0,1,0,1,0,0,0
"Zea mays","Zea mays","L.","Introduced",1,0,0,0,0,0,0,0
"Zeuxine strateumatica","Zeuxine strateumatica","(L.) Schltr.","Native",0,0,0,0,0,0,1,1
"Zingiber officinale","Zingiber officinale","Roscoe","Native",1,1,0,0,0,0,0,0
"Ziziphus jujuba","Ziziphus jujuba","Mill.","Introduced",1,1,0,0,0,0,0,0
"Ziziphus mauritiana","Ziziphus mauritiana","Lam.","Native",0,0,0,1,0,0,0,0
"Ziziphus nummularia","Ziziphus nummularia","(Burm.f.) Wight & Arn.","Native",0,1,0,0,1,0,0,0
"Ziziphus oenopolia","Ziziphus oenopolia","(L.) Mill.","Native",1,0,0,0,0,0,0,1
"Ziziphus rugosa","Ziziphus rugosa","Lam.","Native",0,0,0,0,1,0,0,0
"Ziziphus xylopyrus","Ziziphus xylopyrus","(Retz.) Willd.","Native",0,0,0,1,0,0,0,0
"Zornia gibbosa","Zornia gibbosa","Span.","Native",1,0,0,0,0,0,1,1
