"powo_taxa","powo_author","powo_dist","Morni","Chail","Churdhar"
"Abelmoschus crinitus","Wall.","Native",1,0,0
"Abies pindrow","(Royle ex D.Don) Royle","Native",0,0,1
"Abies spectabilis","(D.Don) Mirb.","Native",0,0,1
"Abrus precatorius","L.","Native",1,0,1
"Abutilon hirtum","(Lam.) Sweet","Native",1,0,0
"Abutilon indicum","(L.) Sweet","Native",1,0,0
"Acanthophyllum cerastioides","(D.Don) Madhani & Zarre","Native",0,1,1
"Acanthospermum hispidum","DC.","Introduced",1,0,0
"Acer acuminatum","Wall. ex D.Don","Native",0,0,1
"Acer caesium","Wall. ex Brandis","Native",0,1,1
"Acer cappadocicum","Gled.","Native",0,0,1
"Acer pentapomicum","J.L.Stewart","Native",0,0,1
"Acer pictum","Thunb.",NA,0,0,1
"Achillea alpina","L.",NA,0,1,0
"Achillea millefolium","L.","Native",0,0,1
"Achyranthes aspera","L.","Native",1,1,0
"Achyranthes bidentata","Blume","Native",1,1,0
"Acilepis dendigulensis","(DC.) H.Rob.","Native",1,0,0
"Acmella uliginosa","(Sw.) Cass.","Introduced",1,0,0
"Aconitum heterophyllum","Wall. ex Royle","Native",0,0,1
"Aconitum laeve","Royle","Native",0,0,1
"Acorus calamus","L.","Native",1,0,1
"Acronema hookeri","(C.B.Clarke) H.Wolff","Native",0,0,1
"Actaea spicata","L.","Native",0,0,1
"Adenocaulon himalaicum","Edgew.","Native",0,1,0
"Adenostemma lavenia","(L.) Kuntze","Native",1,0,0
"Adiantum capillus-veneris","L.","Native",0,1,0
"Adiantum caudatum","L.","Native",1,0,0
"Adiantum edgeworthii","Hook.","Native",0,1,0
"Adiantum venustum","D.Don","Native",0,0,1
"Adina cordifolia","(Roxb.) Brandis","Native",1,0,0
"Aegle marmelos","(L.) Corrêa","Native",1,1,1
"Aeschynomene indica","L.","Native",1,0,0
"Aesculus indica","(Wall. ex Cambess.) Hook.","Native",0,1,1
"Agave americana","L.","Native",1,0,0
"Agave angustifolia","Haw.","Introduced",0,1,0
"Agave vivipara","L.","Introduced",1,0,0
"Ageratina adenophora","(Spreng.) R.M.King & H.Rob.","Introduced",1,1,1
"Ageratina ligustrina","(DC.) R.M.King & H.Rob.","Native",0,0,1
"Ageratum conyzoides","L.","Introduced",1,1,1
"Ageratum houstonianum","Mill.","Introduced",1,0,0
"Agrimonia pilosa","Ledeb.","Native",0,1,1
"Agrostis gigantea","Roth","Native",0,1,0
"Agrostis munroana","Aitch. & Hemsl.","Native",0,0,1
"Agrostis stolonifera","L.","Native",0,0,1
"Ailanthus altissima","(Mill.) Swingle","Introduced",0,0,1
"Ailanthus excelsa","Roxb.","Native",1,0,0
"Ainsliaea aptera","DC.","Native",0,1,1
"Ainsliaea latifolia","(D.Don) Sch.Bip.","Native",0,0,1
"Ajania fruticulosa","(Ledeb.) Poljakov","Native",0,1,0
"Ajuga integrifolia","Buch.-Ham. ex D.Don","Native",1,1,1
"Ajuga macrosperma","Wall. ex Benth.","Native",1,0,0
"Ajuga parviflora","Benth.","Native",1,0,1
"Alangium chinense","(Lour.) Harms","Native",0,0,1
"Albizia chinensis","(Osbeck) Merr.","Native",1,1,1
"Albizia lebbeck","(L.) Benth.","Native",1,1,0
"Albizia odoratissima","(L.f.) Benth.","Native",1,0,0
"Albizia procera","(Roxb.) Benth.","Native",1,0,0
"Aletris pauciflora","(Klotzsch) Hand.-Mazz.","Native",0,0,1
"Alisma plantago-aquatica","L.","Native",0,0,1
"Allium cepa","L.","Introduced",1,0,0
"Allium humile","Kunth","Native",0,0,1
"Allium victorialis","L.","Native",0,0,1
"Allium wallichii","Kunth","Native",0,0,1
"Alnus nepalensis","D.Don","Native",0,0,1
"Aloe vera","(L.) Burm.f.","Introduced",1,0,0
"Alstonia scholaris","(L.) R.Br.","Native",1,0,0
"Alternanthera paronychioides","A.St.-Hil.","Introduced",1,0,0
"Alternanthera pungens","Kunth","Introduced",1,0,0
"Alternanthera sessilis","(L.) R.Br. ex DC.","Native",1,0,0
"Alysicarpus bupleurifolius","(L.) DC.","Native",1,0,0
"Alysicarpus monilifer","(L.) DC.","Native",1,0,0
"Alysicarpus scariosus","(Rottler ex Spreng.) Graham","Native",1,0,0
"Alysicarpus vaginalis","(L.) DC.","Native",1,0,0
"Amaranthus caudatus","L.","Introduced",0,1,0
"Amaranthus viridis","L.","Introduced",1,0,1
"Ampelocissus latifolia","(Roxb.) Planch.","Native",1,1,0
"Anaphalis busua","(Buch.-Ham.) DC.","Native",1,1,1
"Anaphalis contorta","(D.Don) Hook.f.","Native",1,0,1
"Anaphalis margaritacea","(L.) Benth. & Hook.f.","Native",0,0,1
"Anaphalis nepalensis","(Spreng.) Hand.-Mazz.","Native",0,0,1
"Anaphalis triplinervis","(Sims) C.B.Clarke","Native",0,1,1
"Andrographis echioides","(L.) Nees","Native",1,0,0
"Andrographis paniculata","(Burm.f.) Nees","Native",1,0,0
"Androsace lanuginosa","Wall.","Native",0,0,1
"Androsace sarmentosa","Wall.","Native",0,1,1
"Androsace sempervivoides","Jacquem. ex Duby","Native",0,0,1
"Androsace umbellata","(Lour.) Merr.","Native",1,0,0
"Anemonastrum obtusilobum","(D.Don) Mosyakin","Native",0,0,1
"Anemonastrum tetrasepalum","(Royle) Holub","Native",0,0,1
"Anethum graveolens","L.","Introduced",1,0,0
"Angelica glauca","Edgew.","Native",0,0,1
"Anisomeles indica","(L.) Kuntze","Native",1,0,0
"Annona squamosa","L.","Introduced",1,0,0
"Antigonon leptopus","Hook. & Arn.","Introduced",1,0,0
"Apium graveolens","L.","Native",1,0,1
"Apluda mutica","L.","Native",1,1,0
"Aquilegia pubiflora","Wall. ex Royle","Native",0,0,1
"Arabis pterosperma","Edgew.","Native",0,0,1
"Ardisia solanacea","Roxb.","Native",1,0,0
"Arenaria serpyllifolia","L.","Native",1,0,0
"Argemone mexicana","L.","Introduced",1,1,1
"Argentina lineata","(Trevir.) Soják","Native",0,0,1
"Argentina polyphylla","(Wall. ex Lehm.) Soják","Native",0,0,1
"Argostemma sarmentosum","Wall.","Native",0,0,1
"Argostemma verticillatum","Wall.","Native",0,0,1
"Argyreia sericea","Dalzell & A.Gibson","Native",1,0,0
"Arisaema costatum","(Wall.) Mart.","Native",0,0,1
"Arisaema decipiens","Schott",NA,1,0,0
"Arisaema flavum","(Forssk.) Schott","Native",0,0,1
"Arisaema intermedium","Blume","Native",0,1,1
"Arisaema jacquemontii","Blume","Native",0,1,1
"Arisaema tortuosum","(Wall.) Schott","Native",1,1,0
"Arisaema utile","Hook.f. ex Schott","Native",0,0,1
"Artemisia indica","Willd.","Native",0,0,1
"Artemisia japonica","Thunb.","Native",1,0,0
"Artemisia roxburghiana","Besser","Native",0,1,1
"Artemisia vestita","Wall. ex Besser","Native",0,1,0
"Artemisia vulgaris","L.","Native",1,1,1
"Artocarpus heterophyllus","Lam.","Native",1,0,0
"Artocarpus lacucha","Buch.-Ham.","Native",1,0,0
"Arundinella bengalensis","(Spreng.) Druce","Native",0,1,0
"Arundinella intricata","Hughes","Native",0,1,0
"Arundinella nepalensis","Trin.","Native",1,0,1
"Arundo donax","L.","Native",1,0,0
"Asclepias curassavica","L.","Introduced",1,1,1
"Asparagus racemosus","Willd.","Native",1,1,0
"Asphodelus tenuifolius","Cav.","Native",1,0,0
"Aspidopterys wallichii","Hook.f.","Native",1,0,0
"Asplenium adiantum-nigrum","L.","Native",0,1,0
"Asplenium anogrammoides","Christ",NA,0,1,0
"Asplenium ensiforme","Wall. ex Hook. & Grev.","Native",0,1,0
"Asplenium trichomanes","L.","Native",0,1,0
"Aster molliusculus","(Lindl. ex DC.) C.B.Clarke","Native",0,0,1
"Astilbe rivularis","Buch.-Ham. ex D.Don","Native",0,0,1
"Avena fatua","L.","Native",0,1,0
"Averrhoa carambola","L.",NA,1,0,0
"Azadirachta indica","A.Juss.","Introduced",1,0,0
"Azanza lampas","(Cav.) Alef.","Native",1,0,0
"Baccharoides anthelmintica","(L.) Moench","Native",1,0,0
"Bacopa monnieri","(L.) Wettst.","Native",1,0,0
"Baliospermum solanifolium","(Burm.) Suresh","Native",1,0,0
"Bambusa bambos","(L.) Voss","Native",1,0,0
"Barleria cristata","L.","Native",1,1,0
"Barleria prionitis","L.","Native",1,0,0
"Barleria strigosa","Willd.","Native",1,0,0
"Basella alba","L.","Native",1,0,0
"Bauhinia purpurea","L.","Native",1,0,0
"Bauhinia tomentosa","L.","Introduced",1,0,0
"Bauhinia variegata","L.","Native",1,0,0
"Bauhinia variegata","L.","Doubtful",0,1,1
"Begonia picta","Sm.","Native",1,1,1
"Berberis angulosa","Wall. ex Hook.f. & Thomson",NA,0,0,1
"Berberis aristata","DC.","Native",1,1,1
"Berberis asiatica","Roxb. ex DC.","Native",1,0,0
"Berberis chitria","Buch.-Ham. ex Lindl.","Native",0,1,0
"Berberis coriaria","Royle ex Lindl.","Native",0,0,1
"Berberis jaeschkeana","C.K.Schneid.","Native",0,0,1
"Berberis lycium","Royle","Native",1,1,1
"Bergenia ciliata","(Haw.) Sternb.","Native",0,1,1
"Bergenia stracheyi","(Hook.f. & Thomson) Engl.","Native",0,0,1
"Bergera koenigii","L.","Native",1,1,0
"Betula alnoides","Buch.-Ham. ex D.Don","Native",0,1,1
"Betula utilis","D.Don","Native",0,0,1
"Biancaea decapetala","(Roth) O.Deg.","Native",0,1,0
"Bidens bipinnata","L.","Introduced",0,1,0
"Bidens biternata","(Lour.) Merr. & Sherff","Native",1,0,0
"Bidens pilosa","L.","Introduced",1,1,0
"Bidens tripartita","L.","Native",0,0,1
"Bistorta affinis","(D.Don) Greene","Native",0,0,1
"Bistorta amplexicaulis","(D.Don) Greene","Native",0,1,1
"Bistorta emodi","(Meisn.) H.Hara","Native",0,0,1
"Bistorta vivipara","(L.) Delarbre","Native",0,0,1
"Blainvillea acmella","(L.) Philipson","Native",1,0,0
"Blepharis maderaspatensis","(L.) B.Heyne ex Roth","Native",1,0,0
"Blumea axillaris","(Lam.) DC.","Native",1,0,0
"Blumea flava","DC.","Native",1,0,0
"Blumea lacera","(Burm.f.) DC.","Native",1,0,0
"Blumea sinuata","(Lour.) Merr.","Native",1,0,0
"Boehmeria penduliflora","Wedd. ex D.G.Long","Native",1,0,0
"Boehmeria virgata","(G.Forst.) Guill.","Native",0,1,1
"Boenninghausenia albiflora","(Hook.) Rchb. ex Meisn.","Native",0,1,1
"Boerhavia diffusa","L.","Native",1,0,0
"Bolboschoenus maritimus","(L.) Palla","Native",1,0,0
"Bombax ceiba","L.","Native",1,0,0
"Bombax ceiba","L.",NA,0,1,0
"Bonnaya ciliata","(Colsm.) Spreng.","Native",1,0,0
"Boswellia serrata","Roxb.","Native",1,0,0
"Bothriochloa pertusa","(L.) A.Camus","Native",1,1,0
"Botrychium ternatum","(Thunb.) Sw.","Native",0,1,0
"Brachycorythis obcordata","(Lindl. ex Wall.) Summerh.","Native",1,1,0
"Brachypodium sylvaticum","(Huds.) P.Beauv.","Native",0,0,1
"Brassica rapa","L.","Introduced",1,0,0
"Bridelia retusa","(L.) A.Juss.","Native",1,0,0
"Bromus japonicus","Houtt.","Native",0,0,1
"Bromus ramosus","Huds.","Native",0,0,1
"Broussonetia papyrifera","(L.) L'Hér. ex Vent.","Native",1,0,0
"Buchanania cochinchinensis","(Lour.) M.R.Almeida","Native",1,0,0
"Buchnera hispida","Buch.-Ham. ex D.Don","Native",1,0,0
"Buddleja asiatica","Lour.","Native",0,1,1
"Buddleja crispa","Benth.","Native",0,1,0
"Bupleurum aitchisonii","(Boiss.) H.Wolff","Native",0,0,1
"Bupleurum candollei","Wall. ex DC.","Native",0,0,1
"Bupleurum gracillimum","Klotzsch","Native",0,1,0
"Bupleurum hamiltonii","N.P.Balakr.","Native",1,0,1
"Bupleurum lanceolatum","Wall. ex DC.","Native",0,0,1
"Bupleurum longicaule","Wall. ex DC.","Native",0,0,1
"Bupleurum maddenii","C.B.Clarke","Native",0,0,1
"Bupleurum marginatum","Wall. ex DC.","Native",1,0,1
"Butea monosperma","(Lam.) Kuntze","Native",1,1,0
"Buxus wallichiana","Baill.","Native",0,0,1
"Caesalpinia pulcherrima","(L.) Sw.","Introduced",1,0,0
"Cajanus scarabaeoides","(L.) Thouars","Native",1,0,0
"Calamagrostis emodensis","Griseb.","Native",0,0,1
"Calamagrostis pseudophragmites","(Haller f.) Koeler","Native",0,0,1
"Calanthe tricarinata","Lindl.","Native",0,0,1
"Callicarpa macrophylla","Vahl","Native",1,0,0
"Calotropis gigantea","(L.) W.T.Aiton","Native",1,0,0
"Calotropis gigantea","(L.) W.T.Aiton",NA,0,1,0
"Calotropis procera","(Aiton) W.T.Aiton","Native",1,0,0
"Calotropis procera","(Aiton) W.T.Aiton",NA,0,0,1
"Caltha alba","Cambess.","Native",0,0,1
"Caltha palustris","L.","Native",0,0,1
"Calyptocarpus vialis","Less.","Introduced",1,0,0
"Campanula argyrotricha","Wall. ex A.DC.","Native",0,0,1
"Campanula dimorphantha","Schweinf.","Native",1,1,0
"Campanula latifolia","L.","Native",0,0,1
"Campanula pallida","Wall.","Native",0,0,1
"Campylotropis macrostyla","(D.Don) Lindl. ex Miq.","Native",0,1,0
"Canavalia gladiata","(Jacq.) DC.","Native",1,0,0
"Cannabis sativa","L.","Introduced",1,1,1
"Canscora perfoliata","Lam.","Native",1,0,0
"Capillipedium assimile","(Steud.) A.Camus","Native",0,1,0
"Capillipedium parviflorum","(R.Br.) Stapf","Native",1,1,0
"Capparis decidua","(Forssk.) Edgew.","Native",1,0,0
"Capparis sepiaria","L.","Native",1,0,0
"Capparis spinosa","L.","Native",0,1,0
"Capparis zeylanica","L.","Native",1,0,0
"Capsella bursa-pastoris","(L.) Medik.","Native",1,1,0
"Caragana brevispina","Benth.","Native",0,0,1
"Cardamine hirsuta","L.","Native",1,0,0
"Cardamine impatiens","L.","Native",1,0,0
"Cardamine macrophylla","Willd.","Native",0,0,1
"Cardamine scutata","Thunb.","Introduced",1,0,0
"Cardiocrinum giganteum","(Wall.) Makino","Native",0,0,1
"Cardiospermum halicacabum","L.","Native",1,0,0
"Carduus edelbergii","Rech.f.","Native",0,1,0
"Carex capillifolia","(Decne.) S.R.Zhang","Native",0,0,1
"Carex clavispica","S.R.Zhang","Native",0,0,1
"Carex filicina","Nees","Native",0,0,1
"Carex haematostoma","Nees","Native",0,0,1
"Carex hebecarpa","C.A.Mey.","Native",0,0,1
"Carex nivalis","Boott","Native",0,0,1
"Carex norvegica","Retz.","Native",0,0,1
"Carex nubigena","D.Don","Native",0,1,0
"Carex obscura","Nees","Native",0,0,1
"Carex parvula","O.Yano","Native",0,0,1
"Carex pseudolaxa","(C.B.Clarke) O.Yano & S.R.Zhang","Native",0,0,1
"Carex remota","L.","Native",0,0,1
"Carex unciniiformis","Boeckeler","Native",0,0,1
"Carex wallichiana","Spreng.","Native",0,0,1
"Carica papaya","L.","Introduced",1,0,0
"Carissa macrocarpa","(Eckl.) A.DC.",NA,1,0,0
"Carissa spinarum","L.","Native",1,1,0
"Carpesium abrotanoides","L.","Native",0,1,0
"Carpesium cernuum","L.","Native",0,1,1
"Carpinus viminea","Lindl. ex Wall.","Native",0,1,0
"Cascabela thevetia","(L.) Lippold","Introduced",1,0,0
"Casearia graveolens","Dalzell","Native",1,0,0
"Casearia tomentosa","Roxb.","Native",1,0,0
"Cassia fistula","L.","Native",1,1,0
"Cassine albens","(Retz.) Kosterm.","Native",1,0,0
"Cassiope fastigiata","(Wall.) D.Don","Native",0,0,1
"Castanopsis tribuloides","(Sm.) A.DC.","Native",0,1,0
"Catharanthus roseus","(L.) G.Don","Introduced",1,0,0
"Catharanthus roseus","(L.) G.Don",NA,0,1,0
"Catunaregam spinosa","(Thunb.) Tirveng.","Native",1,0,0
"Causonis trifolia","(L.) Mabb. & J.Wen","Native",1,0,0
"Cautleya spicata","(Sm.) Baker","Native",0,0,1
"Cayaponia laciniosa","(L.) C.Jeffrey",NA,1,0,0
"Cedrus deodara","(Roxb. ex D.Don) G.Don",NA,1,0,0
"Cedrus deodara","(Roxb. ex D.Don) G.Don","Native",0,1,1
"Celastrus paniculatus","Willd.","Native",1,0,0
"Celosia argentea","L.","Introduced",1,0,0
"Celtis australis","L.",NA,1,1,0
"Celtis tetrandra","Roxb.","Native",1,1,0
"Cenchrus americanus","(L.) Morrone","Introduced",1,1,0
"Cenchrus ciliaris","L.","Introduced",0,1,0
"Cenchrus setaceus","(Forssk.) Morrone",NA,1,0,0
"Cenchrus setigerus","Vahl","Native",1,0,0
"Centaurium pulchellum","(Sw.) Hayek ex Hand.-Mazz., Stadlm., Janch. & Faltis","Native",1,0,0
"Centella asiatica","(L.) Urb.","Native",1,0,0
"Cephalanthera longifolia","(L.) Fritsch","Native",0,0,1
"Ceriscoides turgida","(Roxb.) Tirveng.","Native",1,0,0
"Cestrum nocturnum","L.","Introduced",1,0,0
"Chaerophyllum reflexum","Lindl.","Native",0,0,1
"Chaerophyllum villosum","Wall. ex DC.","Native",0,0,1
"Chamaecrista absus","(L.) H.S.Irwin & Barneby","Native",1,0,0
"Chamaecrista mimosoides","(L.) Greene","Native",0,1,0
"Chamaecrista nomame","(Makino) H.Ohashi","Native",0,0,1
"Chenopodiastrum murale","(L.) S.Fuentes, Uotila & Borsch","Native",1,0,0
"Chenopodium album","L.","Native",1,1,1
"Chionanthus ramiflorus","Roxb.","Native",0,0,1
"Chloris barbata","Sw.","Native",1,0,0
"Chromolaena odorata","(L.) R.M.King & H.Rob.","Introduced",1,1,0
"Chrysojasminum humile","(L.) Banfi","Native",0,1,1
"Chrysopogon aciculatus","(Retz.) Trin.","Native",1,0,0
"Chrysopogon fulvus","(Spreng.) Chiov.","Native",1,1,0
"Chrysopogon serrulatus","Trin.","Native",0,0,1
"Cinnamomum tamala","(Buch.-Ham.) T.Nees & C.H.Eberm.","Native",0,0,1
"Circaea alpina","L.","Native",0,0,1
"Cirsium argyracanthum","DC.","Native",0,1,0
"Cirsium arvense","(L.) Scop.","Native",1,0,0
"Cirsium falconeri","(Hook.f.) Petr.","Native",0,0,1
"Cirsium wallichii","DC.","Native",1,1,0
"Cissampelos pareira","L.","Native",1,1,1
"Cissus repanda","(Wight & Arn.) Vahl","Native",1,0,0
"Clematis barbellata","Edgew.","Native",0,0,1
"Clematis buchananiana","DC.","Native",1,1,1
"Clematis gouriana","Roxb. ex DC.","Native",1,0,0
"Clematis grata","Wall.","Native",0,1,0
"Clematis montana","Buch.-Ham. ex DC.","Native",0,1,1
"Cleome viscosa","L.","Native",1,0,0
"Clerodendrum indicum","(L.) Kuntze","Native",1,0,0
"Clerodendrum phlomidis","L.f.","Native",1,0,0
"Clintonia udensis","Trautv. & C.A.Mey.","Native",0,0,1
"Clitoria ternatea","L.","Introduced",1,0,0
"Coccinia grandis","(L.) Voigt","Native",1,0,0
"Cocculus hirsutus","(L.) W.Theob.","Native",1,0,0
"Cocculus laurifolius","DC.","Native",1,0,1
"Cochlospermum religiosum","(L.) Alston","Native",1,0,0
"Codonopsis viridis","Wall.","Native",0,0,1
"Colebrookea oppositifolia","Sm.","Native",1,1,1
"Colocasia esculenta","(L.) Schott","Native",1,0,0
"Comastoma tenellum","(Rottb.) Toyok.","Native",0,0,1
"Combretum indicum","(L.) DeFilipps","Native",1,0,0
"Commelina benghalensis","L.","Native",1,1,1
"Commelina paludosa","Blume","Native",0,1,0
"Commicarpus chinensis","(L.) Heimerl","Native",1,0,0
"Coniogramme affinis","Hieron.","Native",0,1,0
"Convolvulus arvensis","L.","Native",1,0,0
"Convolvulus prostratus","Forssk.","Native",1,0,0
"Corchorus aestuans","L.","Native",1,0,0
"Corchorus olitorius","L.","Native",1,0,0
"Cordia dichotoma","G.Forst.","Native",1,0,0
"Cordia macleodii","(Griff.) Hook.f. & Thomson","Native",1,0,0
"Cordia myxa","L.",NA,0,0,1
"Cordia vestita","(A.DC.) Hook.f. & Thomson","Native",1,0,0
"Cordiofontis flexuosa","(Royle ex Lindl.) G.L.Nesom","Native",0,1,1
"Cordiofontis peduncularis","(Wall. ex Nees) G.L.Nesom","Native",0,0,1
"Coriaria napalensis","Wall.","Native",1,0,1
"Coriaria nepalensis","Wall.","Native",0,1,0
"Cornus capitata","Wall.","Native",0,1,0
"Cornus macrophylla","Wall.","Native",0,0,1
"Corydalis govaniana","Wall.","Native",0,0,1
"Corydalis thyrsiflora","Prain","Native",0,0,1
"Corydalis vaginans","Royle","Native",0,0,1
"Corylus jacquemontii","Decne.","Native",0,0,1
"Corymbia citriodora","(Hook.) K.D.Hill & L.A.S.Johnson","Introduced",1,0,0
"Cotinus coggygria","Scop.","Native",0,1,0
"Cotoneaster acuminatus","Lindl.","Native",0,0,1
"Cotoneaster affinis","Lindl.","Native",0,1,1
"Cotoneaster hedegaardii","J.Fryer & B.Hylmö","Native",0,0,1
"Cotoneaster integrifolius","(Roxb.) G.Klotz","Native",0,0,1
"Cotoneaster microphyllus","Wall. ex Lindl.","Native",0,1,1
"Cotoneaster roseus","Edgew.","Native",0,0,1
"Craniotome furcata","(Link) Kuntze","Native",0,1,1
"Crateva magna","(Lour.) DC.","Native",1,0,0
"Crepidium acuminatum","(D.Don) Szlach.","Native",0,1,1
"Crotalaria albida","B.Heyne ex Roth","Native",1,0,0
"Crotalaria cytisoides","Roxb. ex DC.","Native",0,1,0
"Crotalaria hirta","Willd.","Native",1,0,0
"Crotalaria juncea","L.","Native",1,0,0
"Crotalaria medicaginea","Lam.","Native",1,0,0
"Crotalaria prostrata","Rottler ex Willd.","Native",1,0,0
"Crotalaria spectabilis","Roth","Native",1,0,0
"Croton bonplandianus","Baill.","Introduced",1,0,0
"Crucihimalaya stricta","(Cambess.) Al-Shehbaz, O'Kane & R.A.Price","Native",0,0,1
"Cryptolepis buchananii","R.Br. ex Roem. & Schult.","Native",1,0,1
"Cryptostegia grandiflora","Roxb. ex R.Br.","Introduced",1,0,0
"Cucumis maderaspatanus","L.","Native",1,0,0
"Cucumis sativus","L.","Native",1,0,0
"Cupressus torulosa","D.Don ex Lamb.","Native",0,0,1
"Curculigo orchioides","Gaertn.","Native",1,0,0
"Cuscuta campestris","Yunck.","Introduced",0,1,0
"Cuscuta reflexa","Roxb.","Native",1,1,0
"Cyanotis vaga","(Lour.) Schult. & Schult.f.","Native",0,1,0
"Cyanthillium cinereum","(L.) H.Rob.","Native",1,0,0
"Cyathocline purpurea","(Buch.-Ham. ex D.Don) Kuntze","Native",1,0,1
"Cyathula capitata","Moq.","Native",0,0,1
"Cyathula tomentosa","(Schult.) Moq.","Native",0,1,1
"Cyclospermum leptophyllum","(Pers.) Sprague ex Britton & P.Wilson","Introduced",1,0,0
"Cymbalaria muralis","G.Gaertn., B.Mey. & Scherb.","Introduced",0,1,0
"Cymbopogon citratus","(DC.) Stapf","Native",1,0,0
"Cymbopogon martini","(Roxb.) W.Watson","Native",1,0,0
"Cynodon dactylon","(L.) Pers.","Native",1,0,1
"Cynoglossum amabile","Stapf & J.R.Drumm.",NA,0,0,1
"Cynoglossum lanceolatum","Forssk.","Native",1,0,0
"Cynoglossum microglochin","Benth.","Native",0,0,1
"Cynoglossum officinale","L.",NA,0,0,1
"Cynoglossum wallichii","G.Don","Native",0,1,1
"Cynoglossum zeylanicum","(Sw. ex Lehm.) Thunb. ex Brand","Native",1,0,1
"Cyperus compressus","L.","Native",1,0,0
"Cyperus cuspidatus","Kunth","Native",1,0,0
"Cyperus distans","L.f.","Native",1,0,0
"Cyperus dubius","Rottb.","Native",1,0,0
"Cyperus laevigatus","L.","Native",1,0,0
"Cyperus michelianus","(L.) Delile","Native",1,0,0
"Cyperus niveus","Retz.","Native",0,1,1
"Cyperus rotundus","L.","Native",1,1,0
"Cypripedium cordigerum","D.Don","Native",0,0,1
"Cypripedium himalaicum","Rolfe","Native",0,0,1
"Dactyloctenium aegyptium","(L.) Willd.","Native",1,0,0
"Dactylorhiza hatagirea","(D.Don) Soó","Native",0,0,1
"Dalbergia lanceolaria","L.f.","Native",1,0,0
"Dalbergia sissoo","Roxb. ex DC.","Native",1,1,0
"Daphne papyracea","Wall. ex G.Don","Native",0,1,1
"Dasiphora fruticosa","(L.) Rydb.","Native",0,1,1
"Datura innoxia","Mill.","Introduced",1,0,0
"Datura metel","L.","Introduced",1,0,0
"Datura stramonium","L.","Introduced",1,1,0
"Debregeasia longifolia","(Burm.f.) Wedd.","Native",1,0,0
"Debregeasia saeneb","(Forssk.) Hepper & J.R.I.Wood","Native",0,1,0
"Decalepidanthus racemosus","(Royle ex Benth.) Dickoré & Hilger","Native",0,0,1
"Deeringia amaranthoides","(Lam.) Merr.","Native",1,0,0
"Delonix regia","(Bojer ex Hook.) Raf.","Introduced",1,0,0
"Delphinium denudatum","Wall. ex Hook.f. & Thomson","Native",0,0,1
"Delphinium vestitum","Wall. ex Royle","Native",0,0,1
"Dendrocalamus strictus","(Roxb.) Nees","Native",1,0,0
"Dendrophthoe falcata","(L.f.) Ettingsh.","Native",1,0,0
"Desmodiastrum racemosum","(Benth.) A.Pramanik & Thoth.",NA,0,1,0
"Desmodium hookerianum","D.Dietr.",NA,0,1,0
"Deutzia corymbosa","R.Br. ex G.Don","Native",0,1,1
"Deutzia staminea","R.Br. ex Wall.","Native",0,1,1
"Dichanthium annulatum","(Forssk.) Stapf","Native",1,1,0
"Dichrocephala integrifolia","(L.f.) Kuntze","Native",0,0,1
"Dichrostachys cinerea","(L.) Wight & Arn.","Native",1,0,0
"Dicliptera bupleuroides","Nees","Native",1,1,0
"Dicliptera chinensis","(L.) Juss.","Native",1,0,0
"Dicliptera chinensis","(L.) Juss.",NA,0,1,0
"Dicliptera paniculata","(Forssk.) I.Darbysh.","Native",1,1,0
"Dicliptera riparia","Nees",NA,1,0,0
"Dienia cylindrostachya","Lindl.","Native",0,0,1
"Digera muricata","(L.) Mart.","Native",1,0,0
"Digitalis purpurea","L.",NA,0,1,0
"Digitaria abludens","(Roem. & Schult.) Veldkamp","Native",1,0,0
"Digitaria cruciata","(Nees ex Steud.) E.G.Camus & A.Camus","Native",0,0,1
"Digitaria sanguinalis","(L.) Scop.","Native",1,0,0
"Digitaria stricta","Roth","Native",1,0,0
"Dinetus racemosus","(Roxb.) Sweet","Native",1,0,0
"Dioscorea alata","L.","Native",1,0,0
"Dioscorea belophylla","(Prain) Voigt ex Haines","Native",1,0,0
"Dioscorea bulbifera","L.","Native",0,1,0
"Dioscorea deltoidea","Wall. ex Griseb.","Native",0,0,1
"Dioscorea kamoonensis","Kunth","Native",0,1,0
"Dioscorea melanophyma","Prain & Burkill","Native",0,0,1
"Dioscorea pentaphylla","L.","Native",1,0,0
"Dioscorea pubera","Blume","Native",0,1,0
"Diospyros chloroxylon","Roxb.","Native",1,0,0
"Diospyros melanoxylon","Roxb.","Native",1,0,0
"Diospyros montana","Roxb.","Native",1,0,0
"Diospyros montana","Roxb.",NA,0,0,1
"Diplazium esculentum","(Retz.) Sw.","Native",0,1,0
"Diplocyclos palmatus","(L.) C.Jeffrey","Native",1,1,0
"Dipsacus inermis","Wall.","Native",0,0,1
"Disporum cantoniense","(Lour.) Merr.","Native",0,1,1
"Dodonaea viscosa","Jacq.","Native",1,1,0
"Dolomiaea macrocephala","DC. ex Royle","Native",0,0,1
"Drepanostachyum falcatum","(Nees) Keng f.","Native",0,1,1
"Drimia indica","(Roxb.) Jessop","Native",1,0,0
"Drosera lunata","Buch.-Ham. ex DC.","Native",0,1,1
"Drymaria cordata","(L.) Willd. ex Schult.","Introduced",1,0,0
"Dryopteris cochleata","(D.Don) C.Chr.","Native",1,0,0
"Dryopteris nigropaleacea","(Fraser-Jenk.) Fraser-Jenk.","Native",0,1,0
"Dryopteris panda","(C.B.Clarke) C.Chr.","Native",0,1,0
"Duhaldea cappa","(Buch.-Ham. ex D.Don) Pruski & Anderb.","Native",1,1,0
"Duhaldea cuspidata","(DC.) Anderb.","Native",1,1,0
"Dumasia villosa","DC.","Native",0,1,0
"Duranta erecta","L.","Introduced",1,0,0
"Echinochloa colonum","(L.) Link","Native",1,1,1
"Echinochloa crus-galli","(L.) P.Beauv.","Native",0,0,1
"Echinocystis lobata","(Michx.) Torr. & A.Gray",NA,0,1,0
"Eclipta prostrata","(L.) L.","Introduced",1,0,0
"Ehretia aspera","Willd.","Native",1,0,0
"Elaeagnus umbellata","Thunb.","Native",0,1,1
"Elaeocarpus serratus","L.","Native",1,0,0
"Eleocharis congesta","D.Don","Native",0,0,1
"Eleocharis palustris","(L.) Roem. & Schult.","Native",0,0,1
"Elsholtzia ciliata","(Thunb.) Hyl.","Native",0,0,1
"Elsholtzia eriostachya","(Benth.) Benth.","Native",0,0,1
"Elsholtzia fruticosa","(D.Don) Rehder","Native",0,0,1
"Elsholtzia strobilifera","(Benth.) Benth.","Native",0,0,1
"Elymus longearistatus","(Boiss.) Tzvelev","Native",0,0,1
"Elymus semicostatus","(Steud.) Melderis","Native",0,0,1
"Emilia sonchifolia","(L.) DC.","Native",1,0,0
"Engelhardia spicata","Lechen ex Blume","Native",1,1,0
"Epilobium amurense","Hausskn.","Native",0,1,0
"Epilobium brevifolium","D.Don","Native",0,0,1
"Epilobium cylindricum","D.Don","Native",0,0,1
"Epilobium latifolium","L.","Native",0,0,1
"Epilobium laxum","Royle","Native",0,0,1
"Epilobium royleanum","Hausskn.","Native",0,0,1
"Epipactis helleborine","(L.) Crantz","Native",0,1,1
"Epipactis royleana","Lindl.","Native",0,1,1
"Equilabium molle","(Aiton) Mwany. & A.J.Paton","Native",1,1,0
"Eragrostis atrovirens","(Desf.) Trin. ex Steud.","Native",1,0,0
"Eragrostis pilosa","(L.) P.Beauv.","Native",0,0,1
"Eragrostis unioloides","(Retz.) Nees ex Steud.","Native",1,0,0
"Eragrostis viscosa","(Retz.) Trin.","Native",1,0,0
"Eranthemum pulchellum","Andrews","Native",1,0,0
"Eremogone festucoides","(Benth.) Pusalkar & D.K.Singh","Native",0,0,1
"Erigeron acris","L.","Native",0,1,0
"Erigeron annuus","(L.) Desf","Introduced",0,1,0
"Erigeron canadensis","L.","Introduced",1,0,0
"Erigeron emodi","I.M.Turner","Native",0,1,0
"Erigeron multiradiatus","(Lindl. ex DC.) Benth. & Hook.f.","Native",0,0,1
"Erigeron uniflorus","L.","Native",0,0,1
"Eriocapitella rivularis","(Buch.-Ham. ex DC.) Christenh. & Byng","Native",0,1,1
"Eriocapitella vitifolia","(Buch.-Ham. ex DC.) Nakai","Native",0,1,1
"Erioscirpus comosus","(Wall.) Palla","Native",1,1,0
"Erodium cicutarium","(L.) L'Hér.","Native",0,0,1
"Erysimum virgatum","Roth","Native",0,0,1
"Erythrina suberosa","Roxb.","Native",1,0,0
"Erythrina variegata","L.","Native",1,0,0
"Eschenbachia japonica","(Thunb.) J.Kost.","Native",1,1,0
"Eschenbachia stricta","(Willd.) Raizada","Native",1,0,0
"Eucalyptus camaldulensis","Dehnh.","Introduced",1,0,0
"Eucalyptus crebra","F.Muell.","Introduced",1,0,0
"Eucalyptus tereticornis","Sm.","Introduced",1,0,0
"Eulalia hirtifolia","(Hack.) Kuntze","Native",0,1,0
"Eulalia mollis","(Griseb.) Kuntze","Native",0,1,0
"Eulaliopsis binata","(Retz.) C.E.Hubb.","Native",1,0,0
"Euonymus echinatus","Wall.","Native",0,0,1
"Euonymus fimbriatus","Wall.","Native",0,0,1
"Euonymus hamiltonianus","Wall.","Native",0,0,1
"Euonymus lucidus","D.Don","Native",0,1,1
"Euonymus tingens","Wall.","Native",0,1,1
"Euphorbia cashmeriana","Royle","Native",1,0,0
"Euphorbia clarkeana","Hook.f.","Native",1,0,0
"Euphorbia cornigera","Boiss.","Native",0,1,1
"Euphorbia dracunculoides","Lam.","Native",1,0,0
"Euphorbia helioscopia","L.","Native",0,1,0
"Euphorbia heterophylla","L.","Introduced",1,0,0
"Euphorbia hirta","L.","Introduced",1,0,0
"Euphorbia indica","Lam.","Native",1,0,1
"Euphorbia jacquemontii","Boiss.","Native",0,0,1
"Euphorbia maddenii","Boiss.","Native",0,0,1
"Euphorbia neriifolia","L.","Native",1,0,0
"Euphorbia prolifera","Buch.-Ham. ex D.Don","Native",0,1,0
"Euphorbia pseudosikkimensis","(Hurus. & Yu.Tanaka) Radcl.-Sm.","Native",0,0,1
"Euphorbia pulcherrima","Willd. ex Klotzsch","Introduced",1,0,0
"Euphorbia royleana","Boiss.","Native",1,1,0
"Euphorbia stracheyi","Boiss.","Native",0,0,1
"Euphorbia thymifolia","L.","Introduced",1,0,0
"Euploca strigosa","(Willd.) Diane & Hilger","Native",1,0,0
"Eurya acuminata","DC.","Native",0,1,0
"Evolvulus alsinoides","(L.) L.","Native",1,0,0
"Evolvulus nummularius","(L.) L.","Introduced",1,0,0
"Evotrochis floribunda","(Wall.) Fırat & Lidén","Native",0,0,1
"Fagopyrum cymosum","(Trevir.) Meisn.","Native",0,1,0
"Fagopyrum esculentum","Moench","Introduced",0,0,1
"Falconeria insignis","Royle","Native",1,0,0
"Fernandoa adenophylla","(Wall. ex G.Don) Steenis","Native",1,0,0
"Festuca kashmiriana","Stapf","Native",0,0,1
"Festuca valesiaca","Schleich. ex Gaudin","Native",0,0,1
"Ficus auriculata","Lour.","Native",1,1,0
"Ficus benghalensis","L.","Native",1,0,0
"Ficus carica","L.","Native",0,1,0
"Ficus hispida","L.f.","Native",1,0,0
"Ficus neriifolia","Sm.","Native",0,1,1
"Ficus palmata","Forssk.","Native",0,1,1
"Ficus racemosa","L.","Native",1,0,0
"Ficus religiosa","L.","Native",1,0,0
"Ficus religiosa","L.",NA,0,0,1
"Ficus sarmentosa","Buch.-Ham. ex Sm.","Native",0,1,1
"Ficus semicordata","Buch.-Ham. ex Sm.","Native",0,0,1
"Filipendula vestita","(Wall. ex G.Don) Maxim.","Native",0,0,1
"Fimbristylis dichotoma","(L.) Vahl","Native",1,0,0
"Fimbristylis quinquangularis","(Vahl) Kunth","Native",1,0,0
"Fimbristylis rigidula","Nees","Native",0,1,0
"Firmiana fulgens","(Wall. ex Mast.) K.Schum.","Native",1,0,0
"Flacourtia indica","(Burm.f.) Merr.","Native",1,1,0
"Flacourtia jangomas","(Lour.) Raeusch.","Introduced",1,0,0
"Flemingia bracteata","(Roxb.) Wight","Native",1,0,0
"Flemingia fruticulosa","Wall. ex Benth.","Native",0,1,0
"Flemingia semialata","Roxb. ex W.T.Aiton","Native",1,0,0
"Flemingia strobilifera","(L.) W.T.Aiton","Native",1,1,0
"Flueggea virosa","(Roxb. ex Willd.) Royle","Native",1,0,0
"Fragaria nilgerrensis","Schltdl. ex J.Gay","Native",1,0,0
"Fragaria nubicola","(Lindl. ex Hook.f.) Lacaita","Native",1,1,1
"Fraxinus micrantha","Lingelsh.","Native",0,1,0
"Fritillaria cirrhosa","D.Don","Native",0,0,1
"Fumaria indica","(Hausskn.) Pugsley","Native",1,0,0
"Fumaria parviflora","Lam.",NA,0,1,0
"Gagea lutea","(L.) Ker Gawl.","Native",0,1,1
"Gagea serotina","(L.) Ker Gawl.","Native",0,0,1
"Galactia striata","(Jacq.) Urb.","Native",1,0,0
"Galinsoga parviflora","Cav.","Introduced",1,1,0
"Galium acutum","Edgew.","Native",0,1,0
"Galium aparine","L.","Native",1,1,0
"Galium asperifolium","Wall.","Native",0,1,0
"Galium asperuloides","Edgew.","Native",0,0,1
"Galium elegans","Wall.","Native",0,1,0
"Galium spurium","L.","Native",1,0,0
"Galium triflorum","Michx.","Native",0,1,0
"Garuga pinnata","Roxb.","Native",1,0,0
"Gaultheria trichophylla","Royle","Native",0,0,1
"Gentiana argentea","(Royle ex D.Don) Royle ex D.Don","Native",0,0,1
"Gentiana pedicellata","(D.Don) Griseb.","Native",1,0,1
"Gentianopsis paludosa","(Hook.f.) Ma","Native",0,0,1
"Geranium himalayense","Klotzsch","Native",0,1,0
"Geranium lucidum","L.","Native",1,0,1
"Geranium mascatense","Boiss.","Native",1,0,0
"Geranium nepalense","Sweet","Native",0,1,0
"Geranium ocellatum","Jacquem. ex Cambess.","Native",1,1,0
"Geranium pusillum","L.","Native",0,1,0
"Geranium robertianum","L.","Native",0,0,1
"Geranium wallichianum","D.Don ex Sweet","Native",0,1,1
"Geum elatum","Wall. ex G.Don","Native",0,0,1
"Girardinia diversifolia","(Link) Friis","Native",0,1,0
"Glochidion heyneanum","(Wight & Arn.) Wight","Native",1,1,0
"Gloriosa superba","L.","Native",1,0,0
"Gmelina arborea","Roxb. ex Sm.","Native",1,0,0
"Gnaphalium polycaulon","Pers.","Native",1,0,0
"Gonostegia triandra","(Blume) Miq.","Native",0,1,0
"Goodyera biflora","(Lindl.) Hook.f.","Native",0,1,1
"Goodyera fusca","(Lindl.) Hook.f.","Native",0,0,1
"Goodyera repens","(L.) R.Br.","Native",0,1,1
"Gossypium arboreum","L.","Native",1,0,0
"Grangea maderaspatana","(L.) Poir.","Native",1,0,0
"Grevillea robusta","A.Cunn. ex R.Br.","Introduced",1,0,0
"Grewia eriocarpa","Juss.","Native",1,0,0
"Grewia hirsuta","Vahl","Native",1,0,0
"Grewia optiva","J.R.Drumm. ex Burret","Native",1,1,0
"Grewia tenax","(Forssk.) Fiori","Native",1,0,0
"Grewia tiliifolia","Vahl","Native",1,0,0
"Griffitharia lanata","(D.Don) Rushforth","Native",0,1,1
"Grona heterocarpos","(L.) H.Ohashi & K.Ohashi","Native",1,0,0
"Grona triflora","(L.) H.Ohashi & K.Ohashi","Native",1,1,0
"Guilandina bonduc","L.","Native",1,0,0
"Gymnosporia royleana","Wall. ex M.A.Lawson","Native",1,0,0
"Habenaria commelinifolia","(Roxb.) Wall. ex Lindl.","Native",0,0,1
"Habenaria intermedia","D.Don","Native",0,1,1
"Habenaria marginata","Colebr.","Native",0,1,1
"Habenaria pectinata","D.Don","Native",0,1,1
"Habenaria plantaginea","Lindl.","Native",1,0,0
"Hackelia uncinata","(Royle ex Benth.) C.E.C.Fisch.","Native",0,0,1
"Halenia elliptica","D.Don","Native",0,0,1
"Hedera helix","L.",NA,0,1,0
"Hedera nepalensis","K.Koch","Native",0,1,1
"Hedychium spicatum","Sm.","Native",0,1,1
"Hedysarum microcalyx","Baker","Native",0,0,1
"Helicteres isora","L.","Native",1,0,0
"Helinus lanceolatus","Brandis","Native",1,0,0
"Heliotropium indicum","L.",NA,0,1,0
"Hellenia speciosa","(J.Koenig) S.R.Dutta","Native",1,0,0
"Hemerocallis lilioasphodelus","L.","Native",0,1,0
"Hemidesmus indicus","(L.) R.Br.","Native",1,0,0
"Hemionitis albomarginata","(C.B.Clarke) Christenh.","Native",0,1,0
"Hemiphragma heterophyllum","Wall.","Native",0,0,1
"Hemipilia chusua","(D.Don) Y.Tang & H.Peng","Native",0,0,1
"Henckelia bifolia","(D.Don) A.Dietr.","Native",0,1,1
"Heracleum candicans","Wall. ex DC.","Native",0,1,1
"Herminium clavigerum","(Lindl.) X.H.Jin, Schuit., Raskoti & Lu Q.Huang","Native",0,0,1
"Herminium edgeworthii","(Hook.f. ex Collett) X.H.Jin, Schuit., Raskoti & Lu Q.Huang","Native",0,0,1
"Herminium elisabethae","(Duthie) Tang & F.T.Wang","Native",0,0,1
"Herminium josephi","Rchb.f.","Native",0,0,1
"Herminium lanceum","(Thunb. ex Sw.) Vuijk","Native",0,1,0
"Herminium monorchis","(L.) R.Br.","Native",0,0,1
"Heteropogon contortus","(L.) P.Beauv. ex Roem. & Schult.","Native",1,1,0
"Hibiscus lobatus","(Murray) Kuntze","Native",1,0,0
"Hibiscus micranthus","L.f.","Native",1,0,0
"Himalayacalamus falconeri","(Hook.f. ex Munro) Keng f.","Native",0,0,1
"Himalrandia tetrasperma","(Wall. ex Roxb.) T.Yamaz.","Native",1,1,1
"Hippolytia longifolia","(Rech.f.) C.Shih","Native",0,1,1
"Holarrhena pubescens","Wall. ex G.Don","Native",1,0,0
"Holmskioldia sanguinea","Retz.","Native",1,0,0
"Holoptelea integrifolia","(Roxb.) Planch.","Native",1,0,0
"Hygrophila auriculata","(Schumach.) Heine","Native",1,0,0
"Hylodesmum podocarpum","(DC.) H.Ohashi & R.R.Mill","Native",1,0,0
"Hylotelephium ewersii","(Ledeb.) H.Ohba","Native",0,0,1
"Hymenidium brunonis","(DC.) Lindl.","Native",0,0,1
"Hymenidium stellatum","(D.Don) Pimenov & Kljuykov","Native",0,0,1
"Hymenodictyon orixense","(Roxb.) Mabb.","Native",1,0,0
"Hymenolaena candollei","DC.","Native",0,0,1
"Hypericum androsaemum","L.",NA,0,1,0
"Hypericum choisyanum","Wall. ex N.Robson","Native",0,0,1
"Hypericum dyeri","Rehder","Native",0,1,1
"Hypericum elodeoides","Choisy","Native",0,0,1
"Hypericum oblongifolium","Choisy","Native",1,1,1
"Hypericum perforatum","L.","Native",0,0,1
"Hypertelis cerviana","(L.) Thulin","Native",1,0,0
"Hypodematium crenatum","(Forssk.) Kuhn","Native",1,0,0
"Hypoxis aurea","Lour.","Native",0,0,1
"Ichnocarpus frutescens","(L.) W.T.Aiton","Native",1,0,0
"Ilex dipyrena","Wall.","Native",0,1,1
"Impatiens amplexicaulis","Edgew.","Native",0,0,1
"Impatiens arguta","Hook.f. & Thomson",NA,0,1,0
"Impatiens arguta","Hook.f. & Thomson","Native",0,0,1
"Impatiens balsamina","L.","Native",1,0,0
"Impatiens balsamina","L.","Introduced",0,1,0
"Impatiens brachycentra","Kar. & Kir.","Native",0,0,1
"Impatiens devendrae","Pusalkar","Native",0,1,1
"Impatiens glandulifera","Royle","Native",0,0,1
"Impatiens glauca","Hook.f. & Thomson","Native",0,0,1
"Impatiens laxiflora","Edgew.","Native",0,1,1
"Impatiens racemosa","DC.","Native",0,0,1
"Impatiens scabrida","DC.","Native",1,1,0
"Impatiens sulcata","Wall.","Native",0,1,1
"Impatiens tricornis","Lindl.","Native",0,0,1
"Impatiens urticifolia","Wall.",NA,0,0,1
"Indigofera angulosa","Edgew.","Native",1,0,0
"Indigofera astragalina","DC.","Native",1,0,0
"Indigofera atropurpurea","Buch.-Ham. ex Hornem.","Native",1,0,1
"Indigofera cassioides","Rottler ex DC.","Native",1,1,1
"Indigofera cordifolia","B. Heyne ex Roth","Native",1,0,0
"Indigofera dosua","Buch.-Ham. ex D.Don","Native",0,1,1
"Indigofera exilis","Grierson & D.G.Long","Native",0,0,1
"Indigofera hebepetala","Benth. ex Baker","Native",0,0,1
"Indigofera heterantha","Wall. ex Brandis","Native",0,1,1
"Indigofera linifolia","(L.f.) Retz.","Native",1,0,0
"Indigofera tsiangiana","Metcalf","Native",1,0,0
"Ipomoea cairica","(L.) Sweet","Native",1,0,0
"Ipomoea carnea","Jacq.","Introduced",1,0,0
"Ipomoea eriocarpa","R.Br.","Native",1,0,0
"Ipomoea hederifolia","L.","Introduced",1,0,0
"Ipomoea muricata","(L.) Jacq.","Introduced",1,0,0
"Ipomoea pes-tigridis","L.","Native",1,0,0
"Ipomoea purpurea","(L.) Roth","Introduced",0,1,0
"Ipomoea quamoclit","L.","Introduced",1,0,0
"Iris decora","Wall.","Native",0,1,0
"Iris kemaonensis","Wall. ex D.Don","Native",0,0,1
"Isodon coetsa","(Buch.-Ham. ex D.Don) Kudô","Native",1,0,0
"Isodon lophanthoides","(Buch.-Ham. ex D.Don) H.Hara","Native",0,1,0
"Isodon rugosus","(Wall. ex Benth.) Codd","Native",0,1,1
"Isodon wightii","(Benth.) H.Hara",NA,0,1,0
"Jacaranda mimosifolia","D.Don","Introduced",0,1,0
"Jacobaea analoga","(DC.) Veldkamp","Native",0,1,1
"Jacobaea nudicaulis","(Buch.-Ham. ex D.Don) B.Nord.","Native",1,1,0
"Jaeschkea canaliculata","(Royle ex G.Don) Knobl.","Native",0,0,1
"Jasminum arborescens","Roxb.","Native",1,0,0
"Jasminum multiflorum","(Burm.f.) Andrews","Native",1,0,0
"Jasminum nepalense","Spreng.","Native",1,0,0
"Jasminum officinale","L.","Native",0,1,0
"Jasminum sambac","(L.) Aiton","Native",1,0,0
"Jatropha curcas","L.","Introduced",1,0,0
"Jatropha gossypiifolia","L.","Introduced",1,0,0
"Juglans regia","L.","Native",0,1,1
"Juncus bufonius","L.","Native",1,0,0
"Juncus concinnus","D.Don","Native",0,0,1
"Juncus himalensis","Klotzsch","Native",0,0,1
"Juncus thomsonii","Buchenau","Native",0,0,1
"Juniperus recurva","Buch.-Ham. ex D.Don","Native",0,0,1
"Jurinea auriculata","(DC.) N.Garcia, Herrando & Susanna","Native",0,0,1
"Jurinea heteromalla","(D.Don) N.Garcia, Herrando & Susanna","Native",1,0,0
"Justicia adhatoda","L.","Native",1,1,1
"Justicia brandegeeana","Wassh. & L.B.Sm.","Introduced",1,0,0
"Justicia micrantha","Wall. ex C.B.Clarke","Native",1,0,0
"Kalanchoe fedtschenkoi","Raym.-Hamet & H.Perrier","Introduced",1,0,0
"Kalanchoe integra","(Medik.) Kuntze","Native",0,1,1
"Kalanchoe pinnata","(Lam.) Pers.","Introduced",1,0,0
"Klasea pallida","(DC.) Holub","Native",1,0,0
"Koeleria spicata","(L.) Barberá, Quintanar, Soreng & P.M.Peterson","Native",0,0,1
"Koenigia delicatula","(Meisn.) H.Hara","Native",0,0,1
"Koenigia filicaulis","(Wall. ex Meisn.) Hedberg","Native",0,0,1
"Koenigia mollis","(D.Don) T.M.Schust. & Reveal","Native",0,0,1
"Koenigia polystachya","(Wall. ex Meisn.) T.M.Schust. & Reveal","Native",0,0,1
"Koenigia rumicifolia","(Royle ex Bab.) T.M.Schust. & Reveal","Native",0,0,1
"Kohautia aspera","(B.Heyne ex Roth) Bremek.","Native",1,0,0
"Kohautia coccinea","Royle","Native",0,1,0
"Kydia calycina","Roxb.","Native",1,0,0
"Lagerstroemia parviflora","Roxb.","Native",0,1,0
"Lamium album","L.","Native",0,1,1
"Lannea coromandelica","(Houtt.) Merr.","Native",1,1,0
"Lantana camara","L.","Introduced",1,1,0
"Lathraea squamaria","L.","Native",0,1,0
"Lathyrus aphaca","L.","Native",1,1,0
"Lathyrus emodi","(Wall. ex Fritsch) Fritsch ex T.Durand & B.D.Jacks.","Native",0,0,1
"Lathyrus sativus","L.","Introduced",1,0,0
"Lathyrus sphaericus","Retz.","Native",1,0,0
"Launaea intybacea","(Jacq.) Beauverd","Native",1,0,0
"Launaea nudicaulis","(L.) Hook.f.","Native",1,0,0
"Launaea procumbens","(Roxb.) Ramayya & Rajagopal","Native",1,0,0
"Lawsonia inermis","L.","Native",1,0,0
"Lecanthus peduncularis","(Royle) Wedd.","Native",0,1,1
"Leea asiatica","(L.) Ridsdale","Native",1,0,1
"Leea macrophylla","Roxb. ex Hornem.","Native",1,0,0
"Leonotis nepetifolia","(L.) R.Br.","Native",1,0,0
"Leonurus cardiaca","L.","Introduced",0,0,1
"Lepidagathis cristata","Willd.","Native",1,0,0
"Lepidagathis cuspidata","Nees","Native",1,0,0
"Lepidagathis fasciculata","(Retz.) Nees","Native",1,0,0
"Lepidagathis incurva","Buch.-Ham. ex D.Don","Native",1,0,0
"Lepidagathis purpuricaulis","Nees","Native",1,0,0
"Lepidium didymum","L.","Introduced",1,0,0
"Lepidium sativum","L.","Native",1,1,0
"Lepisorus nudus","(Hook.) Ching","Native",0,1,0
"Leptodermis lanceolata","Wall.","Native",1,1,0
"Leptodesmia microphylla","(Thunb.) H.Ohashi & K.Ohashi","Native",0,1,0
"Leptopus cordifolius","Decne.","Native",1,1,0
"Leptorhabdos parviflora","(Benth.) Benth.","Native",0,0,1
"Lepyrodiclis holosteoides","(C.A.Mey.) Fenzl ex Fisch. & C.A.Mey.","Native",0,0,1
"Lespedeza cuneata","(Dum.Cours.) G.Don","Native",0,1,0
"Lespedeza gerardiana","Wall. ex Maxim.","Native",0,1,0
"Lespedeza juncea","(L.f.) Pers.","Native",1,0,0
"Leucaena leucocephala","(Lam.) de Wit","Introduced",1,0,0
"Leucanthemum vulgare","Lam.","Introduced",0,1,0
"Leucas cephalotes","(Roth) Spreng.","Native",1,0,1
"Leucas decemdentata","(Willd.) Sm.","Native",1,0,0
"Leucas lanata","Benth.","Native",1,1,1
"Leucomeris spectabilis","D.Don","Native",1,0,0
"Leucosyke puya","(Hook.) den Baaker & Mabb.","Native",1,0,0
"Leycesteria formosa","Wall.","Native",0,0,1
"Ligularia amplexicaulis","DC.","Native",0,0,1
"Ligusticopsis wallichiana","(DC.) Pimenov & Kljuykov","Native",0,0,1
"Limonia acidissima","L.","Native",1,0,0
"Limonia acidissima","L.",NA,0,0,1
"Lindelofia longiflora","(DC.) Baill.","Native",0,0,1
"Lindenbergia indica","(L.) Vatke","Native",1,1,0
"Lindenbergia macrostachya","(Benth.) Benth.","Native",1,0,0
"Lindenbergia muraria","(Roxb. ex D.Don) Brühl","Native",1,0,0
"Lindera pulcherrima","(Nees) Benth. ex Hook.f.","Native",0,1,0
"Liparis odorata","(Willd.) Lindl.","Native",0,1,0
"Litsea glutinosa","(Lour.) C.B.Rob.","Native",1,0,0
"Litsea monopetala","(Roxb.) Pers.","Native",0,0,1
"Lobelia alsinoides","Lam.","Native",1,0,0
"Lobelia heyneana","Schult.","Native",1,0,0
"Lolium temulentum","L.","Native",1,0,0
"Lonicera acuminata","Wall.","Native",0,0,1
"Lonicera angustifolia","Wall. ex DC.","Native",0,1,1
"Lonicera asperifolia","(Decne.) Hook.f. & Thomson","Native",0,0,1
"Lonicera caucasica","Pall.","Native",0,0,1
"Lonicera hispida","Pall. ex Schult.","Native",0,0,1
"Lonicera hypoleuca","Decne.","Native",0,0,1
"Lonicera obovata","Royle ex Hook.f. & Thomson","Native",0,0,1
"Lonicera quinquelocularis","Hardw.","Native",0,1,1
"Lonicera webbiana","Wall. ex DC.","Native",0,0,1
"Luffa acutangula","(L.) Roxb.","Native",1,0,0
"Lycium edgeworthii","Dunal","Native",1,0,0
"Lyonia ovalifolia","(Wall.) Drude","Native",0,1,1
"Lysimachia arvensis","(L.) U.Manns & Anderb.","Introduced",1,0,0
"Lysimachia arvensis","(L.) U.Manns & Anderb.","Native",0,1,0
"Lysimachia chenopodioides","Watt ex Hook.f.","Native",0,0,1
"Machilus duthiei","King ex Hook.f.","Native",0,1,0
"Machilus odoratissimus","Nees","Native",0,1,1
"Macrotyloma uniflorum","(Lam.) Verdc.","Native",1,0,0
"Madhuca longifolia","(L.) J.F.Macbr.","Native",1,0,0
"Maianthemum purpureum","(Wall.) LaFrankie","Native",0,0,1
"Malaxis muscifera","(Lindl.) Kuntze","Native",0,1,1
"Mallotus philippensis","(Lam.) Müll.Arg.","Native",1,1,0
"Malva neglecta","Wallr.","Native",0,0,1
"Malva parviflora","L.","Introduced",1,0,0
"Malva verticillata","L.","Native",0,1,0
"Malvastrum coromandelianum","(L.) Garcke","Introduced",1,1,0
"Mangifera indica","L.","Introduced",1,0,0
"Manilkara hexandra","(Roxb.) Dubard","Native",1,0,0
"Marsdenia roylei","Wight","Native",0,1,1
"Martynia annua","L.","Introduced",1,0,0
"Mazus pumilus","(Burm.f.) Steenis","Native",1,0,1
"Mazus surculosus","D.Don","Native",0,1,0
"Meconopsis aculeata","Royle","Native",0,0,1
"Medicago lupulina","L.","Native",1,0,0
"Medicago monantha","(C.A.Mey.) Trautv.","Native",1,0,0
"Medicago polymorpha","L.","Native",1,0,0
"Melaleuca viminalis","(Sol. ex Gaertn.) Byrnes","Introduced",1,0,0
"Melanoseris brunoniana","(Wall. ex DC.) N.Kilian & Ze H.Wang","Native",0,0,1
"Melanoseris macrorhiza","(Royle) N.Kilian","Native",0,0,1
"Melia azedarach","L.","Native",1,1,0
"Melilotus indicus","(L.) All.","Native",1,0,0
"Meliosma dilleniifolia","(Wall. ex Wight & Arn.) Walp.",NA,0,1,0
"Meliosma dilleniifolia","(Wall. ex Wight & Arn.) Walp.","Native",0,0,1
"Melocanna baccifera","(Roxb.) Kurz","Native",1,0,0
"Melochia corchorifolia","L.","Native",1,0,0
"Mentha longifolia","(L.) L.","Native",0,1,1
"Merremia hederacea","(Burm.f.) Hallier f.","Native",1,0,0
"Mesosphaerum suaveolens","(L.) Kuntze","Native",1,0,0
"Mesostemma latifolium","(Benth. ex G.Don) Ikonn.","Native",0,0,1
"Micranthes pallida","(Wall. ex Ser.) Losinsk.","Native",0,0,1
"Micromeria biflora","(Buch.-Ham. ex D.Don) Benth.","Native",1,1,1
"Milium effusum","L.","Native",0,0,1
"Miliusa velutina","(DC.) Hook.f. & Thomson","Native",1,0,0
"Millettia extensa","(Benth.) Benth. ex Baker","Native",1,0,0
"Mimosa pudica","L.","Introduced",1,1,0
"Mimosa rubicaulis","Lam.","Native",1,0,0
"Mirabilis jalapa","L.","Introduced",1,1,0
"Mitragyna parvifolia","(Roxb.) Korth.","Native",1,0,0
"Momordica charantia","L.","Native",1,0,0
"Morina longifolia","Wall. ex DC.","Native",0,0,1
"Moringa concanensis","Nimmo ex Dalzell & A.Gibson","Native",1,0,0
"Moringa oleifera","Lam.","Native",1,0,0
"Morus alba","L.","Introduced",1,1,0
"Mucuna pruriens","(L.) DC.","Native",1,0,0
"Muhlenbergia himalayensis","Hack. ex Hook.f.","Native",0,0,1
"Murdannia divergens","(C.B.Clarke) G.Brückn.","Native",0,1,0
"Murdannia nudiflora","(L.) Brenan","Native",1,0,0
"Musa× paradisiaca","L.","Introduced",1,0,0
"Myosotis sylvatica","Ehrh. ex Hoffm.","Native",0,0,1
"Myriactis nepalensis","Less.","Native",0,1,1
"Myrica esculenta","Buch.-Ham. ex D.Don","Native",0,1,0
"Myrsine africana","L.","Native",1,1,0
"Myrsine semiserrata","Wall.","Native",0,1,1
"Nanorrhinum ramosissimum","(Wall.) Betsche","Native",1,0,0
"Naringi crenulata","(Roxb.) Nicolson","Native",1,0,0
"Neanotis hirsuta","(L.f.) W.H.Lewis",NA,0,0,1
"Neolamarckia cadamba","(Roxb.) Bosser","Native",1,0,0
"Neolitsea cuipala","(D.Don) Kosterm.","Native",0,0,1
"Neolitsea pallens","(D.Don) Momiy. & H.Hara","Native",0,0,1
"Neolitsea umbrosa","(Nees) Gamble",NA,0,0,1
"Neottia listeroides","Lindl.","Native",0,0,1
"Nepeta ciliaris","Benth.","Native",1,0,0
"Nepeta connata","Royle ex Benth.","Native",0,0,1
"Nepeta erecta","(Royle ex Benth.) Benth.","Native",0,1,0
"Nepeta hindostana","(B.Heyne ex Roth) Haines","Native",1,0,0
"Nepeta laevigata","(D.Don) Hand.-Mazz.","Native",0,1,1
"Nepeta lamiopsis","Benth. ex Hook.f.","Native",0,0,1
"Nepeta podostachys","Benth.","Native",0,0,1
"Nerium oleander","L.","Native",1,0,0
"Nicandra physalodes","(L.) Gaertn.","Introduced",1,1,0
"Nicotiana plumbaginifolia","Viv.","Introduced",1,0,0
"Nicotiana rustica","L.","Introduced",1,0,0
"Nicotiana tabacum","L.","Introduced",1,0,0
"Nidorella aegyptiaca","(L.) J.C.Manning & Goldblatt","Native",0,0,1
"Noccaea cochleariformis","(DC.) Á.Löve & D.Löve","Native",0,0,1
"Nyctanthes arbor-tristis","L.","Native",1,0,0
"Ocimum americanum","L.","Native",1,0,0
"Ocimum gratissimum","L.","Native",1,0,0
"Ocimum tenuiflorum","L.","Native",1,1,1
"Oenothera rosea","L'Hér. ex Aiton","Introduced",0,1,0
"Oldenlandia corymbosa","L.","Native",1,0,0
"Onychium lucidum","(D.Don) Spreng.","Native",0,1,0
"Operculina turpethum","(L.) Silva Manso","Native",1,0,0
"Ophiopogon intermedius","D.Don","Native",0,0,1
"Oplismenus burmanni","(Retz.) P.Beauv.","Native",0,1,0
"Oplismenus compositus","(L.) P.Beauv.","Native",1,0,0
"Oplismenus undulatifolius","(Ard.) P.Beauv.","Native",1,0,1
"Opuntia dillenii","(Ker Gawl.) Haw.","Introduced",0,1,0
"Opuntia elatior","Mill.","Introduced",1,0,0
"Oreoseris gossypina","(Royle) X.D.Xu & V.A.Funk","Native",0,1,1
"Oreoseris nivea","DC.","Native",0,0,1
"Origanum vulgare","L.","Native",0,1,1
"Orobanche alba","Stephan ex Willd.","Native",1,1,1
"Oroxylum indicum","(L.) Kurz","Native",1,0,1
"Osmunda pilosa","Wall. ex Grev. & Hook.","Native",0,1,0
"Osyris lanceolata","Hochst. & Steud.","Native",0,1,0
"Ototropis multiflora","(DC.) H.Ohashi & K.Ohashi","Native",0,1,0
"Ougeinia oojeinensis","(Roxb.) Hochr.","Native",1,1,0
"Ouret sanguinolenta","(L.) Kuntze","Native",1,1,0
"Oxalis corniculata","L.","Introduced",1,1,0
"Oxalis debilis","Kunth","Introduced",0,1,0
"Oxalis dehradunensis","Raizada","Introduced",1,0,0
"Oxalis dehradunensis","Raizada",NA,0,1,0
"Oxyria digyna","(L.) Hill","Native",0,1,1
"Pachystoma pubescens","Blume","Native",1,0,0
"Papaver dubium","L.","Native",0,0,1
"Paris polyphylla","Sm.","Native",0,0,1
"Parnassia nubicola","Wall. ex Royle","Native",0,1,0
"Parthenium hysterophorus","L.","Introduced",1,1,0
"Parthenocissus semicordata","(Wall.) Planch.","Native",0,1,1
"Pecteilis susannae","(L.) Raf.",NA,0,1,0
"Pedicularis bicornuta","Klotzsch","Native",0,0,1
"Pedicularis bifida","(Buch.-Ham. ex D.Don) Pennell","Native",0,1,0
"Pedicularis gracilis","Wall. ex Benth.","Native",0,0,1
"Pedicularis hoffmeisteri","Klotzsch","Native",0,0,1
"Pedicularis longiflora","Rudolph","Native",0,0,1
"Pedicularis pectinata","Wall. ex Benth.","Native",0,0,1
"Pedicularis punctata","Decne.","Native",0,0,1
"Pedicularis pyramidata","Royle ex Benth.","Native",0,0,1
"Pedicularis siphonantha","D.Don","Native",0,0,1
"Pentanema divaricatum","Cass.","Native",1,0,0
"Pergularia daemia","(Forssk.) Chiov.","Native",1,0,0
"Persicaria barbata","(L.) H.Hara","Native",1,0,0
"Persicaria capitata","(Buch.-Ham. ex D.Don) H.Gross","Native",0,1,1
"Persicaria hydropiper","(L.) Delarbre","Native",0,1,0
"Persicaria nepalensis","(Meisn.) H.Gross","Native",0,0,1
"Persicaria posumbu","(Buch.-Ham. ex D.Don) H.Gross","Native",0,0,1
"Persicaria pubescens","(Blume) H.Hara","Native",0,1,0
"Phacelurus speciosus","(Steud.) C.E.Hubb.","Native",0,0,1
"Phalaris minor","Retz.","Native",1,0,0
"Phanera roxburghiana","(Voigt) Bandyop., Anand Kumar & Chakrab.","Native",1,0,0
"Phanera vahlii","(Wight & Arn.) Benth.","Native",1,1,0
"Phleum alpinum","L.","Native",0,0,1
"Phleum himalaicum","Mez","Native",0,0,1
"Phlogacanthus thyrsiformis","(Roxb. ex Hardw.) Mabb.","Native",1,0,0
"Phlomoides bracteosa","(Royle ex Benth.) Kamelin & Makhm.","Native",0,1,1
"Phlomoides macrophylla","(Benth.) Kamelin & Makhm.","Native",0,0,1
"Phoenix acaulis","Roxb.","Native",1,0,0
"Phoenix sylvestris","(L.) Roxb.","Native",1,0,0
"Phragmites karka","(Retz.) Trin. ex Steud.","Native",1,0,0
"Phyllanthus emblica","L.","Native",1,1,0
"Phyllanthus fraternus","G.L.Webster","Native",1,0,0
"Phyllanthus reticulatus","Poir.","Native",1,0,0
"Phyllanthus urinaria","L.","Native",1,0,0
"Phyllodium pulchellum","(L.) Desv.","Native",1,0,0
"Physalis angulata","L.","Introduced",1,0,0
"Physalis grisea","(Waterf.) M.Martínez",NA,1,0,0
"Physalis pruinosa","L.","Introduced",1,0,0
"Phytolacca acinosa","Roxb.","Native",0,0,1
"Picea smithiana","(Wall.) Boiss.","Native",0,1,1
"Picrorhiza kurroa","Royle ex Benth.","Native",0,0,1
"Pilea scripta","(Buch.-Ham. ex D.Don) Wedd.","Native",0,1,0
"Pilea umbrosa","Wedd. ex Blume","Native",0,0,1
"Pimpinella diversifolia","DC.","Native",0,0,1
"Pinus roxburghii","Sarg.","Native",1,1,1
"Pinus wallichiana","A.B.Jacks.","Native",0,1,1
"Piptanthus nepalensis","(Hook.) Sweet","Native",0,0,1
"Pistacia chinensis","Bunge","Native",1,1,0
"Pistacia khinjuk","Stocks","Native",1,0,0
"Pithecellobium dulce","(Roxb.) Benth.","Introduced",1,0,0
"Plantago depressa","Willd.","Native",0,1,1
"Plantago lanceolata","L.","Native",0,1,0
"Pleurolobus gangeticus","(L.) J.St.-Hil. ex H.Ohashi & K.Ohashi","Native",1,0,0
"Plumbago zeylanica","L.","Native",1,0,0
"Poa alpina","L.","Native",0,0,1
"Poa annua","L.","Native",1,0,0
"Poa nemoralis","L.","Native",0,1,1
"Poa stapfiana","Bor","Native",0,0,1
"Podophyllum hexandrum","Royle","Native",0,0,1
"Pogostemon benghalensis","(Burm.f.) Kuntze","Native",1,0,0
"Polemonium caeruleum","L.","Native",0,0,1
"Polygala abyssinica","R.Br. ex Fresen.","Native",0,0,1
"Polygala arvensis","Willd.","Native",1,0,0
"Polygala crotalarioides","Buch.-Ham. ex DC.","Native",0,0,1
"Polygala erioptera","DC.","Native",1,0,0
"Polygala persicariifolia","DC.","Native",1,0,0
"Polygala tatarinowii","Regel","Native",0,1,0
"Polygonatum cirrhifolium","(Wall.) Royle","Native",0,0,1
"Polygonatum geminiflorum","Decne.","Native",0,0,1
"Polygonatum verticillatum","(L.) All.","Native",0,0,1
"Polygonum aviculare","L.","Native",0,0,1
"Polygonum effusum","Meisn.","Native",0,0,1
"Polygonum paronychioides","C.A.Mey.","Native",0,0,1
"Polygonum plebeium","R.Br.","Native",1,0,0
"Polypogon monspeliensis","(L.) Desf.","Native",1,0,0
"Polystichum aculeatum","(L.) Roth","Native",0,0,1
"Polystichum neolobatum","Nakai","Native",0,1,0
"Polystichum squarrosum","(D.Don) Fée","Native",0,1,0
"Pongamia pinnata","(L.) Pierre","Native",1,0,0
"Populus ciliata","Wall. ex Royle","Native",0,1,0
"Poranopsis paniculata","(Roxb.) Roberty","Native",1,0,0
"Portulaca oleracea","L.","Introduced",1,0,0
"Potentilla atrosanguinea","G.Lodd.","Native",0,0,1
"Potentilla crantzii","(Crantz) Beck ex Fritsch","Native",0,0,1
"Potentilla eriocarpa","Wall. ex Lehm.","Native",0,0,1
"Potentilla gerardiana","Lindl. ex Lehm.","Native",0,0,1
"Potentilla indica","(Andrews) Th.Wolf","Native",1,1,1
"Potentilla nepalensis","Hook.","Native",0,0,1
"Potentilla saundersiana","Royle","Native",0,0,1
"Potentilla sundaica","(Blume) W.Theob.","Native",0,1,0
"Potentilla supina","L.","Native",0,0,1
"Pouzolzia rugulosa","(Wedd.) Acharya & Kravtsova","Native",1,0,0
"Pouzolzia sanguinea","(Blume) Merr.",NA,0,0,1
"Primula atrodentata","W.W.Sm.",NA,0,0,1
"Primula denticulata","Sm.","Native",0,1,1
"Primula glomerata","Pax",NA,0,0,1
"Primula matthioli","(L.) V.A.Richt.","Native",0,0,1
"Primula munroi","Lindl.","Native",0,0,1
"Primula petiolaris","Wall.","Native",0,0,1
"Primula reidii","Duthie","Native",0,0,1
"Prinsepia utilis","Royle","Native",0,1,1
"Prosopis chilensis","(Molina) Stuntz","Introduced",1,0,0
"Prosopis cineraria","(L.) Druce","Native",1,0,0
"Prosopis juliflora","(Sw.) DC.","Introduced",1,0,0
"Prunella vulgaris","L.","Native",0,0,1
"Prunus cerasoides","Buch.-Ham. ex D.Don","Native",0,1,1
"Prunus cornuta","(Wall. ex Royle) Steud.","Native",0,0,1
"Pseudocaryopteris bicolor","(Roxb. ex Hardw.) P.D.Cantino","Native",1,0,0
"Pseudoconyza viscosa","(Mill.) D'Arcy","Native",1,0,0
"Pseudognaphalium hypoleucum","(DC.) Hilliard & B.L.Burtt","Native",0,1,1
"Pseudognaphalium luteoalbum","(L.) Hilliard & B.L.Burtt","Native",1,0,1
"Psidium guajava","L.","Introduced",1,0,0
"Pteridium revolutum","(Blume) Nakai","Native",0,1,0
"Pteris cretica","L.","Native",0,1,0
"Pteris dactylina","Hook.","Native",0,1,0
"Pueraria tuberosa","(Roxb. ex Willd.) DC.","Native",1,1,0
"Punica granatum","L.","Introduced",1,1,0
"Pupalia lappacea","(L.) Juss.","Native",1,0,0
"Putranjiva roxburghii","Wall.","Native",1,0,0
"Pyracantha crenulata","(D.Don) M.Roem.","Native",0,1,1
"Pyrostegia venusta","(Ker Gawl.) Miers","Introduced",1,0,0
"Pyrus pashia","Buch.-Ham. ex D.Don","Native",1,1,1
"Quercus floribunda","Lindl. ex A.Camus","Native",0,1,1
"Quercus glauca","Thunb.","Native",0,1,1
"Quercus lanata","Sm.","Native",0,1,0
"Quercus leucotrichophora","A.Camus","Native",0,1,1
"Quercus semecarpifolia","Sm.","Native",0,0,1
"Ranunculus adoxifolius","Hand.-Mazz.","Native",0,0,1
"Ranunculus arvensis","L.","Native",1,0,0
"Ranunculus diffusus","DC.","Native",0,1,1
"Ranunculus distans","D.Don","Native",0,0,1
"Ranunculus hirtellus","Royle","Native",0,1,1
"Ranunculus pulchellus","Ledeb. ex Spreng.","Native",0,0,1
"Ranunculus sceleratus","L.","Native",1,0,1
"Ranunculus trichophyllus","Chaix","Native",0,0,1
"Raphanus raphanistrum","L.","Introduced",0,1,0
"Rauvolfia serpentina","(L.) Benth. ex Kurz","Native",1,0,0
"Reinwardtia indica","Dumort.","Native",1,1,0
"Remusatia pumila","(D.Don) H.Li & A.Hay","Native",0,1,1
"Remusatia vivipara","(Roxb.) Schott","Native",1,0,0
"Rhamnus procumbens","Edgew.",NA,0,0,1
"Rhamnus purpurea","Edgew.","Native",0,1,1
"Rhamnus triquetra","(Wall.) Brandis","Native",1,0,0
"Rhamnus virgata","Roxb.","Native",0,0,1
"Rheum moorcroftianum","Royle","Native",0,0,1
"Rheum webbianum","Royle","Native",0,0,1
"Rhodiola fastigiata","(Hook.f. & Thomson) S.H.Fu","Native",0,0,1
"Rhodiola heterodonta","(Hook.f. & Thomson) Boriss.","Native",0,0,1
"Rhodiola himalensis","(D.Don) S.H.Fu","Native",0,0,1
"Rhodiola sinuata","(Royle ex Edgew.) S.H.Fu","Native",0,1,1
"Rhodiola tibetica","(Hook.f. & Thomson) S.H.Fu","Native",0,0,1
"Rhodiola wallichiana","(Hook.) S.H.Fu","Native",0,0,1
"Rhododendron anthopogon","D.Don","Native",0,0,1
"Rhododendron arboreum","Sm.","Native",0,1,1
"Rhododendron barbatum","Wall. ex G.Don","Native",0,0,1
"Rhododendron campanulatum","D.Don","Native",0,0,1
"Rhododendron lepidotum","Wall. ex G.Don","Native",0,0,1
"Rhus chinensis","Mill.","Native",0,1,1
"Rhynchosia minima","(L.) DC.","Native",1,0,0
"Rhynchosia rothii","Benth. ex Aitch.","Native",0,1,0
"Ribes alpestre","Wall. ex Decne.","Native",0,0,1
"Ribes glaciale","Wall.","Native",0,0,1
"Ribes himalense","Royle ex Decne.","Native",0,0,1
"Ribes orientale","Desf.","Native",0,0,1
"Ricinus communis","L.","Introduced",1,1,0
"Robinia pseudoacacia","L.","Introduced",0,1,0
"Rosa brunonii","Lindl.","Native",0,1,1
"Rosa macrophylla","Lindl.","Native",0,1,1
"Rosa moschata","Herrm.","Introduced",1,1,0
"Rosa sericea","Lindl.","Native",0,0,1
"Roscoea alpina","Royle","Native",0,0,1
"Roscoea purpurea","Sm.","Native",0,1,1
"Rostellularia mollissima","(Nees) Nees","Native",1,1,1
"Rostellularia procumbens","(L.) Nees","Native",0,1,0
"Rostellularia quinqueangularis","(J.Koenig ex Roxb.) Nees","Native",1,0,0
"Rosularia adenotricha","(Wall. ex Edgew.) C.-A.Jansson","Native",0,0,1
"Rosularia rosulata","(Edgew.) H.Ohba","Native",0,0,1
"Rotala rotundifolia","(Buch.-Ham. ex Roxb.) Koehne","Native",0,0,1
"Roylea cinerea","(D.Don) Baill.","Native",1,0,0
"Rubia cordifolia","L.","Native",0,1,0
"Rubus biflorus","Buch.-Ham. ex Sm.","Native",0,1,0
"Rubus ellipticus","Sm.","Native",1,1,1
"Rubus niveus","Thunb.","Native",0,1,1
"Rubus paniculatus","Sm.","Native",0,1,1
"Ruellia prostrata","Poir.","Native",1,0,0
"Rumex acetosa","L.","Native",0,0,1
"Rumex chalepensis","Mill.","Native",0,0,1
"Rumex dentatus","L.","Native",1,1,0
"Rumex hastatus","D.Don","Native",1,1,1
"Rumex nepalensis","Spreng.","Native",0,1,1
"Rungia pectinata","(L.) Nees","Native",1,0,0
"Russelia equisetiformis","Schltdl. & Cham.","Introduced",1,0,0
"Saccharum spontaneum","L.","Native",1,0,1
"Salix alba","L.","Introduced",0,0,1
"Salix denticulata","Andersson","Native",0,0,1
"Salix flabellaris","Andersson","Native",0,0,1
"Salix lindleyana","Wall. ex Andersson","Native",0,0,1
"Salix tetrasperma","Roxb.",NA,0,1,0
"Salvia cana","Wall. ex Benth.","Native",0,1,1
"Salvia coccinea","Buc'hoz ex Etl.",NA,0,1,0
"Salvia glutinosa","L.",NA,0,1,0
"Salvia nubicola","Wall. ex Sweet","Native",0,1,0
"Salvia plebeia","R.Br.","Native",1,0,0
"Salvia strobilifera","(Benth.) J.G.González","Native",0,1,1
"Santalum album","L.","Introduced",1,0,0
"Sapindus emarginatus","Vahl","Native",1,0,0
"Sapindus mukorossi","Gaertn.","Native",1,0,0
"Sarcococca coriacea","(Hook.) Sweet","Native",0,1,0
"Sarcococca saligna","(D.Don) Müll.Arg.","Native",0,1,1
"Satyrium nepalense","D.Don","Native",0,1,1
"Sauromatum venosum","(Dryand. ex Aiton) Kunth","Native",1,0,0
"Saussurea candolleana","(DC.) Sch.Bip.","Native",0,0,1
"Saussurea piptathera","Edgew.","Native",0,0,1
"Saussurea taraxacifolia","(Lindl. ex Royle) Wall. ex DC.","Native",0,0,1
"Saxifraga brachypoda","D.Don","Native",0,0,1
"Saxifraga brunonis","Wall. ex Ser.","Native",0,0,1
"Saxifraga diversifolia","Wall. ex Ser.","Native",0,1,0
"Saxifraga moorcroftiana","(Ser.) Wall. ex Sternb.","Native",0,0,1
"Saxifraga mucronulata","Royle","Native",0,0,1
"Saxifraga parnassifolia","D.Don","Native",0,0,1
"Saxifraga sibirica","L.","Native",0,0,1
"Schisandra grandiflora","(Wall.) Hook.f. & Thomson","Native",0,0,1
"Schizotechium monospermum","(Buch.-Ham. ex D.Don) Pusalkar & S.K.Srivast.","Native",0,1,1
"Schleichera oleosa","(Lour.) Oken","Native",1,0,0
"Schoenoplectiella erecta","(Poir.) Lye","Native",1,0,0
"Schoenoplectiella juncoides","(Roxb.) Lye","Native",0,0,1
"Schoenoplectus lacustris","(L.) Palla","Native",1,0,0
"Scoparia dulcis","L.","Introduced",1,0,0
"Scurrula cordifolia","(Wall.) G.Don","Native",1,1,1
"Scutellaria grossa","Wall.","Native",0,1,0
"Scutellaria repens","Buch.-Ham. ex D.Don","Native",1,1,0
"Scutellaria scandens","D.Don","Native",0,0,1
"Scutellaria violacea","B.Heyne ex Benth.","Native",1,0,0
"Searsia parviflora","(Roxb.) F.A.Barkley","Native",1,1,1
"Sehima notata","(Hack.) A.Camus","Native",0,1,0
"Selinum vaginatum","(Edgew.) C.B.Clarke","Native",0,0,1
"Senegalia caesia","(L.) Maslin, Seigler & Ebinger","Native",1,0,0
"Senegalia catechu","(L.f.) P.J.H.Hurter & Mabb.","Native",1,1,0
"Senegalia modesta","(Wall.) P.J.H.Hurter","Native",1,0,0
"Senegalia pennata","(L.) Maslin","Native",1,0,0
"Senegalia torta","(Roxb.) Maslin, Seigler & Ebinger","Native",1,0,0
"Senna auriculata","(L.) Roxb.","Native",1,0,0
"Senna didymobotrya","(Fresen.) H.S.Irwin & Barneby","Introduced",1,0,0
"Senna occidentalis","(L.) Link","Introduced",1,0,0
"Senna polyphylla","(Jacq.) H.S.Irwin & Barneby",NA,1,0,0
"Senna septemtrionalis","(Viv.) H.S.Irwin & Barneby","Introduced",1,1,0
"Senna siamea","(Lam.) H.S.Irwin & Barneby","Introduced",1,0,0
"Senna sulfurea","(DC. ex Collad.) H.S.Irwin & Barneby","Native",1,0,0
"Senna tora","(L.) Roxb.","Introduced",1,0,0
"Sesamum indicum","L.","Native",1,0,0
"Seseli libanotis","(L.) W.D.J.Koch",NA,0,0,1
"Setaria flavida","(Retz.) Veldkamp","Native",1,0,0
"Setaria intermedia","Roem. & Schult.","Native",1,0,0
"Setaria palmifolia","(J.Koenig) Stapf","Native",1,0,1
"Setaria pumila","(Poir.) Roem. & Schult.","Native",0,0,1
"Setaria verticillata","(L.) P.Beauv.","Native",1,0,0
"Setaria viridis","(L.) P.Beauv.","Native",0,1,0
"Shorea robusta","C.F.Gaertn.","Native",1,1,0
"Shuteria involucrata","(Wall.) Wight & Arn. ex Walp.","Native",1,0,0
"Shuteria vestita","Wight & Arn.","Native",1,0,0
"Sibbaldia cuneata","Edgew.","Native",0,0,1
"Sibirotrisetum aeneum","(Hook.f.) Barberá","Native",0,0,1
"Sida acuta","Burm.f.","Native",1,0,0
"Sida cordata","(Burm.f.) Borss.Waalk.","Native",1,0,0
"Sida cordifolia","L.","Native",1,0,0
"Sida rhombifolia","L.","Native",1,0,0
"Sigesbeckia orientalis","L.","Native",1,1,0
"Silene conoidea","L.","Native",1,0,0
"Silene edgeworthii","Bocquet","Native",0,1,1
"Silene indica","Roxb. ex Otth","Native",0,0,1
"Silene laxantha","Majumdar","Native",0,0,1
"Silene setaesperma","Majumdar","Native",0,0,1
"Silene viscosa","(L.) Pers.","Native",0,0,1
"Silene vulgaris","(Moench) Garcke","Native",0,0,1
"Sisymbrium irio","L.","Native",1,1,0
"Skimmia laureola","(DC.) Decne.","Native",0,0,1
"Smilax aspera","L.","Native",0,1,0
"Smilax elegans","Wall. ex Kunth","Native",0,1,1
"Smilax vaginata","Decne.","Native",0,0,1
"Smilax zeylanica","L.","Native",1,0,0
"Smithia ciliata","Royle","Native",1,0,0
"Sohmaea laxiflora","(DC.) H.Ohashi & K.Ohashi","Native",1,0,0
"Solanum americanum","Mill.","Introduced",1,0,0
"Solanum capsicoides","All.",NA,1,0,0
"Solanum erianthum","D.Don","Introduced",1,0,0
"Solanum incanum","L.","Native",1,0,0
"Solanum incanum","L.",NA,0,1,0
"Solanum insanum","L.","Native",1,0,0
"Solanum nigrum","L.","Native",1,1,1
"Solanum pseudocapsicum","L.","Introduced",0,1,1
"Solanum viarum","Dunal","Introduced",1,0,0
"Solanum violaceum","Ortega","Native",1,0,0
"Solanum virginianum","L.","Native",1,1,1
"Solena amplexicaulis","(Lam.) Gandhi","Native",1,0,0
"Solena amplexicaulis","(Lam.) Gandhi",NA,0,0,1
"Solena heterophylla","Lour.","Native",1,0,0
"Solidago virgaurea","L.","Native",0,0,1
"Sonchus asper","(L.) Hill","Native",1,1,0
"Sonchus brachyotus","DC.","Native",1,0,0
"Sonchus oleraceus","L.","Introduced",1,0,0
"Sonchus wightianus","DC.","Native",0,1,0
"Sophora mollis","(Royle) Graham ex Baker","Native",0,0,1
"Sopubia trifida","Buch.-Ham. ex D.Don","Native",0,1,0
"Sorbaria tomentosa","(Lindl.) Rehder","Native",0,0,1
"Sorbus foliolosa","(Wall.) Spach","Native",0,0,1
"Sorbus microphylla","(Wall. ex Hook.f.) Wenz.","Native",0,0,1
"Sorghum halepense","(L.) Pers.","Native",1,0,0
"Spergula arvensis","L.","Native",1,0,0
"Spermacoce articularis","L.f.","Native",1,0,0
"Spermacoce pusilla","Wall.","Native",1,0,0
"Spermacoce verticillata","L.","Native",1,0,0
"Spermadictyon suaveolens","Roxb.","Native",1,0,0
"Sphaeranthus indicus","L.","Native",1,0,0
"Spiraea canescens","D.Don","Native",0,0,1
"Spiraea cantoniensis","Lour.",NA,1,0,0
"Spiraea vacciniifolia","D.Don","Native",0,1,0
"Spiranthes australis","(R.Br.) Lindl.","Native",0,0,1
"Spiranthes spiralis","(L.) Chevall.","Native",0,0,1
"Spondias pinnata","(L.f.) Kurz","Native",1,0,0
"Sporobolus diandrus","(Retz.) P.Beauv.","Native",1,0,0
"Sporobolus fertilis","(Steud.) Clayton","Native",0,1,0
"Stachys splendens","Wall. ex Benth.","Native",0,0,1
"Staphylea emodi","Wall. ex Brandis","Native",0,0,1
"Stellaria aquatica","(L.) Scop.","Native",0,0,1
"Stellaria media","(L.) Vill.","Native",1,1,1
"Stephania japonica","(Thunb.) Miers","Native",1,0,0
"Stephania rotunda","Lour.","Native",1,0,0
"Sterculia villosa","Roxb. ex Sm.","Native",1,0,0
"Stereospermum chelonoides","(L.f.) DC.","Native",1,0,0
"Streblus asper","Lour.","Native",1,0,1
"Strobilanthes atropurpurea","Nees","Native",0,1,1
"Strobilanthes attenuata","(Wall. ex Nees) Jacq. ex Nees","Native",0,0,1
"Strobilanthes hirta","(Vahl) Blume","Native",1,0,0
"Strobilanthes parvifolia","J.R.I.Wood",NA,1,0,0
"Strobilanthes pavala","(Roxb.) J.R.I.Wood","Native",1,0,0
"Strobilanthes pentastemonoides","(Nees) T.Anderson","Native",0,1,0
"Strobilanthes tomentosa","(Nees) J.R.I.Wood","Native",1,1,0
"Strobilanthes wallichii","Nees","Native",0,1,1
"Sunhangia elegans","(DC.) H.Ohashi & K.Ohashi","Native",0,1,1
"Swertia alata","(D.Don ex G.Don) Royle ex C.B.Clarke","Native",0,1,0
"Swertia alternifolia","Royle","Native",0,0,1
"Swertia angustifolia","Buch.-Ham. ex D.Don","Native",1,1,0
"Swertia chirayita","(Roxb.) H.Karst.","Native",0,0,1
"Swertia cordata","(G.Don) Wall. ex C.B.Clarke","Native",1,1,1
"Swertia cuneata","D.Don","Native",0,0,1
"Swertia paniculata","Wall.","Native",0,1,1
"Swertia purpurascens","(D.Don) C.B.Clarke","Native",0,0,1
"Swertia racemosa","(Griseb.) Wall. ex C.B.Clarke",NA,0,0,1
"Swertia speciosa","D.Don","Native",0,0,1
"Swertia tetragona","Edgew.","Native",0,0,1
"Symplocos paniculata","(Thunb.) Miq.","Native",0,1,0
"Synotis alata","(Wall. ex DC.) C.Jeffrey & Y.L.Chen","Native",0,0,1
"Synotis cappa","(Buch.-Ham. ex D.Don) C.Jeffrey & Y.L.Chen","Native",0,0,1
"Synotis kunthiana","(Wall. ex DC.) C.Jeffrey & Y.L.Chen","Native",0,0,1
"Synotis rufinervis","(DC.) C.Jeffrey & Y.L.Chen","Native",0,0,1
"Syringa emodi","Wall. ex Royle","Native",0,0,1
"Syzygium cumini","(L.) Skeels","Native",1,1,0
"Tabernaemontana divaricata","(L.) R.Br. ex Roem. & Schult.","Native",1,0,0
"Tagetes erecta","L.",NA,0,1,0
"Tagetes minuta","L.","Introduced",1,1,1
"Tamarindus indica","L.","Introduced",1,0,0
"Taraxacum campylodes","G.E.Haglund","Introduced",1,0,0
"Taraxacum campylodes","G.E.Haglund",NA,0,1,0
"Taraxacum officinale","F.H.Wigg.","Introduced",0,1,1
"Taverniera cuneifolia","(Roth) Arn.","Native",1,0,0
"Taxus wallichiana","Zucc.","Native",0,1,1
"Tectona grandis","L.f.","Native",1,0,0
"Tephrosia purpurea","(L.) Pers.","Native",1,0,1
"Tephrosia strigosa","(Dalzell) Santapau & Maheshw.","Native",1,0,0
"Terminalia anogeissiana","Gere & Boatwr.","Native",1,1,0
"Terminalia arjuna","(Roxb. ex DC.) Wight & Arn.","Native",1,0,0
"Terminalia bellirica","(Gaertn.) Roxb.","Native",1,1,0
"Terminalia catappa","L.","Native",1,0,0
"Terminalia chebula","Retz.","Native",1,1,0
"Terminalia elliptica","Willd.","Native",1,1,0
"Terminalia pendula","(Edgew.) Gere & Boatwr.","Native",1,0,0
"Tetrastigma serrulatum","(Roxb.) Planch.","Native",0,0,1
"Teucrium quadrifarium","Buch.-Ham. ex D.Don","Native",1,1,0
"Thalictrum alpinum","L.","Native",0,0,1
"Thalictrum cultratum","Wall.","Native",0,0,1
"Thalictrum foetidum","L.","Native",0,1,0
"Thalictrum foliolosum","DC.","Native",1,1,1
"Thalictrum javanicum","Blume","Native",1,0,0
"Thalictrum minus","L.","Native",0,0,1
"Thalictrum pedunculatum","Edgew.","Native",0,0,1
"Thalictrum reniforme","Wall.","Native",0,0,1
"Thamnocalamus spathiflorus","(Trin.) Munro","Native",0,0,1
"Themeda anathera","(Nees ex Steud.) Hack.","Native",0,1,0
"Theropogon pallidus","(Wall. ex Kunth) Maxim.","Native",0,1,0
"Thlaspi arvense","L.","Native",0,0,1
"Thymus linearis","Benth.","Native",0,0,1
"Thymus mongolicus","(Ronniger) Ronniger",NA,0,1,0
"Tinospora cordifolia","(Willd.) Hook.f. & Thomson","Native",1,0,0
"Tinospora cordifolia","(Willd.) Hook.f. & Thomson",NA,0,1,0
"Toona ciliata","M.Roem.","Native",1,0,0
"Toona ciliata","M.Roem.",NA,0,1,1
"Toona sinensis","(A.Juss.) M.Roem.",NA,1,1,1
"Torenia cordifolia","Roxb.","Native",1,0,0
"Toxicodendron wallichii","(Hook.f.) Kuntze","Native",0,1,1
"Trema orientale","(L.) Blume","Native",1,0,0
"Trema politoria","(Planch.) Blume","Native",1,0,0
"Tribulus terrestris","L.","Native",1,0,0
"Trichodesma indicum","(L.) Sm.","Native",1,0,0
"Tricholepis elongata","DC.","Native",1,0,0
"Trichosanthes cucumerina","L.","Native",1,0,0
"Tridax procumbens","L.","Introduced",1,1,0
"Tridax procumbens","L.",NA,0,0,1
"Trifolium dubium","Sibth.","Introduced",1,0,1
"Trifolium pratense","L.","Native",0,0,1
"Trifolium repens","L.","Native",0,1,0
"Trigastrotheca pentaphylla","(L.) Thulin","Native",1,0,0
"Trigonella balansae","Boiss. & Reut.","Introduced",1,0,0
"Trigonella emodi","Benth.","Native",0,0,1
"Trigonella gracilis","Benth.","Native",0,0,1
"Trillium govanianum","Wall. ex D.Don","Native",0,0,1
"Tripidium bengalense","(Retz.) H.Scholz","Native",1,0,0
"Tripidium ravennae","(L.) H.Scholz","Native",1,0,0
"Tripidium rufipilum","(Steud.) Welker, Voronts. & E.A.Kellogg","Native",0,0,1
"Trisetum clarkei","(Hook.f.) R.R.Stewart","Native",0,0,1
"Triumfetta rhomboidea","Jacq.","Native",1,0,0
"Trollius acaulis","Lindl.","Native",0,0,1
"Typha elephantina","Roxb.","Native",1,0,0
"Ulmus villosa","Brandis ex Gamble","Native",0,1,0
"Uraria picta","(Jacq.) Desv. ex DC.","Native",1,0,0
"Urena lobata","L.","Native",1,0,0
"Urochloa distachyos","(L.) T.Q.Nguyen","Native",1,0,0
"Urochloa panicoides","P.Beauv.","Native",0,1,0
"Urochloa ramosa","(L.) T.Q.Nguyen","Native",1,0,0
"Urochloa villosa","(Lam.) T.Q.Nguyen","Native",0,0,1
"Urtica ardens","Link","Native",0,1,1
"Urtica dioica","L.","Native",1,1,1
"Vachellia farnesiana","(L.) Wight & Arn.","Introduced",1,0,0
"Vachellia leucophloea","(Roxb.) Maslin, Seigler & Ebinger","Native",1,0,0
"Vachellia nilotica","(L.) P.J.H.Hurter & Mabb.","Native",1,0,0
"Valeriana hardwickei","Wall.","Native",0,0,1
"Valeriana jatamansi","Jones ex Roxb.","Native",0,1,1
"Vallaris solanacea","(Roth ex Roem. & Schult.) Kuntze","Native",1,0,0
"Ventilago denticulata","Willd.","Native",1,0,0
"Verbascum coromandelianum","(Vahl) Hub.-Mor.","Native",1,0,0
"Verbascum thapsus","L.","Native",1,1,1
"Verbena bonariensis","L.","Introduced",0,0,1
"Veronica alpina","L.","Native",0,0,1
"Veronica biloba","Schreb. ex L.","Native",0,0,1
"Veronica laxa","Benth.","Native",0,0,1
"Veronica persica","Poir.","Introduced",0,1,0
"Viburnum coriaceum","Blume","Native",0,1,0
"Viburnum cotinifolium","D.Don","Native",0,1,1
"Viburnum cylindricum","Buch.-Ham. ex D.Don","Native",0,1,0
"Viburnum grandiflorum","Wall. ex DC.","Native",0,0,1
"Viburnum mullaha","Buch.-Ham. ex D.Don","Native",0,1,1
"Viburnum nervosum","D.Don","Native",0,0,1
"Vicatia coniifolia","DC.","Native",0,0,1
"Vicia hirsuta","(L.) Gray","Native",1,1,0
"Vicia lens","(L.) Coss. & Germ.","Native",1,0,0
"Vicia sativa","L.","Native",1,1,0
"Vicia tenera","Benth.","Native",0,0,1
"Vicoa indica","(L.) DC.","Native",1,0,0
"Vigna aconitifolia","(Jacq.) Maréchal","Native",1,0,0
"Vigna unguiculata","(L.) Walp.","Introduced",1,0,0
"Vinca major","L.","Native",0,1,0
"Vincetoxicum hirundinaria","Medik.","Native",0,1,0
"Vincetoxicum indicum","(Burm.f.) Mabb.","Native",1,0,0
"Viola betonicifolia","Sm.","Native",0,1,1
"Viola biflora","L.","Native",0,0,1
"Viola canescens","Wall.","Native",1,1,1
"Viola odorata","L.","Introduced",1,0,0
"Viola pilosa","Blume","Native",1,1,1
"Vitex negundo","L.","Native",1,1,1
"Vitis flexuosa","Thunb.","Native",1,0,0
"Wendlandia heynei","(Schult.) Santapau & Merchant","Native",1,0,0
"Wikstroemia canescens","Meisn.","Native",0,0,1
"Wikstroemia indica","(L.) C.A.Mey.","Native",0,1,0
"Withania somnifera","(L.) Dunal","Native",1,0,0
"Woodfordia fruticosa","(L.) Kurz","Native",1,1,0
"Woodsia elongata","Hook.","Native",0,1,0
"Wrightia arborea","(Dennst.) Mabb.","Native",1,0,0
"Wrightia tinctoria","(Roxb.) R.Br.","Native",1,0,0
"Wulfeniopsis amherstiana","(Benth.) D.Y.Hong","Native",0,0,1
"Xanthium strumarium","L.","Native",1,0,0
"Youngia japonica","(L.) DC.","Native",0,1,0
"Yushania anceps","(Mitford) W.C.Lin","Native",0,1,1
"Zanthoxylum armatum","DC.","Native",1,1,1
"Zea mays","L.","Introduced",1,0,0
"Zeuxine strateumatica","(L.) Schltr.","Native",1,0,0
"Zingiber officinale","Roscoe","Native",1,0,0
"Ziziphus jujuba","Mill.","Introduced",1,1,0
"Ziziphus mauritiana","Lam.","Native",1,0,0
"Ziziphus nummularia","(Burm.f.) Wight & Arn.","Native",1,0,0
"Ziziphus nummularia","(Burm.f.) Wight & Arn.",NA,0,1,0
"Ziziphus oenopolia","(L.) Mill.","Native",1,0,0
"Ziziphus oxyphylla","Edgew.","Native",0,1,0
"Ziziphus rugosa","Lam.","Native",1,0,0
"Ziziphus xylopyrus","(Retz.) Willd.","Native",1,0,0
"Zornia gibbosa","Span.","Native",1,0,0
